date,pm10,pm2_5,carbon_monoxide,nitrogen_dioxide,sulphur_dioxide,ozone,aerosol_optical_depth,dust,uv_index,us_aqi,european_aqi
2022-08-01,,,,,,,,,,,
2022-08-02,,,,,,,,,,,
2022-08-03,,,,,,,,,,,
2022-08-04,20.21578947368421,13.157894736842104,244.73684210526315,13.510526315789473,6.594736842105263,49.421052631578945,0.33210526315789474,3.473684210526316,1.6342105263157896,,
2022-08-05,11.133333333333333,7.7749999999999995,245.375,14.633333333333333,6.254166666666666,38.708333333333336,0.16083333333333333,0.0,1.3145833333333334,43.26315789473684,23.42105263157895
2022-08-06,7.766666666666667,5.441666666666666,194.91666666666666,10.954166666666666,4.295833333333333,37.208333333333336,0.08541666666666668,0.0,1.5625,27.208333333333332,16.0
2022-08-07,6.504166666666666,4.529166666666667,180.91666666666666,9.695833333333333,3.7875,42.208333333333336,0.10375000000000001,0.0,1.1187500000000001,22.208333333333332,16.916666666666668
2022-08-08,5.754166666666666,4.020833333333333,181.375,10.029166666666667,3.65,43.583333333333336,0.05125,0.0,1.0645833333333334,20.333333333333332,17.333333333333332
2022-08-09,4.541666666666667,3.15,141.66666666666666,6.616666666666667,2.5708333333333333,45.0,0.06999999999999999,0.0,0.6666666666666666,20.25,18.041666666666668
2022-08-10,7.4875,4.829166666666667,131.08333333333334,4.825,2.3958333333333335,50.0,0.17916666666666667,1.4166666666666667,1.3645833333333333,23.541666666666668,20.125
2022-08-11,6.825,4.579166666666667,153.5,7.2124999999999995,2.2666666666666666,41.125,0.10291666666666667,0.8333333333333334,0.8708333333333335,21.0,16.375
2022-08-12,6.829166666666667,4.4750000000000005,140.0,6.270833333333333,2.720833333333333,36.0,0.1775,0.7916666666666666,1.6083333333333334,19.208333333333332,14.458333333333334
2022-08-13,8.495833333333334,5.4125000000000005,154.70833333333334,7.558333333333334,3.3208333333333333,37.541666666666664,0.22208333333333333,1.6666666666666667,1.7541666666666667,20.333333333333332,15.25
2022-08-14,9.091666666666667,5.733333333333333,155.66666666666666,7.754166666666666,4.041666666666667,38.458333333333336,0.34125,1.9583333333333333,1.2708333333333333,23.375,15.5
2022-08-15,7.904166666666666,5.245833333333334,150.83333333333334,8.091666666666667,3.579166666666667,35.416666666666664,0.28833333333333333,0.875,1.4291666666666665,23.833333333333332,14.416666666666666
2022-08-16,7.704166666666667,5.195833333333334,149.29166666666666,7.470833333333334,2.920833333333333,30.458333333333332,0.22291666666666665,0.7083333333333334,1.2125000000000001,22.041666666666668,12.583333333333334
2022-08-17,7.941666666666666,5.2749999999999995,152.95833333333334,7.391666666666667,3.1875,30.375,0.23916666666666667,1.0833333333333333,1.7125000000000001,21.333333333333332,12.791666666666666
2022-08-18,14.887500000000001,8.833333333333334,155.25,6.9750000000000005,3.8333333333333335,34.583333333333336,0.33041666666666664,6.291666666666667,1.7437500000000001,27.458333333333332,15.833333333333334
2022-08-19,10.4,6.779166666666666,146.79166666666666,6.45,5.3999999999999995,33.666666666666664,0.24083333333333334,1.9583333333333333,1.8499999999999999,35.208333333333336,17.958333333333332
2022-08-20,10.5,6.875,142.375,6.408333333333334,5.541666666666667,33.791666666666664,0.25875,1.5416666666666667,1.7395833333333333,27.833333333333332,15.208333333333334
2022-08-21,11.483333333333334,7.379166666666666,154.20833333333334,7.675,5.879166666666666,33.958333333333336,0.43416666666666665,2.4166666666666665,1.6041666666666667,27.416666666666668,15.375
2022-08-22,10.133333333333333,6.570833333333333,171.08333333333334,9.475,3.8249999999999997,30.791666666666668,0.4091666666666667,1.9583333333333333,1.4104166666666667,32.625,16.166666666666668
2022-08-23,10.25,6.670833333333333,176.75,9.191666666666666,3.8708333333333336,33.625,0.34041666666666665,2.125,1.6958333333333335,25.5,14.875
2022-08-24,10.145833333333334,6.658333333333334,193.83333333333334,10.058333333333334,4.841666666666667,35.5,0.27166666666666667,1.625,1.8958333333333333,26.958333333333332,16.041666666666668
2022-08-25,14.674999999999999,9.291666666666666,218.66666666666666,11.216666666666667,6.4750000000000005,38.583333333333336,0.3016666666666667,3.1666666666666665,1.9770833333333335,31.666666666666668,18.708333333333332
2022-08-26,21.366666666666664,13.433333333333332,262.7083333333333,14.933333333333332,7.841666666666666,36.625,0.31958333333333333,5.0,1.9375,49.583333333333336,25.166666666666668
2022-08-27,31.554166666666664,19.054166666666667,283.8333333333333,16.079166666666666,11.779166666666667,47.125,0.425,8.333333333333334,1.90625,59.333333333333336,33.25
2022-08-28,36.083333333333336,22.016666666666666,306.1666666666667,15.8125,13.491666666666667,60.291666666666664,0.5416666666666666,8.333333333333334,1.73125,65.58333333333333,40.5
2022-08-29,52.8125,32.75,405.0416666666667,19.183333333333334,18.808333333333334,69.125,0.645,11.333333333333334,1.7583333333333335,84.5,61.5
2022-08-30,60.65416666666667,39.762499999999996,496.625,22.6875,14.445833333333333,61.833333333333336,0.7425,7.416666666666667,1.2708333333333333,108.375,71.04166666666667
2022-08-31,36.50416666666667,25.391666666666666,384.9583333333333,16.445833333333333,6.075,63.208333333333336,0.5425,1.0416666666666667,1.4229166666666666,90.95833333333333,64.91666666666667
2022-09-01,25.28333333333333,17.729166666666668,347.625,14.741666666666667,5.095833333333333,60.833333333333336,0.3179166666666667,0.0,1.3125,71.29166666666667,48.208333333333336
2022-09-02,27.241666666666664,19.054166666666667,377.0,18.304166666666667,4.920833333333333,58.0,0.24166666666666667,0.0,1.8166666666666667,61.333333333333336,35.875
2022-09-03,37.34166666666667,26.037499999999998,472.25,22.191666666666666,6.670833333333333,61.625,0.2966666666666667,0.0,2.0833333333333335,77.04166666666667,55.708333333333336
2022-09-04,22.775000000000002,15.833333333333334,346.2083333333333,15.775,7.641666666666667,62.041666666666664,0.3575,0.0,1.3333333333333333,64.16666666666667,40.541666666666664
2022-09-05,25.379166666666666,17.175,362.0416666666667,21.133333333333333,10.970833333333333,35.333333333333336,0.3779166666666667,0.7083333333333334,0.8624999999999999,57.916666666666664,31.458333333333332
2022-09-06,44.125,29.458333333333332,445.4583333333333,21.320833333333333,17.691666666666666,55.791666666666664,0.47583333333333333,1.625,1.34375,77.66666666666667,55.333333333333336
2022-09-07,27.337500000000002,18.879166666666666,358.3333333333333,16.099999999999998,6.320833333333333,54.833333333333336,0.39875,0.041666666666666664,1.1354166666666667,76.125,53.541666666666664
2022-09-08,31.070833333333336,21.65833333333333,371.2916666666667,17.583333333333332,5.5874999999999995,54.583333333333336,0.5187499999999999,0.125,0.8708333333333332,64.58333333333333,38.375
2022-09-09,20.579166666666666,14.4,300.8333333333333,11.758333333333333,2.891666666666667,67.20833333333333,0.32416666666666666,0.0,1.8979166666666665,64.16666666666667,39.75
2022-09-10,24.620833333333334,17.191666666666666,406.6666666666667,17.2375,7.154166666666666,57.458333333333336,0.31124999999999997,0.0,1.0666666666666667,60.166666666666664,33.875
2022-09-11,13.220833333333333,9.258333333333333,296.7083333333333,13.833333333333334,5.8875,58.791666666666664,0.19583333333333333,0.0,0.9291666666666667,45.958333333333336,27.541666666666668
2022-09-12,12.279166666666667,8.583333333333334,312.5416666666667,15.600000000000001,5.166666666666667,52.458333333333336,0.12375000000000001,0.0,0.6749999999999999,38.541666666666664,22.458333333333332
2022-09-13,7.816666666666666,5.391666666666667,214.125,9.116666666666667,3.725,45.916666666666664,0.10041666666666667,0.125,1.30625,32.458333333333336,19.125
2022-09-14,7.208333333333333,4.904166666666667,163.45833333333334,7.3,3.033333333333333,34.208333333333336,0.1325,0.3333333333333333,1.6479166666666665,19.0,13.958333333333334
2022-09-15,6.241666666666667,4.279166666666667,172.08333333333334,7.908333333333334,3.125,38.5,0.14875000000000002,0.125,1.575,20.333333333333332,15.458333333333334
2022-09-16,7.45,5.133333333333334,181.45833333333334,8.4125,3.733333333333333,39.375,0.18083333333333332,0.0,1.3583333333333334,19.625,15.791666666666666
2022-09-17,9.716666666666667,6.7124999999999995,213.70833333333334,10.9125,4.104166666666667,36.25,0.1875,0.125,1.3479166666666667,25.916666666666668,15.5
2022-09-18,13.700000000000001,9.174999999999999,218.25,11.129166666666668,4.820833333333334,38.708333333333336,0.20833333333333334,1.2916666666666667,1.5145833333333334,29.375,17.666666666666668
2022-09-19,23.5125,15.104166666666666,233.04166666666666,12.379166666666668,5.683333333333334,43.375,0.32083333333333336,4.166666666666667,1.6270833333333332,51.25,26.541666666666668
2022-09-20,26.229166666666668,16.391666666666666,221.70833333333334,11.570833333333333,7.125,50.0,0.3941666666666667,5.416666666666667,1.0875000000000001,58.125,31.75
2022-09-21,26.7375,17.145833333333332,250.16666666666666,13.745833333333332,8.766666666666667,49.416666666666664,0.5245833333333333,4.416666666666667,1.1083333333333332,60.375,33.791666666666664
2022-09-22,23.604166666666668,15.366666666666667,254.0,15.058333333333332,9.825000000000001,37.875,0.42791666666666667,2.9583333333333335,0.7166666666666667,59.916666666666664,33.208333333333336
2022-09-23,19.245833333333334,12.516666666666666,228.45833333333334,13.379166666666668,6.920833333333333,34.708333333333336,0.1875,2.4583333333333335,1.6187500000000001,54.541666666666664,28.333333333333332
2022-09-24,14.15,9.570833333333333,217.33333333333334,11.645833333333334,6.070833333333333,39.208333333333336,0.13958333333333334,0.75,1.7604166666666667,41.0,22.125
2022-09-25,20.837500000000002,14.1625,272.375,13.854166666666666,7.808333333333334,46.0,0.17500000000000002,0.5833333333333334,1.9104166666666667,44.458333333333336,24.166666666666668
2022-09-26,32.1875,21.645833333333332,349.9583333333333,21.004166666666666,10.758333333333333,43.958333333333336,0.23458333333333334,1.25,1.5833333333333333,65.75,39.791666666666664
2022-09-27,45.30416666666667,30.304166666666664,421.4166666666667,20.625,17.412499999999998,66.0,0.2758333333333333,1.0833333333333333,2.066666666666667,82.375,60.0
2022-09-28,46.15,30.849999999999998,422.3333333333333,19.974999999999998,17.591666666666665,71.70833333333333,0.40166666666666667,0.9166666666666666,1.7041666666666666,89.5,64.33333333333333
2022-09-29,41.0375,27.983333333333334,425.1666666666667,21.620833333333334,13.383333333333333,62.25,0.48875,0.75,1.2333333333333334,84.33333333333333,62.583333333333336
2022-09-30,54.79583333333333,38.05833333333333,550.125,23.245833333333334,11.258333333333333,80.125,0.595,0.5,1.3291666666666666,96.29166666666667,66.91666666666667
2022-10-01,56.90833333333333,39.43333333333333,528.0416666666666,21.129166666666666,15.65,86.66666666666667,0.7008333333333333,0.375,0.8604166666666667,111.0,71.83333333333333
2022-10-02,49.074999999999996,33.15833333333333,424.3333333333333,20.404166666666665,17.2375,75.20833333333333,0.5220833333333333,1.0,1.5270833333333333,98.875,67.91666666666667
2022-10-03,45.10833333333333,30.3125,402.9166666666667,21.120833333333334,20.495833333333334,63.791666666666664,0.41958333333333336,0.8333333333333334,1.7625,93.75,66.04166666666667
2022-10-04,49.00416666666666,33.1625,401.4583333333333,22.22083333333333,18.320833333333333,63.0,0.41958333333333336,1.3333333333333333,1.7083333333333333,89.375,64.375
2022-10-05,50.4,34.2875,446.125,22.90833333333333,16.8625,65.20833333333333,0.48208333333333336,1.4583333333333333,1.1937499999999999,99.41666666666667,68.25
2022-10-06,38.354166666666664,26.045833333333334,407.4166666666667,22.0125,16.4375,62.833333333333336,0.6675,1.4583333333333333,0.9375,91.0,65.16666666666667
2022-10-07,12.533333333333333,8.479166666666666,196.16666666666666,11.229166666666666,5.875,52.0,0.21625000000000003,0.25,0.7458333333333335,54.791666666666664,31.375
2022-10-08,17.212500000000002,11.529166666666667,240.125,12.058333333333332,5.2749999999999995,47.583333333333336,0.19958333333333333,0.4166666666666667,1.664583333333333,35.625,22.083333333333332
2022-10-09,32.300000000000004,22.212500000000002,439.0416666666667,21.945833333333336,8.691666666666666,42.5,0.17125,0.4583333333333333,1.9333333333333333,62.958333333333336,36.458333333333336
2022-10-10,50.35,34.84583333333333,537.5833333333334,25.329166666666666,12.237499999999999,57.0,0.4925,0.375,1.2395833333333333,88.08333333333333,62.625
2022-10-11,27.179166666666664,18.979166666666668,350.5,14.779166666666667,3.625,59.375,0.36041666666666666,0.0,1.0291666666666666,80.16666666666667,56.875
2022-10-12,20.379166666666666,14.245833333333332,297.125,12.208333333333334,2.308333333333333,58.666666666666664,0.24458333333333335,0.0,0.7083333333333334,57.375,31.75
2022-10-13,20.854166666666668,14.579166666666666,264.5,8.304166666666667,2.4375,72.0,0.28291666666666665,0.0,1.1375,54.958333333333336,31.333333333333332
2022-10-14,20.441666666666666,14.299999999999999,262.25,7.9875,2.85,75.625,0.32,0.0,1.0354166666666667,58.416666666666664,33.458333333333336
2022-10-15,33.19166666666667,23.15416666666667,328.0833333333333,10.958333333333334,6.9750000000000005,84.66666666666667,0.3125,0.3333333333333333,1.8083333333333333,59.833333333333336,40.541666666666664
2022-10-16,38.93333333333333,27.15833333333333,351.3333333333333,10.916666666666666,7.520833333333333,84.79166666666667,0.49500000000000005,0.5416666666666666,1.6145833333333333,80.58333333333333,60.666666666666664
2022-10-17,17.879166666666666,12.512500000000001,253.33333333333334,9.733333333333333,2.5541666666666667,65.875,0.2333333333333333,0.0,1.05,65.25,41.958333333333336
2022-10-18,33.637499999999996,23.520833333333332,527.5416666666666,21.47083333333333,5.758333333333333,64.29166666666667,0.22583333333333333,0.0,0.975,61.833333333333336,38.041666666666664
2022-10-19,41.637499999999996,29.145833333333332,667.5416666666666,30.545833333333334,9.233333333333333,58.583333333333336,0.3025,0.0,0.8458333333333333,86.83333333333333,63.291666666666664
2022-10-20,27.395833333333332,19.166666666666668,395.2083333333333,17.616666666666667,3.7375000000000003,67.54166666666667,0.3441666666666667,0.0,1.1187500000000001,72.66666666666667,49.375
2022-10-21,29.579166666666666,20.695833333333333,319.125,12.845833333333333,2.4499999999999997,67.875,0.4608333333333334,0.0,0.8166666666666668,62.875,37.041666666666664
2022-10-22,34.87083333333333,24.316666666666666,287.7083333333333,7.895833333333333,6.5125,92.125,0.49416666666666664,0.375,1.4229166666666666,71.29166666666667,50.458333333333336
2022-10-23,45.645833333333336,31.370833333333334,353.1666666666667,13.283333333333333,8.970833333333333,86.29166666666667,0.25708333333333333,2.5,1.8479166666666667,86.75,63.291666666666664
2022-10-24,62.14166666666667,42.65833333333333,605.5833333333334,23.066666666666666,9.408333333333333,76.04166666666667,0.30333333333333334,4.0,1.7354166666666666,102.95833333333333,69.29166666666667
2022-10-25,72.95416666666667,50.40833333333333,906.2916666666666,40.729166666666664,11.270833333333334,73.625,0.2783333333333333,2.9583333333333335,1.7979166666666666,128.20833333333334,77.375
2022-10-26,77.53750000000001,53.44583333333333,912.4166666666666,41.46666666666667,15.070833333333333,75.08333333333333,0.30041666666666667,2.0833333333333335,1.7458333333333333,149.58333333333334,85.33333333333333
2022-10-27,58.525,40.44583333333333,426.0,14.283333333333333,8.950000000000001,96.29166666666667,0.3354166666666667,2.2083333333333335,1.7208333333333332,117.91666666666667,74.08333333333333
2022-10-28,57.23333333333333,39.612500000000004,378.0,11.5,10.058333333333334,99.0,0.36333333333333334,2.0416666666666665,1.6895833333333332,112.5,72.45833333333333
2022-10-29,47.79583333333333,33.13333333333333,372.25,13.137500000000001,8.504166666666666,89.70833333333333,0.24958333333333335,1.5,1.8041666666666665,105.125,70.08333333333333
2022-10-30,49.97083333333333,34.4375,368.7083333333333,14.358333333333334,8.745833333333334,89.95833333333333,0.24541666666666664,3.25,1.7354166666666666,89.83333333333333,64.58333333333333
2022-10-31,74.30833333333334,51.145833333333336,421.75,13.270833333333334,10.258333333333333,97.66666666666667,0.46708333333333335,5.208333333333333,1.58125,120.54166666666667,75.04166666666667
2022-11-01,71.90416666666667,50.041666666666664,385.25,9.804166666666667,10.5,104.25,0.46416666666666667,2.5416666666666665,1.6145833333333333,140.95833333333334,81.375
2022-11-02,68.77083333333333,48.0875,369.375,9.320833333333333,9.791666666666666,102.375,0.4675,1.125,1.5583333333333333,133.125,78.95833333333333
2022-11-03,54.77916666666667,37.895833333333336,349.2083333333333,10.891666666666666,8.933333333333334,95.70833333333333,0.2704166666666667,2.5833333333333335,1.6479166666666665,120.0,74.83333333333333
2022-11-04,51.729166666666664,35.63333333333333,323.0,9.5375,10.5,96.79166666666667,0.2775,2.625,1.64375,98.58333333333333,67.83333333333333
2022-11-05,51.59583333333333,35.67916666666667,332.1666666666667,10.7125,11.304166666666667,93.91666666666667,0.25375,2.0833333333333335,1.6520833333333333,102.0,69.0
2022-11-06,51.875,35.67916666666667,389.5,14.329166666666666,9.475,88.75,0.28750000000000003,2.7916666666666665,1.6125,99.125,68.04166666666667
2022-11-07,64.675,44.25416666666666,553.7083333333334,22.025000000000002,8.270833333333334,82.625,0.3233333333333333,5.333333333333333,1.5854166666666665,110.54166666666667,71.75
2022-11-08,75.25833333333334,51.69583333333333,687.8333333333334,26.825,9.725,80.54166666666667,0.5420833333333334,5.25,1.46875,128.375,77.54166666666667
2022-11-09,72.32083333333334,49.99166666666667,593.0833333333334,23.90416666666667,9.375,82.625,0.5795833333333333,3.5416666666666665,1.3479166666666667,147.0,83.625
2022-11-10,58.92083333333333,40.90833333333333,365.4166666666667,10.954166666666666,10.075000000000001,98.95833333333333,0.3941666666666667,2.1666666666666665,1.4229166666666666,124.5,76.20833333333333
2022-11-11,63.40416666666667,44.15833333333333,353.875,9.279166666666667,11.908333333333333,103.625,0.49583333333333335,1.5833333333333333,1.3645833333333333,112.54166666666667,72.375
2022-11-12,74.21249999999999,51.76666666666667,369.0,8.566666666666666,11.858333333333334,99.29166666666667,0.5925,1.5833333333333333,1.3166666666666667,131.91666666666666,78.58333333333333
2022-11-13,83.8,58.52916666666667,434.625,13.629166666666668,9.920833333333333,90.5,0.5479166666666667,2.0416666666666665,1.3416666666666666,145.54166666666666,83.125
2022-11-14,80.07083333333334,55.975,529.25,16.129166666666666,12.387500000000001,88.75,0.5733333333333334,0.9166666666666666,1.3687500000000001,151.375,86.625
2022-11-15,87.52083333333333,61.07083333333333,585.4166666666666,20.599999999999998,10.7125,89.125,0.72125,1.5833333333333333,1.24375,151.08333333333334,86.29166666666667
2022-11-16,81.12916666666666,56.55833333333334,533.9583333333334,20.691666666666666,8.470833333333333,87.41666666666667,0.5170833333333333,2.0833333333333335,1.28125,153.16666666666666,89.125
2022-11-17,72.1875,50.074999999999996,377.8333333333333,11.2875,9.079166666666667,102.125,0.42333333333333334,3.5833333333333335,1.4416666666666667,144.83333333333334,82.83333333333333
2022-11-18,60.00833333333333,41.4375,371.6666666666667,14.491666666666667,8.204166666666667,92.25,0.35125,3.1666666666666665,1.4708333333333332,120.54166666666667,75.0
2022-11-19,73.83333333333333,51.416666666666664,346.6666666666667,9.725,9.325000000000001,96.16666666666667,0.4879166666666667,3.0833333333333335,1.3895833333333334,125.66666666666667,76.58333333333333
2022-11-20,64.4875,44.94583333333333,324.625,9.570833333333335,8.966666666666667,98.5,0.28833333333333333,1.9583333333333333,1.59375,138.16666666666666,80.58333333333333
2022-11-21,64.83749999999999,45.020833333333336,351.2083333333333,9.9125,10.174999999999999,107.04166666666667,0.28375,2.5416666666666665,1.5125,119.45833333333333,74.625
2022-11-22,78.05,54.275,556.375,16.55,12.25,100.75,0.37916666666666665,2.5416666666666665,1.4833333333333334,130.79166666666666,78.29166666666667
2022-11-23,80.53333333333333,55.74583333333334,608.5,21.6875,12.633333333333333,86.91666666666667,0.43375,2.875,1.4749999999999999,149.95833333333334,84.54166666666667
2022-11-24,86.8,59.550000000000004,575.8333333333334,18.608333333333334,10.3375,80.91666666666667,0.7245833333333334,1.4166666666666667,1.2479166666666666,152.04166666666666,87.625
2022-11-25,85.125,58.487500000000004,672.625,26.866666666666664,12.866666666666667,71.75,0.8854166666666666,0.20833333333333334,1.1,147.16666666666666,83.95833333333333
2022-11-26,108.27916666666665,74.425,819.5833333333334,37.49583333333333,16.3625,69.08333333333333,1.1370833333333332,0.625,0.8875000000000001,158.125,96.58333333333333
2022-11-27,136.06666666666666,93.62916666666666,1066.6666666666667,49.12083333333334,25.633333333333336,80.0,1.3495833333333334,0.75,0.5645833333333333,166.54166666666666,109.70833333333333
2022-11-28,89.10833333333333,61.90833333333333,860.8333333333334,38.833333333333336,22.575,75.875,0.5295833333333334,0.25,1.1375,162.58333333333334,103.45833333333333
2022-11-29,78.32916666666667,54.54583333333333,841.3333333333334,39.0,16.270833333333332,66.70833333333333,0.48416666666666663,0.3333333333333333,1.3499999999999999,138.125,81.20833333333333
2022-11-30,74.4875,51.800000000000004,504.125,20.745833333333334,10.883333333333333,82.45833333333333,0.5179166666666667,0.25,1.2916666666666667,148.375,84.0
2022-12-01,65.925,45.800000000000004,398.5416666666667,14.25,10.85,100.5,0.32208333333333333,0.25,1.3354166666666665,128.54166666666666,77.45833333333333
2022-12-02,95.29166666666667,66.075,628.375,21.675,14.995833333333332,107.79166666666667,0.5975,0.125,1.2020833333333332,144.33333333333334,83.83333333333333
2022-12-03,126.37916666666666,87.325,772.0416666666666,27.46666666666667,21.72083333333333,91.125,1.0025,0.0,1.0833333333333333,162.20833333333334,103.0
2022-12-04,122.60833333333333,84.7625,557.5,11.691666666666668,22.675,92.54166666666667,1.1475,0.0,0.9562499999999999,168.33333333333334,112.29166666666667
2022-12-05,110.49583333333334,76.45833333333333,552.5833333333334,17.683333333333334,14.054166666666667,88.54166666666667,1.2504166666666667,0.25,0.8666666666666667,161.29166666666666,101.5
2022-12-06,99.00833333333333,68.6125,556.7083333333334,17.875,13.716666666666667,87.95833333333333,1.095,0.0,1.0374999999999999,159.08333333333334,98.08333333333333
2022-12-07,90.3875,62.699999999999996,521.4166666666666,16.770833333333332,12.070833333333333,91.66666666666667,0.7637499999999999,0.125,1.2291666666666667,154.5,91.375
2022-12-08,107.55,74.49166666666666,488.0416666666667,15.229166666666666,12.299999999999999,94.33333333333333,0.7283333333333334,0.5833333333333334,1.1395833333333334,157.58333333333334,96.0
2022-12-09,55.270833333333336,38.46666666666667,403.7083333333333,17.2,10.895833333333334,80.04166666666667,0.16874999999999998,0.875,1.4541666666666666,142.58333333333334,85.83333333333333
2022-12-10,50.54583333333333,34.920833333333334,456.375,19.091666666666665,9.220833333333333,78.20833333333333,0.16708333333333333,2.2916666666666665,1.4312500000000001,101.45833333333333,68.95833333333333
2022-12-11,51.02916666666667,35.270833333333336,362.625,9.008333333333335,16.087500000000002,78.08333333333333,0.34125,0.5833333333333334,1.2125000000000001,102.20833333333333,69.16666666666667
2022-12-12,32.24583333333333,22.233333333333334,285.5416666666667,5.529166666666666,7.533333333333334,77.54166666666667,0.33958333333333335,0.0,1.0062499999999999,84.95833333333333,61.958333333333336
2022-12-13,17.616666666666667,12.0625,202.70833333333334,3.108333333333333,2.8791666666666664,56.458333333333336,0.18666666666666668,0.0,1.6624999999999999,63.958333333333336,38.5
2022-12-14,1.1666666666666667,0.8083333333333332,59.041666666666664,0.0,0.7875,26.458333333333332,0.04125,0.0,2.2062500000000003,22.666666666666668,13.5
2022-12-15,1.0208333333333333,0.7166666666666667,62.833333333333336,0.0,0.25833333333333336,33.958333333333336,0.04,0.0,2.2062500000000003,15.041666666666666,13.625
2022-12-16,31.941666666666666,21.8875,379.8333333333333,15.058333333333332,6.591666666666668,62.208333333333336,0.215,0.0,2.0187500000000003,34.708333333333336,29.5
2022-12-17,51.74583333333334,35.5625,321.25,9.5375,9.570833333333333,77.04166666666667,0.53,0.0,1.2833333333333334,88.79166666666667,63.458333333333336
2022-12-18,47.416666666666664,32.949999999999996,255.125,5.379166666666666,11.316666666666668,83.875,0.3975,0.0,1.4979166666666668,101.95833333333333,69.0
2022-12-19,38.420833333333334,26.849999999999998,275.0416666666667,8.904166666666667,10.0875,84.95833333333333,0.16458333333333333,0.0,1.6500000000000001,87.70833333333333,63.791666666666664
2022-12-20,49.25416666666666,34.34166666666667,381.8333333333333,14.450000000000001,15.237499999999999,91.375,0.2383333333333333,0.0,1.575,86.5,63.125
2022-12-21,62.73333333333333,43.37083333333334,543.2916666666666,18.595833333333335,16.75,95.29166666666667,0.3120833333333333,0.0,1.5041666666666667,105.45833333333333,70.125
2022-12-22,75.84583333333333,52.48333333333333,683.2916666666666,26.608333333333334,15.6625,87.70833333333333,0.3529166666666667,0.0,1.4229166666666666,135.04166666666666,79.625
2022-12-23,88.15833333333335,61.0,834.125,26.558333333333334,24.28333333333333,108.16666666666667,0.46166666666666667,0.0,1.3354166666666665,151.875,87.45833333333333
2022-12-24,79.52916666666667,55.17083333333333,560.7083333333334,13.695833333333333,38.27916666666666,111.91666666666667,0.38958333333333334,0.0,1.2604166666666667,152.5,87.70833333333333
2022-12-25,74.64583333333333,51.99583333333334,478.0,15.5375,34.333333333333336,93.5,0.28625,0.0,1.3395833333333333,143.45833333333334,82.33333333333333
2022-12-26,78.56666666666666,54.166666666666664,562.5,16.35,34.825,98.70833333333333,0.31124999999999997,0.0,1.3729166666666668,143.16666666666666,82.25
2022-12-27,76.39583333333333,52.833333333333336,629.2916666666666,19.037499999999998,34.15416666666667,96.625,0.355,0.0,1.21875,146.70833333333334,83.375
2022-12-28,76.7,53.11666666666667,605.3333333333334,21.462500000000002,24.53333333333333,88.875,0.36375,0.0,1.3645833333333333,141.20833333333334,81.375
2022-12-29,74.41666666666667,51.699999999999996,638.6666666666666,26.304166666666664,19.358333333333334,77.20833333333333,0.3279166666666667,0.0,1.3875,141.125,81.375
2022-12-30,80.69166666666666,56.050000000000004,911.9166666666666,43.96666666666667,18.904166666666665,73.625,0.3279166666666667,0.5,1.4020833333333333,144.16666666666666,82.54166666666667
2022-12-31,84.9875,59.05416666666667,993.875,48.12083333333334,28.458333333333332,92.33333333333333,0.3779166666666667,0.5833333333333334,1.2729166666666667,153.54166666666666,88.08333333333333
2023-01-01,84.07083333333334,58.13333333333333,857.2083333333334,37.949999999999996,31.308333333333334,87.58333333333333,0.26708333333333334,1.5416666666666667,1.3729166666666668,150.91666666666666,85.79166666666667
2023-01-02,72.91666666666667,50.59166666666667,617.625,26.5625,21.945833333333336,87.95833333333333,0.315,0.875,1.375,136.45833333333334,80.33333333333333
2023-01-03,84.79583333333333,58.958333333333336,648.2916666666666,24.916666666666668,25.870833333333334,91.58333333333333,0.8583333333333334,0.625,1.0145833333333332,148.95833333333334,85.16666666666667
2023-01-04,89.66250000000001,62.375,657.0,24.825,28.2375,89.04166666666667,1.2874999999999999,0.375,0.7374999999999999,151.75,87.16666666666667
2023-01-05,86.17916666666667,59.4125,515.6666666666666,16.733333333333334,12.716666666666667,77.25,0.9674999999999999,0.5833333333333334,0.9375,155.58333333333334,92.83333333333333
2023-01-06,60.75416666666666,41.170833333333334,392.5833333333333,10.870833333333332,6.5125,80.0,0.5720833333333334,0.5833333333333334,1.125,130.08333333333334,78.20833333333333
2023-01-07,124.55,86.4375,522.5,9.041666666666666,15.508333333333333,88.66666666666667,1.3812499999999999,0.875,0.69375,143.375,87.58333333333333
2023-01-08,85.51666666666667,59.5875,428.3333333333333,7.574999999999999,11.762500000000001,91.66666666666667,0.7345833333333333,0.3333333333333333,1.1208333333333333,162.58333333333334,103.54166666666667
2023-01-09,50.791666666666664,35.449999999999996,301.8333333333333,7.2875000000000005,12.549999999999999,88.79166666666667,0.20166666666666666,0.125,1.460416666666667,116.91666666666667,73.91666666666667
2023-01-10,57.07916666666666,39.84166666666667,327.75,7.854166666666667,15.420833333333334,97.5,0.19125,0.4583333333333333,1.53125,105.875,70.16666666666667
2023-01-11,68.88333333333334,48.0,407.6666666666667,9.908333333333333,23.612499999999997,121.95833333333333,0.27875,0.75,1.4270833333333333,130.08333333333334,76.625
2023-01-12,79.925,55.55833333333334,590.7083333333334,18.595833333333335,36.725,106.625,0.20875,0.5,1.4854166666666666,146.75,83.875
2023-01-13,64.62083333333334,43.36666666666667,670.1666666666666,32.291666666666664,25.3625,73.45833333333333,0.14291666666666666,5.166666666666667,1.6354166666666667,133.95833333333334,79.16666666666667
2023-01-14,77.45833333333333,52.637499999999996,830.3333333333334,41.15,26.729166666666668,80.45833333333333,0.23,4.416666666666667,1.5104166666666667,129.91666666666666,78.04166666666667
2023-01-15,80.66250000000001,55.9375,740.2916666666666,27.712500000000002,32.324999999999996,105.29166666666667,0.29083333333333333,1.8333333333333333,1.5166666666666666,147.16666666666666,83.16666666666667
2023-01-16,79.07916666666667,54.625,586.125,12.354166666666666,39.87083333333333,129.29166666666666,0.2704166666666667,0.7916666666666666,1.51875,151.375,84.58333333333333
2023-01-17,91.6375,63.550000000000004,630.0,12.049999999999999,40.07083333333333,134.54166666666666,0.31708333333333333,0.125,1.4583333333333333,155.625,87.75
2023-01-18,96.35000000000001,66.97500000000001,777.2916666666666,26.083333333333332,36.141666666666666,116.66666666666667,0.325,0.0,1.4875,154.95833333333334,91.25
2023-01-19,115.20416666666667,80.1875,1140.0833333333333,52.44166666666666,31.195833333333336,89.91666666666667,0.4145833333333333,0.0,1.5020833333333332,161.33333333333334,101.66666666666667
2023-01-20,113.125,78.58333333333333,989.375,28.854166666666668,39.5375,122.875,0.43375,0.0,1.5291666666666668,164.5,106.58333333333333
2023-01-21,90.57083333333333,62.708333333333336,645.2916666666666,11.112499999999999,43.175000000000004,132.875,0.4675,0.25,1.4520833333333334,157.125,92.125
2023-01-22,85.21666666666667,58.574999999999996,588.75,11.479166666666666,44.96666666666667,123.0,0.5220833333333333,0.20833333333333334,1.40625,152.41666666666666,87.25
2023-01-23,82.65833333333333,57.03333333333333,583.3333333333334,16.291666666666668,41.025,110.91666666666667,0.4604166666666667,0.5833333333333334,1.5020833333333332,150.83333333333334,85.58333333333333
2023-01-24,95.77916666666665,65.9625,822.1666666666666,28.400000000000002,42.15416666666667,98.95833333333333,0.5441666666666667,0.5416666666666666,1.3625,153.29166666666666,89.29166666666667
2023-01-25,105.88333333333333,72.94166666666666,821.0,28.03333333333333,32.53333333333333,95.95833333333333,0.8095833333333333,0.7916666666666666,1.1375,157.70833333333334,95.95833333333333
2023-01-26,94.07083333333333,64.54166666666667,800.25,33.670833333333334,16.566666666666666,81.70833333333333,0.6904166666666667,0.0,1.2479166666666666,156.58333333333334,94.33333333333333
2023-01-27,66.51666666666667,45.104166666666664,534.25,20.474999999999998,10.520833333333334,80.33333333333333,0.5495833333333333,0.0,1.602083333333333,149.41666666666666,86.41666666666667
2023-01-28,47.166666666666664,32.329166666666666,278.5833333333333,8.237499999999999,11.75,92.54166666666667,0.25875,0.0,1.7791666666666668,95.375,66.41666666666667
2023-01-29,71.8,48.62916666666666,398.0,10.625,19.2625,104.20833333333333,0.4908333333333333,0.0,1.5479166666666666,117.45833333333333,73.91666666666667
2023-01-30,71.43333333333334,48.137499999999996,419.7916666666667,7.179166666666667,17.854166666666668,105.20833333333333,0.7233333333333333,0.0,1.5583333333333333,128.375,77.5
2023-01-31,74.29583333333333,50.354166666666664,385.0,7.466666666666666,13.354166666666666,87.625,0.6587500000000001,0.0,1.4124999999999999,140.25,81.33333333333333
2023-02-01,79.55833333333334,54.44583333333333,377.0833333333333,6.616666666666666,13.604166666666666,99.83333333333333,0.96625,0.0,1.1583333333333334,132.58333333333334,78.79166666666667
2023-02-02,72.62083333333334,50.00833333333333,388.0,10.15,10.4,102.66666666666667,0.7208333333333333,0.0,1.45,146.16666666666666,83.33333333333333
2023-02-03,54.979166666666664,38.0625,335.2916666666667,9.9125,10.179166666666667,95.16666666666667,0.3441666666666667,0.25,1.7833333333333332,119.58333333333333,74.625
2023-02-04,60.637499999999996,42.18333333333333,358.9166666666667,11.933333333333332,14.158333333333333,101.20833333333333,0.3225,0.0,1.8583333333333334,113.375,72.375
2023-02-05,69.37083333333334,48.30833333333334,470.4166666666667,15.191666666666668,18.55,106.58333333333333,0.3345833333333333,0.0,1.8875000000000002,130.41666666666666,77.41666666666667
2023-02-06,92.09166666666665,64.11666666666666,607.2083333333334,11.645833333333334,41.0375,138.08333333333334,0.34208333333333335,0.125,1.8729166666666666,152.5,87.875
2023-02-07,84.34583333333333,58.708333333333336,525.7083333333334,10.5375,35.12916666666667,126.20833333333333,0.33166666666666667,0.625,1.9104166666666667,154.75,86.75
2023-02-08,70.59583333333333,48.51666666666667,423.9583333333333,10.929166666666667,22.695833333333336,103.79166666666667,0.26791666666666664,2.9583333333333335,1.9937500000000001,144.91666666666666,83.33333333333333
2023-02-09,50.4375,34.87083333333333,312.4166666666667,8.887500000000001,13.4625,100.125,0.1725,1.375,2.0833333333333335,108.79166666666667,71.125
2023-02-10,71.17083333333333,49.49166666666667,506.0416666666667,19.479166666666668,25.354166666666668,90.16666666666667,0.19458333333333333,0.7083333333333334,2.0416666666666665,123.58333333333333,76.0
2023-02-11,66.40416666666667,46.00833333333333,727.75,34.74166666666667,27.875,78.125,0.19541666666666668,1.2083333333333333,1.9333333333333333,134.25,79.41666666666667
2023-02-12,45.30416666666667,31.108333333333334,401.7916666666667,15.887500000000001,16.854166666666668,92.79166666666667,0.16375,1.0833333333333333,1.9479166666666667,106.25,70.125
2023-02-13,27.400000000000002,18.841666666666665,222.41666666666666,5.120833333333334,9.145833333333334,100.625,0.09791666666666667,0.6666666666666666,2.0708333333333333,74.70833333333333,53.083333333333336
2023-02-14,36.175000000000004,25.21666666666667,274.8333333333333,6.933333333333334,10.645833333333334,104.70833333333333,0.11375,0.4166666666666667,2.122916666666667,76.625,50.708333333333336
2023-02-15,35.4375,24.620833333333334,302.5416666666667,10.020833333333334,8.295833333333333,95.16666666666667,0.09958333333333334,0.4166666666666667,2.285416666666667,82.58333333333333,61.666666666666664
2023-02-16,29.22083333333333,19.895833333333332,255.66666666666666,6.5375000000000005,6.958333333333333,101.95833333333333,0.10708333333333332,1.7916666666666667,2.21875,73.54166666666667,51.833333333333336
2023-02-17,35.24583333333333,24.045833333333334,239.29166666666666,5.345833333333334,11.041666666666666,111.41666666666667,0.15791666666666668,1.9583333333333333,2.0770833333333334,73.5,51.291666666666664
2023-02-18,31.870833333333334,21.900000000000002,282.2916666666667,9.225,9.470833333333333,101.04166666666667,0.12416666666666666,1.5,2.154166666666667,72.83333333333333,51.75
2023-02-19,39.9625,27.59166666666667,339.25,8.208333333333334,10.541666666666666,111.16666666666667,0.14583333333333334,1.5416666666666667,2.125,83.16666666666667,56.666666666666664
2023-02-20,55.9125,38.9,378.9583333333333,7.341666666666666,14.4125,114.79166666666667,0.26416666666666666,0.7083333333333334,2.0708333333333333,99.70833333333333,65.375
2023-02-21,95.72916666666667,66.77083333333333,615.5416666666666,9.7125,38.233333333333334,143.5,0.3433333333333333,0.125,2.0458333333333334,150.375,88.54166666666667
2023-02-22,63.12916666666666,44.012499999999996,422.125,10.920833333333334,24.416666666666668,114.95833333333333,0.2725,0.0,2.0395833333333333,138.08333333333334,80.375
2023-02-23,61.4125,42.800000000000004,618.7083333333334,22.270833333333332,20.045833333333334,99.70833333333333,0.26666666666666666,0.0,2.1479166666666667,122.5,75.375
2023-02-24,66.075,46.1625,932.7916666666666,41.36666666666667,14.5,85.16666666666667,0.2558333333333333,0.0,2.2583333333333333,125.125,76.25
2023-02-25,68.90833333333333,48.06666666666666,973.375,47.262499999999996,17.229166666666668,82.0,0.315,0.0,2.1041666666666665,132.25,78.75
2023-02-26,59.65416666666667,41.625,994.2083333333334,48.28333333333333,13.625,72.33333333333333,0.2916666666666667,0.0,2.1999999999999997,120.91666666666667,75.04166666666667
2023-02-27,66.21249999999999,46.12916666666666,884.7916666666666,46.07916666666667,18.145833333333332,91.625,0.46875,0.0,2.03125,119.45833333333333,72.58333333333333
2023-02-28,80.17083333333333,55.78333333333333,755.0,32.983333333333334,26.97083333333333,110.41666666666667,0.5891666666666667,0.0,1.7104166666666665,145.125,82.875
2023-03-01,80.6125,56.12916666666666,824.5416666666666,35.44166666666667,24.46666666666667,94.29166666666667,0.5812499999999999,0.0,1.9000000000000001,150.70833333333334,85.54166666666667
2023-03-02,69.1125,48.1,742.6666666666666,33.24583333333333,12.283333333333333,89.25,0.5166666666666667,0.08333333333333333,1.9791666666666667,139.16666666666666,81.08333333333333
2023-03-03,75.325,52.42083333333333,493.125,16.25,12.141666666666666,102.75,0.5954166666666667,0.25,2.0208333333333335,132.33333333333334,78.66666666666667
2023-03-04,95.00416666666666,66.20833333333333,566.2083333333334,15.695833333333333,16.150000000000002,107.33333333333333,0.9004166666666666,0.0,1.8166666666666667,152.75,89.375
2023-03-05,106.45,74.05833333333334,626.125,15.454166666666666,21.52916666666667,114.33333333333333,1.0404166666666665,0.375,1.7458333333333333,158.33333333333334,96.95833333333333
2023-03-06,73.14999999999999,50.88333333333333,374.5416666666667,5.1375,11.241666666666667,120.04166666666667,1.08,0.25,1.6291666666666667,149.25,86.79166666666667
2023-03-07,72.7625,50.354166666666664,344.25,3.9458333333333333,8.791666666666666,125.54166666666667,1.0879166666666666,0.375,1.4520833333333334,137.45833333333334,80.33333333333333
2023-03-08,67.6875,46.85,392.2916666666667,6.770833333333333,11.254166666666668,121.79166666666667,0.7479166666666667,0.4583333333333333,1.7249999999999999,136.91666666666666,80.16666666666667
2023-03-09,57.25833333333333,39.574999999999996,456.75,13.416666666666666,8.195833333333333,103.33333333333333,0.8670833333333333,0.5416666666666666,1.5354166666666667,112.625,72.29166666666667
2023-03-10,70.85416666666667,49.10833333333333,762.4166666666666,28.520833333333332,11.241666666666667,92.45833333333333,0.9429166666666666,0.75,1.5395833333333335,121.83333333333333,75.41666666666667
2023-03-11,62.82916666666667,43.56666666666666,744.2083333333334,28.766666666666666,11.2125,90.95833333333333,0.7050000000000001,0.375,1.7083333333333333,127.91666666666667,77.375
2023-03-12,89.95416666666667,62.416666666666664,1009.4166666666666,45.175000000000004,15.041666666666666,78.70833333333333,0.9329166666666667,0.375,1.7833333333333332,145.79166666666666,85.16666666666667
2023-03-13,76.3625,52.9625,585.0833333333334,16.254166666666666,13.945833333333333,103.04166666666667,0.9095833333333333,0.25,1.7395833333333333,148.75,84.83333333333333
2023-03-14,89.77083333333333,62.22083333333333,505.8333333333333,10.345833333333333,22.77916666666667,114.91666666666667,0.9758333333333332,0.5,1.51875,151.16666666666666,87.33333333333333
2023-03-15,85.97916666666667,59.416666666666664,529.9166666666666,8.895833333333334,23.97083333333333,129.875,1.0933333333333333,0.375,1.06875,153.20833333333334,89.08333333333333
2023-03-16,84.42916666666666,58.020833333333336,480.75,6.929166666666667,15.583333333333334,129.25,1.385,1.9583333333333333,1.3020833333333333,147.625,83.04166666666667
2023-03-17,84.82083333333334,58.07083333333333,457.5,11.741666666666667,9.758333333333333,108.66666666666667,1.0008333333333332,1.625,1.491666666666667,153.58333333333334,89.625
2023-03-18,86.8,59.449999999999996,689.1666666666666,26.166666666666668,17.337500000000002,112.375,0.8275,1.375,1.3833333333333335,152.54166666666666,88.41666666666667
2023-03-19,62.44166666666666,41.237500000000004,657.1666666666666,28.400000000000002,16.579166666666666,82.70833333333333,0.28375,5.75,2.1125,142.5,82.83333333333333
2023-03-20,33.3125,20.104166666666668,320.4166666666667,15.804166666666667,11.954166666666666,88.875,0.21333333333333335,8.708333333333334,2.1270833333333337,85.83333333333333,57.291666666666664
2023-03-21,32.12083333333333,18.775000000000002,302.6666666666667,15.570833333333333,11.054166666666667,73.79166666666667,0.2333333333333333,10.541666666666666,2.2833333333333337,66.08333333333333,40.583333333333336
2023-03-22,37.5375,23.1875,383.7916666666667,20.066666666666666,18.266666666666666,76.95833333333333,0.19999999999999998,8.5,2.2916666666666665,69.70833333333333,46.916666666666664
2023-03-23,41.11666666666667,25.974999999999998,382.3333333333333,17.829166666666666,23.224999999999998,84.875,0.225,6.791666666666667,2.504166666666667,79.0,59.5
2023-03-24,39.68333333333333,24.766666666666666,374.125,17.658333333333335,20.916666666666668,78.79166666666667,0.18708333333333335,8.875,2.5375,80.875,61.25
2023-03-25,42.93333333333334,25.0,364.8333333333333,18.491666666666667,20.8125,90.79166666666667,0.18125000000000002,19.041666666666668,2.7458333333333336,81.25,55.708333333333336
2023-03-26,50.729166666666664,31.6375,391.5833333333333,14.6625,26.7625,118.75,0.19875,12.291666666666666,2.775,102.375,64.20833333333333
2023-03-27,54.3375,34.25,349.5833333333333,10.112499999999999,24.34166666666667,120.625,0.21125000000000002,11.458333333333334,2.7937499999999997,109.45833333333333,67.0
2023-03-28,59.75833333333333,38.204166666666666,379.5833333333333,9.387500000000001,25.370833333333334,129.04166666666666,0.25416666666666665,10.875,2.7312499999999997,116.75,69.70833333333333
2023-03-29,61.35,39.87083333333333,375.5416666666667,8.083333333333334,25.379166666666666,134.33333333333334,0.21833333333333335,7.583333333333333,2.7312499999999997,121.83333333333333,72.91666666666667
2023-03-30,42.94583333333333,26.983333333333334,287.5833333333333,7.633333333333333,16.441666666666666,116.70833333333333,0.19166666666666668,8.916666666666666,2.78125,97.95833333333333,65.04166666666667
2023-03-31,36.204166666666666,20.783333333333335,253.375,10.258333333333333,13.275,89.375,0.24041666666666664,15.833333333333334,2.339583333333333,70.875,50.708333333333336
2023-04-01,42.24166666666667,27.129166666666666,362.7916666666667,15.654166666666667,19.4875,106.29166666666667,0.17166666666666666,9.416666666666666,2.8666666666666667,92.66666666666667,60.041666666666664
2023-04-02,43.5625,28.895833333333332,370.6666666666667,13.0875,24.520833333333332,129.125,0.22791666666666666,4.166666666666667,2.7875,110.75,65.25
2023-04-03,44.79583333333333,29.616666666666664,316.2083333333333,7.904166666666666,22.495833333333334,135.875,0.2920833333333333,3.3333333333333335,2.7291666666666665,118.66666666666667,65.70833333333333
2023-04-04,48.37916666666666,32.354166666666664,326.1666666666667,8.245833333333334,22.916666666666668,130.20833333333334,0.38375000000000004,3.5,2.1395833333333334,118.79166666666667,66.625
2023-04-05,59.15,37.550000000000004,403.5416666666667,12.429166666666667,29.162499999999998,123.08333333333333,0.38375000000000004,12.083333333333334,2.28125,115.75,68.54166666666667
2023-04-06,53.88333333333333,33.324999999999996,420.5,17.412499999999998,19.829166666666666,91.79166666666667,0.4395833333333334,16.208333333333332,1.8083333333333333,102.70833333333333,69.04166666666667
2023-04-07,58.47083333333333,38.43333333333333,394.0416666666667,15.758333333333333,10.487499999999999,84.91666666666667,0.8475,9.25,1.2166666666666666,92.79166666666667,65.66666666666667
2023-04-08,58.262499999999996,39.512499999999996,335.7083333333333,10.029166666666667,3.4375,102.79166666666667,0.8612500000000001,4.958333333333333,1.3208333333333333,109.95833333333333,71.54166666666667
2023-04-09,59.54583333333333,40.7875,363.0,10.4375,6.204166666666667,96.33333333333333,0.7354166666666666,2.7916666666666665,1.6666666666666667,114.58333333333333,73.125
2023-04-10,53.012499999999996,36.49583333333333,333.0,8.779166666666667,10.541666666666666,97.33333333333333,0.43124999999999997,1.4583333333333333,2.2729166666666667,110.5,71.79166666666667
2023-04-11,56.520833333333336,38.9375,407.0,11.1,18.954166666666666,116.45833333333333,0.4404166666666667,1.25,2.4604166666666667,109.91666666666667,70.70833333333333
2023-04-12,53.75,37.166666666666664,396.75,11.666666666666666,14.700000000000001,107.91666666666667,0.46208333333333335,0.9166666666666666,2.285416666666667,109.95833333333333,71.08333333333333
2023-04-13,53.94166666666666,37.291666666666664,363.7916666666667,10.549999999999999,14.870833333333332,110.54166666666667,0.7704166666666666,1.1666666666666667,1.5833333333333333,104.125,67.83333333333333
2023-04-14,82.42916666666666,57.145833333333336,565.25,24.441666666666666,12.929166666666667,102.875,1.1416666666666666,1.375,1.2854166666666667,122.20833333333333,75.5
2023-04-15,87.56666666666666,60.762499999999996,802.875,37.55833333333333,11.895833333333334,99.58333333333333,0.9533333333333333,1.375,1.76875,155.0,92.0
2023-04-16,85.94166666666666,59.458333333333336,956.1666666666666,43.625,19.412499999999998,125.54166666666667,0.7608333333333333,1.0416666666666667,1.7895833333333335,158.5,87.75
2023-04-17,75.07916666666667,51.854166666666664,821.2916666666666,36.3625,16.208333333333332,103.875,0.76625,1.375,1.59375,146.25,83.75
2023-04-18,59.65416666666667,41.175000000000004,726.375,34.44583333333333,9.8375,90.5,0.7241666666666666,1.5833333333333333,1.9458333333333335,128.58333333333334,77.5
2023-04-19,54.72083333333333,37.88333333333333,611.4583333333334,25.741666666666664,12.016666666666666,108.25,0.7054166666666667,0.8333333333333334,2.125,115.20833333333333,69.75
2023-04-20,77.84166666666667,53.46666666666667,647.0833333333334,25.0,23.133333333333336,131.08333333333334,0.9,3.2083333333333335,1.5812499999999998,140.5,77.625
2023-04-21,47.725,31.9375,436.4166666666667,19.995833333333334,23.7,100.70833333333333,0.3458333333333334,5.375,2.4770833333333333,124.875,73.70833333333333
2023-04-22,41.225,25.425,349.0833333333333,14.295833333333334,19.058333333333334,93.08333333333333,0.19583333333333333,11.875,2.629166666666667,87.625,63.416666666666664
2023-04-23,41.15,25.8125,340.3333333333333,13.308333333333332,18.270833333333332,103.125,0.27,8.25,2.472916666666667,86.75,59.5
2023-04-24,44.30833333333334,28.4875,411.7916666666667,15.691666666666668,20.929166666666667,109.83333333333333,0.35125,6.333333333333333,1.9229166666666666,95.125,63.083333333333336
2023-04-25,39.125,25.962500000000002,387.2083333333333,12.4625,17.541666666666668,118.54166666666667,0.35000000000000003,2.2916666666666665,2.1166666666666667,100.83333333333333,63.666666666666664
2023-04-26,30.425,19.504166666666666,261.0833333333333,7.954166666666667,9.783333333333333,95.875,0.3466666666666667,4.166666666666667,2.1687499999999997,72.75,51.0
2023-04-27,39.7875,25.495833333333334,278.2916666666667,8.995833333333334,9.991666666666667,96.0,0.4429166666666667,6.791666666666667,1.95,68.70833333333333,47.916666666666664
2023-04-28,54.69583333333333,36.03333333333333,392.875,12.083333333333334,15.095833333333333,112.95833333333333,0.5754166666666667,3.25,1.2458333333333333,100.75,68.41666666666667
2023-04-29,35.800000000000004,23.675,355.9166666666667,12.716666666666667,12.204166666666666,91.95833333333333,0.2966666666666667,1.7916666666666667,2.2729166666666667,84.66666666666667,61.791666666666664
2023-04-30,36.829166666666666,24.229166666666668,333.9583333333333,12.633333333333333,14.033333333333333,83.25,0.21041666666666667,3.4583333333333335,2.7541666666666664,77.33333333333333,58.875
2023-05-01,30.53333333333333,18.566666666666666,276.2916666666667,11.341666666666667,13.762500000000001,88.75,0.19875,8.416666666666666,2.6958333333333333,73.70833333333333,49.75
2023-05-02,28.675,16.845833333333335,263.8333333333333,12.354166666666666,12.0875,77.16666666666667,0.22624999999999998,9.75,2.1479166666666667,62.708333333333336,40.875
2023-05-03,32.512499999999996,19.870833333333334,262.125,10.454166666666667,16.220833333333335,91.45833333333333,0.30041666666666667,7.541666666666667,2.1875,66.20833333333333,44.25
2023-05-04,40.53333333333333,26.40416666666667,307.2916666666667,11.929166666666667,17.679166666666667,104.25,0.37666666666666665,4.0,2.24375,82.5,56.708333333333336
2023-05-05,54.64166666666667,35.833333333333336,322.5,9.841666666666667,22.03333333333333,119.16666666666667,0.60125,4.125,1.925,97.79166666666667,65.66666666666667
2023-05-06,60.34583333333333,40.11666666666667,355.7916666666667,12.108333333333334,21.6125,118.58333333333333,0.7333333333333334,3.2083333333333335,1.8,109.41666666666667,68.75
2023-05-07,67.375,45.270833333333336,436.125,17.666666666666668,20.520833333333332,113.08333333333333,1.0125,2.0,1.3166666666666667,121.20833333333333,74.91666666666667
2023-05-08,73.60833333333333,49.59583333333333,393.1666666666667,13.674999999999999,19.808333333333334,111.375,1.3083333333333333,2.5,1.1229166666666666,129.95833333333334,78.04166666666667
2023-05-09,80.43333333333334,54.7875,478.0,16.925,20.804166666666667,118.20833333333333,1.3079166666666666,1.5,0.9249999999999999,142.54166666666666,81.95833333333333
2023-05-10,65.075,44.104166666666664,508.125,19.395833333333332,22.583333333333332,115.66666666666667,0.7370833333333334,1.2083333333333333,1.9770833333333335,143.70833333333334,82.625
2023-05-11,56.67916666666667,38.47083333333333,458.2083333333333,17.0,23.025000000000002,125.20833333333333,0.44166666666666665,1.4583333333333333,2.2354166666666666,121.91666666666667,71.70833333333333
2023-05-12,40.97083333333333,27.308333333333334,333.625,12.791666666666666,17.883333333333333,118.66666666666667,0.3979166666666667,2.0833333333333335,2.185416666666667,108.45833333333333,66.20833333333333
2023-05-13,29.766666666666666,19.879166666666666,264.375,10.508333333333333,10.887500000000001,94.875,0.32708333333333334,1.2083333333333333,2.4583333333333335,81.20833333333333,57.666666666666664
2023-05-14,21.154166666666665,13.9125,229.5,10.387500000000001,10.979166666666666,80.91666666666667,0.24750000000000003,0.9583333333333334,2.6104166666666666,60.541666666666664,41.083333333333336
2023-05-15,33.112500000000004,20.6875,231.54166666666666,9.083333333333334,10.645833333333334,87.375,0.28458333333333335,4.791666666666667,2.5812500000000003,64.41666666666667,42.125
2023-05-16,35.90833333333333,21.758333333333336,237.45833333333334,9.0625,11.579166666666666,88.58333333333333,0.27708333333333335,8.5,2.6145833333333335,76.58333333333333,53.291666666666664
2023-05-17,36.94583333333333,21.2625,268.7916666666667,10.4375,16.1625,101.875,0.2833333333333333,13.458333333333334,2.6979166666666665,78.58333333333333,51.875
2023-05-18,39.895833333333336,23.320833333333336,283.7083333333333,10.979166666666666,18.675,107.25,0.35041666666666665,12.791666666666666,2.4166666666666665,88.75,55.708333333333336
2023-05-19,38.07083333333333,23.462500000000002,316.5833333333333,14.883333333333333,18.133333333333333,108.08333333333333,0.3229166666666667,9.166666666666666,2.672916666666667,93.25,60.5
2023-05-20,40.170833333333334,23.900000000000002,310.4583333333333,14.820833333333333,22.758333333333336,108.54166666666667,0.32875000000000004,11.833333333333334,2.5083333333333333,92.83333333333333,56.166666666666664
2023-05-21,49.637499999999996,30.520833333333332,333.2916666666667,14.533333333333333,25.566666666666666,111.91666666666667,0.4245833333333333,10.583333333333334,2.2416666666666667,99.41666666666667,63.041666666666664
2023-05-22,41.387499999999996,25.991666666666664,319.7083333333333,14.533333333333333,23.395833333333332,109.25,0.43625,7.041666666666667,2.2104166666666667,99.16666666666667,63.791666666666664
2023-05-23,46.11666666666667,30.016666666666666,355.875,14.9625,21.508333333333336,116.08333333333333,0.5020833333333333,5.083333333333333,2.1687499999999997,100.58333333333333,63.583333333333336
2023-05-24,38.07083333333333,22.5,274.25,12.862499999999999,21.587500000000002,96.25,0.45916666666666667,11.708333333333334,2.2645833333333334,92.08333333333333,61.458333333333336
2023-05-25,20.5125,11.504166666666668,175.625,5.716666666666666,7.533333333333334,72.25,0.26916666666666667,8.083333333333334,2.4395833333333337,61.875,40.041666666666664
2023-05-26,19.866666666666667,12.470833333333333,178.0,5.6875,5.875,66.125,0.28875,1.0416666666666667,2.439583333333333,44.625,28.041666666666668
2023-05-27,27.133333333333336,16.375,191.91666666666666,6.770833333333333,7.095833333333334,73.70833333333333,0.3254166666666667,5.125,2.40625,57.458333333333336,35.208333333333336
2023-05-28,32.00833333333333,17.483333333333334,211.08333333333334,8.020833333333334,13.108333333333334,89.70833333333333,0.3566666666666667,13.208333333333334,2.225,66.125,43.083333333333336
2023-05-29,39.204166666666666,22.0625,262.9166666666667,12.154166666666667,18.420833333333334,91.33333333333333,0.42583333333333334,16.708333333333332,2.152083333333333,75.33333333333333,48.75
2023-05-30,41.645833333333336,24.370833333333334,284.375,12.395833333333334,19.224999999999998,98.70833333333333,0.4391666666666667,16.0,2.279166666666667,84.66666666666667,56.75
2023-05-31,51.24166666666667,30.541666666666668,309.5833333333333,12.041666666666666,21.891666666666666,114.25,0.4795833333333333,17.416666666666668,2.23125,94.20833333333333,62.333333333333336
2023-06-01,47.00416666666666,27.525000000000002,306.9583333333333,14.483333333333334,20.958333333333332,102.75,0.45083333333333336,18.333333333333332,2.18125,97.33333333333333,63.833333333333336
2023-06-02,34.608333333333334,21.0625,240.125,10.516666666666667,18.145833333333332,95.5,0.35375,8.291666666666666,2.5395833333333333,85.58333333333333,57.791666666666664
2023-06-03,30.5625,17.745833333333334,211.66666666666666,9.108333333333333,13.458333333333334,84.29166666666667,0.415,9.333333333333334,2.435416666666667,70.79166666666667,46.625
2023-06-04,30.520833333333332,17.708333333333332,224.125,10.570833333333335,13.616666666666667,78.5,0.41375,9.791666666666666,2.1145833333333335,61.833333333333336,41.416666666666664
2023-06-05,36.4625,20.075,216.16666666666666,7.845833333333334,12.458333333333334,88.625,0.4141666666666666,17.0,2.3270833333333334,70.04166666666667,47.541666666666664
2023-06-06,36.0875,18.229166666666668,193.29166666666666,7.766666666666667,9.679166666666667,83.54166666666667,0.3779166666666667,24.541666666666668,2.475,64.83333333333333,43.583333333333336
2023-06-07,32.045833333333334,15.366666666666667,170.58333333333334,6.866666666666667,7.6499999999999995,70.20833333333333,0.36041666666666666,25.416666666666668,2.4166666666666665,63.791666666666664,39.875
2023-06-08,18.233333333333334,10.666666666666666,157.625,6.679166666666667,6.858333333333333,63.166666666666664,0.3066666666666667,6.583333333333333,2.3625000000000003,51.291666666666664,32.5
2023-06-09,12.979166666666666,8.612499999999999,160.375,7.9375,6.866666666666667,57.125,0.26875,0.9166666666666666,2.2666666666666666,41.125,25.75
2023-06-10,11.670833333333334,7.395833333333333,143.0,6.533333333333334,4.595833333333333,54.208333333333336,0.17,1.7083333333333333,2.46875,33.5,22.166666666666668
2023-06-11,16.825,9.512500000000001,152.33333333333334,6.483333333333333,3.533333333333333,52.5,0.2604166666666667,7.083333333333333,2.0333333333333337,34.291666666666664,21.875
2023-06-12,19.175,10.116666666666667,129.04166666666666,4.5,3.279166666666667,51.166666666666664,0.30416666666666664,11.5,2.5437499999999997,40.666666666666664,22.416666666666668
2023-06-13,18.608333333333334,9.9,117.79166666666667,4.333333333333333,3.6,47.625,0.36125,10.291666666666666,2.4354166666666663,41.875,21.75
2023-06-14,16.104166666666668,8.654166666666667,116.45833333333333,4.6499999999999995,3.9125,46.875,0.43166666666666664,7.875,2.175,39.791666666666664,21.041666666666668
2023-06-15,18.7875,9.295833333333333,114.41666666666667,4.520833333333333,3.266666666666667,46.041666666666664,0.45249999999999996,13.583333333333334,2.347916666666667,37.416666666666664,20.375
2023-06-16,20.325,9.883333333333335,119.33333333333333,4.908333333333333,3.4416666666666664,42.375,0.5133333333333333,16.458333333333332,2.1416666666666666,40.375,20.708333333333332
2023-06-17,19.545833333333334,9.733333333333333,129.08333333333334,5.183333333333334,3.720833333333333,46.708333333333336,0.5408333333333334,15.041666666666666,2.0520833333333335,37.041666666666664,20.75
2023-06-18,23.712500000000002,11.8125,148.625,6.375,4.770833333333333,46.541666666666664,0.5545833333333333,18.291666666666668,2.1104166666666666,46.541666666666664,23.583333333333332
2023-06-19,34.483333333333334,15.408333333333333,149.95833333333334,6.558333333333334,5.570833333333333,49.333333333333336,0.56625,35.708333333333336,1.8812499999999999,54.333333333333336,30.541666666666668
2023-06-20,31.625,15.379166666666668,167.625,8.445833333333333,6.766666666666667,46.666666666666664,0.5,26.458333333333332,1.9791666666666667,57.791666666666664,33.375
2023-06-21,29.566666666666666,13.879166666666668,161.0,8.045833333333333,6.791666666666667,50.833333333333336,0.505,26.833333333333332,2.1145833333333335,54.833333333333336,31.208333333333332
2023-06-22,24.929166666666664,12.325000000000001,148.66666666666666,7.345833333333334,6.808333333333334,45.125,0.4979166666666666,19.791666666666668,2.025,53.0,28.708333333333332
2023-06-23,15.191666666666668,8.75,147.25,7.595833333333332,6.279166666666666,43.291666666666664,0.355,7.333333333333333,2.154166666666667,45.041666666666664,23.625
2023-06-24,9.208333333333334,6.029166666666666,160.91666666666666,8.616666666666667,5.458333333333333,42.583333333333336,0.24916666666666665,1.5833333333333333,1.3229166666666667,28.791666666666668,17.75
2023-06-25,10.029166666666667,6.1625000000000005,160.91666666666666,8.683333333333334,4.675,43.208333333333336,0.2816666666666667,3.5416666666666665,0.9895833333333334,24.791666666666668,17.208333333333332
2023-06-26,11.754166666666668,7.383333333333333,180.83333333333334,11.262500000000001,4.454166666666667,37.166666666666664,0.33416666666666667,3.0,0.725,27.833333333333332,15.791666666666666
2023-06-27,7.4750000000000005,4.841666666666667,160.125,8.108333333333333,4.441666666666666,41.291666666666664,0.3066666666666667,1.5,1.1104166666666666,28.125,17.125
2023-06-28,5.075,3.095833333333333,144.58333333333334,5.195833333333334,3.3666666666666667,47.916666666666664,0.18583333333333332,1.9166666666666667,1.7854166666666667,22.166666666666668,19.208333333333332
2023-06-29,3.3083333333333336,2.2875,142.04166666666666,5.641666666666667,3.591666666666667,44.708333333333336,0.13416666666666668,0.3333333333333333,0.7520833333333333,20.791666666666668,17.916666666666668
2023-06-30,3.15,2.129166666666667,131.29166666666666,4.5125,3.275,46.5,0.13875,0.5416666666666666,1.2708333333333333,21.25,18.583333333333332
2023-07-01,6.233333333333333,3.775,136.95833333333334,4.820833333333334,3.2583333333333333,45.541666666666664,0.21916666666666665,2.4166666666666665,0.8979166666666667,21.583333333333332,18.166666666666668
2023-07-02,5.966666666666666,3.6458333333333335,126.625,4.8374999999999995,3.4375,42.458333333333336,0.17333333333333334,2.125,2.029166666666667,20.0,17.041666666666668
2023-07-03,6.645833333333333,4.216666666666667,138.66666666666666,6.241666666666667,4.258333333333334,43.041666666666664,0.14416666666666667,1.5,2.035416666666667,20.041666666666668,17.166666666666668
2023-07-04,8.029166666666667,4.916666666666667,150.58333333333334,6.629166666666666,5.004166666666666,44.5,0.16708333333333333,3.4166666666666665,1.0729166666666667,21.041666666666668,17.666666666666668
2023-07-05,10.904166666666667,6.0249999999999995,155.25,6.841666666666666,4.733333333333333,50.625,0.1925,6.458333333333333,1.3333333333333333,24.916666666666668,20.208333333333332
2023-07-06,3.725,2.6041666666666665,138.91666666666666,5.8875,4.4750000000000005,44.708333333333336,0.08791666666666666,0.0,0.99375,22.583333333333332,17.916666666666668
2023-07-07,2.7375000000000003,1.8541666666666667,122.20833333333333,4.708333333333333,2.8958333333333335,48.291666666666664,0.09041666666666666,0.16666666666666666,1.1979166666666667,22.291666666666668,19.291666666666668
2023-07-08,7.2250000000000005,4.095833333333333,122.41666666666667,4.170833333333333,2.8958333333333335,49.375,0.21791666666666668,3.7916666666666665,1.59375,23.166666666666668,19.708333333333332
2023-07-09,11.141666666666666,5.245833333333334,122.5,4.4375,3.016666666666667,44.458333333333336,0.3429166666666667,9.5,1.39375,21.0,17.791666666666668
2023-07-10,14.0625,6.704166666666667,120.54166666666667,5.066666666666666,3.5541666666666667,43.416666666666664,0.4466666666666667,12.708333333333334,1.91875,25.041666666666668,17.75
2023-07-11,14.358333333333334,6.870833333333334,125.95833333333333,5.6499999999999995,4.2,41.166666666666664,0.44708333333333333,12.25,1.3541666666666667,29.125,17.0
2023-07-12,13.862499999999999,6.804166666666667,131.45833333333334,6.175,4.483333333333333,38.166666666666664,0.36375,12.833333333333334,1.1041666666666667,29.666666666666668,16.541666666666668
2023-07-13,9.154166666666667,5.004166666666666,135.66666666666666,6.729166666666667,4.870833333333333,41.416666666666664,0.25,6.625,1.6416666666666666,25.875,16.958333333333332
2023-07-14,5.116666666666666,3.1458333333333335,123.83333333333333,5.679166666666667,4.091666666666667,38.541666666666664,0.20333333333333334,1.9166666666666667,1.2125000000000001,19.416666666666668,15.416666666666666
2023-07-15,9.958333333333334,5.1125,120.58333333333333,5.479166666666667,4.054166666666666,36.583333333333336,0.2866666666666667,7.625,1.2458333333333333,17.041666666666668,14.625
2023-07-16,6.95,4.108333333333333,127.04166666666667,6.041666666666667,4.045833333333333,36.125,0.22541666666666668,3.4583333333333335,0.9958333333333332,20.083333333333332,14.416666666666666
2023-07-17,4.029166666666667,2.5458333333333334,132.875,6.133333333333333,4.1499999999999995,38.0,0.15125,1.0833333333333333,0.7687499999999999,17.875,15.125
2023-07-18,2.9958333333333336,2.0500000000000003,125.29166666666667,5.3875,3.783333333333333,40.125,0.11291666666666667,0.375,0.8312499999999999,18.291666666666668,16.041666666666668
2023-07-19,3.404166666666667,2.470833333333333,124.75,5.804166666666667,4.1000000000000005,44.375,0.14208333333333334,0.25,0.5125000000000001,19.666666666666668,17.791666666666668
2023-07-20,4.016666666666667,2.7458333333333336,128.79166666666666,5.2875,3.6666666666666665,40.833333333333336,0.21916666666666665,0.875,0.9,20.458333333333332,16.416666666666668
2023-07-21,4.029166666666667,2.5458333333333334,136.29166666666666,5.854166666666667,4.2,40.583333333333336,0.2316666666666667,1.75,0.9916666666666667,18.25,16.208333333333332
2023-07-22,3.329166666666667,2.1708333333333334,126.29166666666667,5.3999999999999995,3.8958333333333335,44.166666666666664,0.18958333333333333,1.4166666666666667,0.8979166666666667,20.791666666666668,17.708333333333332
2023-07-23,2.470833333333333,1.7125000000000001,116.33333333333333,5.3374999999999995,3.15,34.333333333333336,0.08791666666666666,0.125,0.6041666666666666,16.0,13.666666666666666
2023-07-24,3.8708333333333336,2.5083333333333333,112.375,4.6499999999999995,3.0583333333333336,39.208333333333336,0.13375,0.9583333333333334,0.71875,18.083333333333332,15.75
2023-07-25,2.9166666666666665,1.9708333333333332,119.33333333333333,5.0874999999999995,3.5625,41.291666666666664,0.14916666666666667,0.5,0.9604166666666667,18.708333333333332,16.583333333333332
2023-07-26,3.983333333333333,2.7416666666666667,116.04166666666667,5.154166666666667,4.183333333333334,41.416666666666664,0.1375,0.375,0.8604166666666666,19.458333333333332,16.458333333333332
2023-07-27,3.5375,2.3958333333333335,121.16666666666667,5.304166666666666,4.070833333333334,38.125,0.15916666666666668,0.7916666666666666,0.7791666666666667,17.833333333333332,15.25
2023-07-28,2.6374999999999997,1.8166666666666667,120.29166666666667,5.116666666666666,4.041666666666667,36.291666666666664,0.11916666666666666,0.125,1.2958333333333332,16.958333333333332,14.458333333333334
2023-07-29,9.116666666666667,5.333333333333333,114.20833333333333,5.279166666666667,3.733333333333333,34.208333333333336,0.29125,4.25,0.7958333333333334,16.833333333333332,13.625
2023-07-30,6.75,3.7916666666666665,104.29166666666667,4.466666666666667,3.1666666666666665,36.416666666666664,0.2783333333333333,3.5833333333333335,1.6541666666666668,20.75,14.583333333333334
2023-07-31,4.708333333333333,2.775,110.125,4.491666666666666,3.108333333333333,37.833333333333336,0.2575,2.4166666666666665,1.3187499999999999,17.583333333333332,15.208333333333334
2023-08-01,6.191666666666666,3.3166666666666664,113.375,4.416666666666667,3.15,40.625,0.39999999999999997,4.458333333333333,1.2833333333333334,18.583333333333332,16.125
2023-08-02,7.5249999999999995,3.9458333333333333,121.70833333333333,4.341666666666667,3.0041666666666664,43.166666666666664,0.38458333333333333,5.5,1.6229166666666668,19.875,17.25
2023-08-03,7.954166666666667,4.129166666666666,120.45833333333333,4.791666666666667,2.9499999999999997,40.375,0.37833333333333335,5.416666666666667,1.0875000000000001,19.166666666666668,16.166666666666668
2023-08-04,7.2124999999999995,3.9125,112.875,4.408333333333333,2.9375,39.5,0.36000000000000004,4.583333333333333,1.5770833333333334,18.541666666666668,15.75
2023-08-05,10.049999999999999,5.329166666666667,103.91666666666667,4.091666666666667,3.0124999999999997,41.791666666666664,0.41875,6.666666666666667,1.6312499999999999,19.875,16.75
2023-08-06,12.433333333333332,6.591666666666666,107.41666666666667,4.033333333333333,2.8541666666666665,40.875,0.46,8.291666666666666,1.6458333333333333,25.25,16.416666666666668
2023-08-07,19.508333333333333,9.158333333333333,117.95833333333333,4.404166666666667,3.1208333333333336,40.833333333333336,0.44875,16.541666666666668,1.5479166666666666,31.625,17.583333333333332
2023-08-08,15.025,6.929166666666667,115.45833333333333,4.845833333333333,3.220833333333333,39.5,0.42291666666666666,14.375,1.5687499999999999,34.916666666666664,19.041666666666668
2023-08-09,16.712500000000002,7.866666666666667,129.5,5.470833333333334,3.829166666666667,39.75,0.445,15.75,1.508333333333333,29.208333333333332,17.125
2023-08-10,17.283333333333335,8.283333333333333,139.54166666666666,6.658333333333334,4.575,40.0,0.4916666666666667,15.875,1.6062500000000002,33.75,18.833333333333332
2023-08-11,18.783333333333335,8.641666666666667,128.25,5.8875,4.329166666666667,41.791666666666664,0.47875,18.708333333333332,1.79375,36.291666666666664,19.958333333333332
2023-08-12,18.55,8.6,130.58333333333334,5.7625,4.3999999999999995,41.708333333333336,0.40041666666666664,17.791666666666668,1.60625,38.916666666666664,20.833333333333332
2023-08-13,14.183333333333332,6.7,127.08333333333333,5.120833333333334,3.654166666666667,39.541666666666664,0.39625,13.625,1.7166666666666668,29.791666666666668,17.5
2023-08-14,20.258333333333333,9.5875,127.70833333333333,4.7749999999999995,3.608333333333333,41.875,0.5125000000000001,17.25,1.9333333333333333,31.25,18.125
2023-08-15,19.279166666666665,9.608333333333333,120.25,5.416666666666667,3.7458333333333336,39.875,0.4975,14.875,0.9895833333333334,42.708333333333336,20.791666666666668
2023-08-16,20.3125,10.262500000000001,127.91666666666667,5.8999999999999995,4.820833333333334,39.583333333333336,0.5095833333333334,15.666666666666666,1.9770833333333335,42.041666666666664,21.041666666666668
2023-08-17,20.7375,10.541666666666666,128.29166666666666,5.825,6.133333333333333,45.041666666666664,0.5187499999999999,13.833333333333334,1.85625,41.375,22.333333333333332
2023-08-18,19.741666666666667,9.983333333333333,135.75,6.995833333333334,7.070833333333333,38.5,0.5283333333333333,13.833333333333334,1.2375,42.625,21.0
2023-08-19,17.8625,9.195833333333333,141.29166666666666,7.383333333333333,6.633333333333333,36.5,0.4383333333333333,13.166666666666666,0.8229166666666666,41.583333333333336,20.416666666666668
2023-08-20,15.870833333333332,8.125,127.625,6.012499999999999,5.645833333333333,44.291666666666664,0.3475,10.958333333333334,2.0104166666666665,33.625,19.75
2023-08-21,20.5625,9.283333333333333,133.04166666666666,6.541666666666667,6.095833333333334,45.916666666666664,0.34041666666666665,19.0,2.0104166666666665,38.333333333333336,21.208333333333332
2023-08-22,15.179166666666667,8.420833333333333,132.58333333333334,6.5125,5.779166666666666,39.458333333333336,0.3120833333333333,7.333333333333333,1.8333333333333333,40.833333333333336,21.208333333333332
2023-08-23,13.641666666666666,7.008333333333333,118.5,5.616666666666667,4.604166666666667,35.416666666666664,0.2758333333333333,9.375,2.0791666666666666,29.833333333333332,16.666666666666668
2023-08-24,10.091666666666667,5.6375,135.375,6.245833333333334,4.458333333333333,28.916666666666668,0.235,5.583333333333333,1.60625,27.416666666666668,14.125
2023-08-25,5.7749999999999995,3.5666666666666664,119.70833333333333,5.0125,3.720833333333333,32.75,0.17625000000000002,1.7916666666666667,2.122916666666667,19.041666666666668,13.25
2023-08-26,7.591666666666666,4.579166666666667,107.08333333333333,4.633333333333334,3.545833333333333,33.708333333333336,0.17708333333333334,2.3333333333333335,2.40625,17.0,13.5
2023-08-27,7.541666666666667,4.358333333333333,109.0,5.895833333333333,4.1625,30.541666666666668,0.1825,3.4166666666666665,1.8291666666666666,19.416666666666668,12.416666666666666
2023-08-28,10.195833333333333,5.745833333333334,125.91666666666667,6.395833333333333,4.629166666666666,32.25,0.23875000000000002,5.75,1.960416666666667,21.0,13.541666666666666
2023-08-29,17.054166666666667,9.195833333333333,156.70833333333334,7.9125000000000005,5.629166666666666,41.375,0.27208333333333334,9.916666666666666,1.991666666666667,28.791666666666668,18.416666666666668
2023-08-30,37.52916666666667,18.604166666666668,199.58333333333334,9.237499999999999,8.679166666666667,57.583333333333336,0.41583333333333333,29.041666666666668,2.1416666666666666,52.083333333333336,29.291666666666668
2023-08-31,55.51666666666667,29.633333333333336,254.79166666666666,8.854166666666666,15.466666666666667,89.83333333333333,0.56625,31.666666666666668,1.8312499999999998,75.75,53.375
2023-09-01,52.10833333333333,29.141666666666666,244.625,6.8374999999999995,13.729166666666666,93.41666666666667,0.6675,29.666666666666668,1.6875,90.125,64.70833333333333
2023-09-02,26.579166666666666,16.016666666666666,221.75,8.233333333333333,13.983333333333334,82.83333333333333,0.61375,10.083333333333334,1.10625,72.58333333333333,49.541666666666664
2023-09-03,31.683333333333334,18.079166666666666,213.20833333333334,10.554166666666667,13.816666666666668,59.75,0.6625,16.083333333333332,1.0708333333333333,59.5,34.5
2023-09-04,41.49166666666667,20.995833333333334,198.79166666666666,9.358333333333333,13.945833333333333,66.95833333333333,0.5108333333333334,32.875,1.7041666666666666,63.666666666666664,39.666666666666664
2023-09-05,42.4625,23.2375,211.29166666666666,8.395833333333334,13.470833333333333,77.41666666666667,0.4454166666666666,26.25,2.283333333333333,73.45833333333333,52.958333333333336
2023-09-06,41.63333333333333,23.079166666666666,196.16666666666666,8.983333333333333,12.479166666666666,68.70833333333333,0.45458333333333334,24.458333333333332,1.8624999999999998,74.29166666666667,53.75
2023-09-07,25.9375,15.291666666666666,157.83333333333334,7.654166666666666,7.316666666666666,50.0,0.45708333333333334,13.791666666666666,0.6833333333333332,66.41666666666667,41.416666666666664
2023-09-08,6.2,4.079166666666667,141.33333333333334,6.645833333333333,5.120833333333334,49.166666666666664,0.19458333333333333,1.5833333333333333,0.8229166666666666,40.041666666666664,23.333333333333332
2023-09-09,10.583333333333334,6.291666666666667,156.08333333333334,6.2875000000000005,5.091666666666667,50.0,0.30833333333333335,4.125,1.2145833333333333,23.0,20.0
2023-09-10,13.933333333333332,7.608333333333333,141.04166666666666,5.458333333333333,4.233333333333333,41.291666666666664,0.335,8.041666666666666,1.5666666666666667,27.5,17.166666666666668
2023-09-11,12.1,7.454166666666667,140.75,5.666666666666667,4.2375,40.208333333333336,0.2658333333333333,3.875,1.7229166666666667,34.166666666666664,18.75
2023-09-12,19.154166666666665,10.245833333333334,148.08333333333334,6.158333333333334,4.783333333333333,41.083333333333336,0.2808333333333333,11.083333333333334,2.091666666666667,35.958333333333336,19.541666666666668
2023-09-13,16.779166666666665,9.158333333333333,139.125,6.4875,4.6875,38.208333333333336,0.3070833333333333,9.375,1.7729166666666665,40.958333333333336,20.458333333333332
2023-09-14,17.504166666666666,9.145833333333334,164.875,6.958333333333333,5.254166666666666,41.75,0.2725,11.583333333333334,2.027083333333333,38.333333333333336,20.833333333333332
2023-09-15,14.700000000000001,7.933333333333334,151.33333333333334,6.079166666666667,4.816666666666667,38.958333333333336,0.23625,9.0,1.78125,37.75,19.875
2023-09-16,9.9,5.7375,131.95833333333334,5.108333333333333,3.3708333333333336,32.416666666666664,0.20875,4.25,0.94375,25.666666666666668,13.791666666666666
2023-09-17,12.4625,6.6000000000000005,123.125,4.495833333333333,2.8833333333333333,35.5,0.285,7.208333333333333,1.3229166666666667,25.583333333333332,14.666666666666666
2023-09-18,6.804166666666667,3.908333333333333,137.08333333333334,4.75,3.3041666666666667,39.291666666666664,0.22291666666666665,3.375,1.9208333333333334,23.583333333333332,15.833333333333334
2023-09-19,6.1125,3.8000000000000003,142.875,4.754166666666666,3.3083333333333336,38.708333333333336,0.16166666666666665,1.75,1.991666666666667,18.375,15.458333333333334
2023-09-20,7.825,4.770833333333333,145.0,5.379166666666666,3.4291666666666667,39.166666666666664,0.16708333333333333,2.4166666666666665,1.8916666666666666,19.125,15.666666666666666
2023-09-21,7.329166666666667,4.825,148.41666666666666,5.929166666666667,4.2749999999999995,43.041666666666664,0.18125,1.3333333333333333,1.6166666666666665,22.666666666666668,17.291666666666668
2023-09-22,10.25,6.825,175.45833333333334,9.216666666666667,7.183333333333334,38.125,0.20625000000000002,1.375,1.2416666666666667,22.416666666666668,15.791666666666666
2023-09-23,9.583333333333334,6.55,210.125,11.758333333333333,7.941666666666666,31.708333333333332,0.21083333333333334,0.75,1.0395833333333333,30.125,16.625
2023-09-24,12.391666666666666,8.674999999999999,199.33333333333334,9.891666666666667,7.9624999999999995,40.083333333333336,0.23958333333333334,0.375,1.4354166666666668,30.666666666666668,19.291666666666668
2023-09-25,15.520833333333334,10.304166666666665,208.20833333333334,9.883333333333333,8.1,48.125,0.3541666666666667,2.7916666666666665,1.1187500000000001,35.958333333333336,22.708333333333332
2023-09-26,26.429166666666664,18.091666666666665,284.5833333333333,11.975,10.987499999999999,64.25,0.5,2.0,1.2895833333333335,54.666666666666664,33.041666666666664
2023-09-27,35.32083333333333,24.46666666666667,355.4166666666667,15.154166666666667,11.754166666666668,67.83333333333333,0.6204166666666667,1.4583333333333333,1.0854166666666667,67.20833333333333,44.125
2023-09-28,32.40416666666667,22.570833333333336,357.4166666666667,12.654166666666667,9.075000000000001,72.20833333333333,0.4604166666666667,0.375,1.2354166666666666,81.0,60.375
2023-09-29,23.179166666666664,16.116666666666667,311.75,11.25,4.4125000000000005,68.5,0.4166666666666667,0.5,1.4187500000000002,66.125,41.333333333333336
2023-09-30,14.704166666666666,10.416666666666666,205.70833333333334,5.379166666666666,2.7624999999999997,68.70833333333333,0.2966666666666667,0.5416666666666666,1.4979166666666668,47.875,29.208333333333332
2023-10-01,36.791666666666664,24.158333333333335,345.4583333333333,9.833333333333334,12.587499999999999,85.08333333333333,0.62625,4.041666666666667,0.5625,57.208333333333336,38.541666666666664
2023-10-02,46.25833333333333,27.5,314.1666666666667,11.629166666666668,14.970833333333333,75.16666666666667,0.4245833333333333,24.333333333333332,0.6041666666666666,79.20833333333333,59.083333333333336
2023-10-03,68.5,36.329166666666666,273.4166666666667,10.566666666666666,11.008333333333333,84.875,0.6333333333333333,46.833333333333336,1.7291666666666667,91.70833333333333,65.25
2023-10-04,73.51666666666667,39.71666666666667,313.7083333333333,10.041666666666666,16.525000000000002,103.41666666666667,0.6529166666666667,37.666666666666664,1.8541666666666667,111.29166666666667,71.95833333333333
2023-10-05,67.72500000000001,36.975,289.1666666666667,8.579166666666667,15.429166666666667,113.33333333333333,0.45708333333333334,32.916666666666664,1.89375,105.33333333333333,70.08333333333333
2023-10-06,70.6375,39.55416666666667,341.25,12.316666666666668,15.895833333333334,102.375,0.3725,31.083333333333332,2.1083333333333334,109.54166666666667,71.5
2023-10-07,70.39583333333333,41.36666666666667,390.25,17.358333333333334,16.541666666666668,90.5,0.38999999999999996,20.0,2.0124999999999997,113.875,72.75
2023-10-08,74.39999999999999,45.520833333333336,583.125,29.59583333333333,15.262500000000001,72.0,0.45375000000000004,13.541666666666666,1.9166666666666667,118.33333333333333,74.25
2023-10-09,81.72916666666667,48.737500000000004,514.25,20.591666666666665,16.6875,88.83333333333333,0.5529166666666666,12.916666666666666,1.7645833333333334,129.75,77.91666666666667
2023-10-10,72.29166666666667,43.97083333333333,416.2083333333333,15.433333333333332,17.308333333333334,90.33333333333333,0.5279166666666667,8.75,1.7750000000000001,129.95833333333334,78.04166666666667
2023-10-11,66.825,41.079166666666666,442.375,18.675,13.504166666666665,76.91666666666667,0.6570833333333334,9.458333333333334,1.6041666666666667,107.58333333333333,70.66666666666667
2023-10-12,74.3125,46.395833333333336,557.2083333333334,24.325,14.095833333333333,74.625,0.6754166666666667,8.666666666666666,1.647916666666667,128.58333333333334,77.58333333333333
2023-10-13,67.17916666666666,42.80416666666667,550.3333333333334,26.349999999999998,13.841666666666667,77.45833333333333,0.4970833333333333,5.916666666666667,1.59375,127.58333333333333,77.125
2023-10-14,50.76666666666667,32.262499999999996,454.9583333333333,20.333333333333332,10.2125,81.79166666666667,0.4283333333333333,3.2083333333333335,1.7395833333333333,96.83333333333333,66.95833333333333
2023-10-15,70.925,44.895833333333336,556.875,23.954166666666666,14.616666666666667,77.125,0.6829166666666667,4.916666666666667,1.7437500000000001,108.04166666666667,71.0
2023-10-16,77.46666666666667,48.45416666666667,518.0833333333334,21.616666666666664,10.345833333333333,72.83333333333333,1.02125,4.916666666666667,1.2854166666666667,129.41666666666666,77.70833333333333
2023-10-17,80.85833333333333,50.291666666666664,418.0833333333333,14.854166666666666,9.458333333333334,81.33333333333333,0.8937499999999999,3.7916666666666665,1.4458333333333335,132.41666666666666,78.79166666666667
2023-10-18,82.64999999999999,51.26666666666667,446.5416666666667,17.208333333333332,9.933333333333334,80.54166666666667,0.8941666666666667,2.9166666666666665,1.4666666666666668,140.16666666666666,81.20833333333333
2023-10-19,79.64583333333333,49.57083333333333,390.3333333333333,13.129166666666668,8.508333333333333,83.08333333333333,1.0470833333333334,2.5833333333333335,1.3875,136.54166666666666,80.08333333333333
2023-10-20,96.96249999999999,60.46666666666667,439.2083333333333,16.7375,9.9,75.79166666666667,1.2475,4.166666666666667,1.2291666666666667,143.91666666666666,82.95833333333333
2023-10-21,91.46666666666665,56.17916666666667,389.125,11.9125,9.8125,82.79166666666667,1.1941666666666666,5.375,1.33125,150.5,85.54166666666667
2023-10-22,75.62916666666666,45.13333333333333,426.7083333333333,17.158333333333335,11.958333333333334,84.95833333333333,0.9766666666666667,9.125,1.4375,145.16666666666666,83.33333333333333
2023-10-23,77.00833333333334,44.5875,473.7916666666667,19.683333333333334,11.704166666666666,86.29166666666667,0.62875,14.541666666666666,1.7479166666666668,122.5,75.58333333333333
2023-10-24,58.9,33.516666666666666,410.4166666666667,15.033333333333333,8.0,87.91666666666667,0.57,14.208333333333334,1.5541666666666665,109.33333333333333,71.33333333333333
2023-10-25,60.166666666666664,34.37083333333333,422.6666666666667,14.908333333333333,8.85,89.04166666666667,0.5683333333333334,14.708333333333334,1.5729166666666667,95.33333333333333,66.58333333333333
2023-10-26,50.8125,28.954166666666666,361.5833333333333,11.433333333333332,6.9750000000000005,91.33333333333333,0.3758333333333333,12.791666666666666,1.9437499999999999,94.66666666666667,66.20833333333333
2023-10-27,46.51666666666667,26.71666666666667,308.1666666666667,7.645833333333333,6.145833333333333,98.58333333333333,0.29833333333333334,10.333333333333334,1.9458333333333335,84.70833333333333,62.0
2023-10-28,59.020833333333336,34.733333333333334,386.625,12.604166666666666,8.466666666666667,103.25,0.3433333333333333,8.958333333333334,1.8729166666666668,90.91666666666667,64.20833333333333
2023-10-29,58.458333333333336,35.025,430.0,13.945833333333333,9.654166666666667,106.20833333333333,0.41500000000000004,5.0,1.73125,102.66666666666667,67.41666666666667
2023-10-30,61.3125,36.92916666666667,415.9166666666667,11.816666666666668,10.604166666666666,106.08333333333333,0.5470833333333334,4.208333333333333,1.54375,105.33333333333333,68.41666666666667
2023-10-31,68.66666666666667,41.737500000000004,453.25,15.200000000000001,12.345833333333333,94.95833333333333,0.57375,3.8333333333333335,1.4541666666666666,117.375,73.91666666666667
2023-11-01,59.92916666666667,37.141666666666666,344.6666666666667,9.316666666666666,10.108333333333333,106.58333333333333,0.39458333333333334,3.75,1.7041666666666666,108.375,70.41666666666667
2023-11-02,57.19166666666666,37.4375,423.0,12.408333333333333,9.333333333333334,106.25,0.4479166666666667,1.375,1.6916666666666667,103.20833333333333,67.83333333333333
2023-11-03,68.04166666666667,44.79583333333333,467.2083333333333,14.4125,10.325000000000001,102.0,0.57,0.7083333333333334,1.6395833333333334,116.54166666666667,73.66666666666667
2023-11-04,84.8125,53.69166666666666,453.375,14.875,9.983333333333333,97.16666666666667,0.90125,1.5833333333333333,1.3416666666666668,134.625,79.5
2023-11-05,83.95833333333333,52.637499999999996,408.25,11.220833333333333,8.387500000000001,93.83333333333333,0.9525,1.8333333333333333,1.3229166666666667,148.79166666666666,84.29166666666667
2023-11-06,57.375,35.78333333333333,320.0833333333333,7.691666666666666,11.891666666666666,105.41666666666667,0.5012500000000001,2.3333333333333335,1.5041666666666667,118.625,74.04166666666667
2023-11-07,69.47500000000001,43.77916666666667,374.4583333333333,10.920833333333334,11.695833333333333,100.54166666666667,0.8179166666666666,1.75,1.46875,108.54166666666667,71.125
2023-11-08,32.28333333333333,22.162499999999998,270.875,5.916666666666667,4.625,90.875,0.61,0.041666666666666664,1.3,101.375,68.25
2023-11-09,34.975,23.575,336.875,10.833333333333334,5.5874999999999995,73.41666666666667,0.5379166666666667,0.3333333333333333,1.4541666666666666,69.625,46.0
2023-11-10,34.762499999999996,23.433333333333334,365.0833333333333,12.125,5.420833333333333,67.625,0.5154166666666667,0.4166666666666667,1.5458333333333334,77.5,58.833333333333336
2023-11-11,57.4125,36.65833333333333,418.625,13.070833333333333,8.795833333333333,81.25,0.6341666666666667,1.2083333333333333,1.3541666666666667,83.66666666666667,60.458333333333336
2023-11-12,72.67916666666666,44.395833333333336,531.5833333333334,17.779166666666665,12.450000000000001,90.0,0.4995833333333333,1.625,1.5270833333333333,111.08333333333333,71.95833333333333
2023-11-13,93.15416666666665,55.791666666666664,602.875,21.90416666666667,13.674999999999999,86.70833333333333,0.7579166666666667,1.9166666666666667,1.4208333333333334,132.875,78.95833333333333
2023-11-14,92.14583333333333,55.73333333333333,630.7916666666666,24.912499999999998,14.049999999999999,77.375,0.69,1.375,1.46875,152.29166666666666,87.95833333333333
2023-11-15,81.44166666666666,49.4125,575.0416666666666,23.241666666666664,12.858333333333334,78.625,0.56875,0.7916666666666666,1.429166666666667,138.08333333333334,80.625
2023-11-16,94.54166666666667,56.84583333333333,557.9166666666666,20.212500000000002,13.554166666666667,86.33333333333333,0.6308333333333334,0.375,1.3666666666666665,139.91666666666666,81.25
2023-11-17,114.03750000000001,68.72916666666667,614.9583333333334,20.55,17.954166666666666,102.95833333333333,0.6870833333333333,0.5,1.30625,153.16666666666666,89.25
2023-11-18,97.20833333333333,60.145833333333336,613.0833333333334,18.4375,16.154166666666665,96.04166666666667,0.8375,0.0,1.1416666666666668,157.08333333333334,95.04166666666667
2023-11-19,81.5125,52.362500000000004,606.0,20.48333333333333,15.025,86.79166666666667,0.8475,0.0,1.0833333333333333,148.79166666666666,85.08333333333333
2023-11-20,59.65833333333333,39.641666666666666,484.25,14.762500000000001,9.950000000000001,83.375,0.685,0.25,1.2791666666666666,127.08333333333333,77.04166666666667
2023-11-21,55.78333333333333,37.15416666666667,363.375,8.970833333333333,8.133333333333333,91.0,0.5041666666666667,0.5833333333333334,1.4416666666666667,105.33333333333333,70.0
2023-11-22,54.9625,37.5375,433.5416666666667,15.691666666666668,10.025,84.79166666666667,0.3858333333333333,0.6666666666666666,1.5020833333333332,101.16666666666667,68.75
2023-11-23,50.916666666666664,34.9125,479.5833333333333,18.120833333333334,9.4375,73.95833333333333,0.5241666666666667,0.08333333333333333,1.225,107.20833333333333,70.70833333333333
2023-11-24,30.983333333333334,21.070833333333333,348.1666666666667,11.450000000000001,6.054166666666667,74.375,0.3620833333333333,0.20833333333333334,1.4041666666666668,82.58333333333333,59.666666666666664
2023-11-25,29.195833333333336,19.958333333333332,326.9583333333333,11.5875,6.258333333333333,71.83333333333333,0.4245833333333333,0.2916666666666667,1.4020833333333333,66.125,41.166666666666664
2023-11-26,35.3125,23.15833333333333,358.875,12.012500000000001,6.9624999999999995,70.0,0.44875,0.25,1.2541666666666667,70.45833333333333,46.541666666666664
2023-11-27,44.68333333333334,29.683333333333334,432.5,16.758333333333333,10.433333333333334,70.16666666666667,0.6504166666666666,0.75,1.0041666666666667,79.08333333333333,58.791666666666664
2023-11-28,40.78333333333333,27.8,550.375,25.291666666666668,13.308333333333332,56.375,0.29791666666666666,0.25,1.3062500000000001,92.58333333333333,65.70833333333333
2023-11-29,34.00833333333333,22.816666666666666,419.25,17.395833333333332,8.770833333333334,63.291666666666664,0.29125,0.08333333333333333,1.3166666666666667,72.25,49.291666666666664
2023-11-30,42.37083333333333,28.308333333333334,493.1666666666667,24.40416666666667,12.479166666666666,62.166666666666664,0.36375,0.375,1.26875,81.91666666666667,61.083333333333336
2023-12-01,35.266666666666666,23.837500000000002,471.6666666666667,21.0,11.120833333333332,62.5,0.28125,0.0,1.3333333333333333,81.91666666666667,61.583333333333336
2023-12-02,28.254166666666666,18.820833333333333,336.9583333333333,9.079166666666667,6.991666666666667,78.54166666666667,0.31333333333333335,0.20833333333333334,1.3791666666666667,65.875,43.791666666666664
2023-12-03,38.87083333333333,26.254166666666666,405.5,9.858333333333333,7.925,79.45833333333333,0.33791666666666664,0.0,1.3791666666666667,74.66666666666667,53.166666666666664
2023-12-04,30.541666666666668,20.933333333333334,373.0833333333333,11.2875,7.841666666666666,69.16666666666667,0.23708333333333334,0.0,1.53125,75.58333333333333,54.75
2023-12-05,33.63333333333333,23.020833333333332,356.6666666666667,8.695833333333333,8.508333333333333,72.66666666666667,0.34208333333333335,0.0,1.3625,69.16666666666667,45.333333333333336
2023-12-06,38.1625,26.308333333333334,355.5,8.783333333333333,9.208333333333334,67.08333333333333,0.5075,0.0,0.9500000000000001,80.08333333333333,60.125
2023-12-07,39.579166666666666,27.3,392.75,14.541666666666666,7.6000000000000005,62.166666666666664,0.6133333333333334,0.0,1.0583333333333333,74.20833333333333,53.5
2023-12-08,44.49583333333334,30.620833333333334,481.3333333333333,18.879166666666666,9.779166666666667,61.958333333333336,0.6108333333333333,0.0,1.1375,91.625,65.25
2023-12-09,41.15416666666667,28.504166666666666,500.875,18.891666666666666,9.970833333333333,69.33333333333333,0.42791666666666667,0.0,1.2437500000000001,90.41666666666667,64.70833333333333
2023-12-10,38.4375,26.625,396.2083333333333,12.4,8.554166666666667,78.70833333333333,0.47625,0.0,1.2854166666666667,76.20833333333333,57.125
2023-12-11,48.35833333333333,33.574999999999996,555.4166666666666,21.508333333333336,11.595833333333333,77.70833333333333,0.45458333333333334,0.0,1.28125,91.66666666666667,65.125
2023-12-12,59.30416666666667,41.18333333333333,660.1666666666666,25.170833333333334,15.604166666666666,79.125,0.55625,0.0,1.2166666666666666,106.375,70.33333333333333
2023-12-13,57.791666666666664,37.887499999999996,568.5833333333334,20.179166666666667,13.070833333333333,86.45833333333333,0.45125,0.0,1.3958333333333333,115.0,73.20833333333333
2023-12-14,46.324999999999996,25.741666666666664,342.7916666666667,7.508333333333333,6.841666666666666,101.54166666666667,0.35083333333333333,0.20833333333333334,1.3833333333333335,90.25,63.75
2023-12-15,42.75416666666666,27.962500000000002,346.25,8.1,8.091666666666667,94.41666666666667,0.29958333333333337,0.08333333333333333,1.4020833333333333,79.91666666666667,60.916666666666664
2023-12-16,63.26666666666667,41.99166666666667,388.8333333333333,10.045833333333333,7.558333333333334,94.83333333333333,0.5016666666666666,0.08333333333333333,1.3166666666666667,96.70833333333333,67.04166666666667
2023-12-17,75.01666666666667,49.875,391.0833333333333,6.820833333333333,8.004166666666666,89.75,0.8983333333333333,0.0,0.8624999999999999,126.25,76.75
2023-12-18,72.56666666666666,48.05416666666667,361.6666666666667,5.195833333333334,10.345833333333333,98.66666666666667,0.7654166666666667,0.0,1.1458333333333333,135.125,79.58333333333333
2023-12-19,64.01666666666667,42.262499999999996,323.5833333333333,5.554166666666667,10.795833333333334,96.16666666666667,0.5554166666666667,0.0,1.2854166666666667,127.66666666666667,77.33333333333333
2023-12-20,50.59583333333333,33.204166666666666,363.7916666666667,7.954166666666667,13.9,98.0,0.32875000000000004,0.0,1.3958333333333333,102.625,68.70833333333333
2023-12-21,62.56666666666666,40.74583333333333,453.5833333333333,11.595833333333333,13.245833333333332,96.83333333333333,0.34708333333333335,0.125,1.3895833333333334,102.0,68.58333333333333
2023-12-22,78.40833333333333,50.64166666666667,588.7916666666666,17.654166666666665,13.983333333333334,96.375,0.35791666666666666,0.25,1.2416666666666667,127.79166666666667,77.29166666666667
2023-12-23,58.762499999999996,38.19166666666667,539.8333333333334,15.091666666666667,13.545833333333334,98.41666666666667,0.2504166666666667,0.125,1.4791666666666667,129.0,77.66666666666667
2023-12-24,71.97083333333333,46.1625,519.4583333333334,11.966666666666667,12.3125,104.04166666666667,0.2941666666666667,0.4166666666666667,1.4520833333333334,110.0,71.45833333333333
2023-12-25,80.86666666666666,51.475,530.0833333333334,13.174999999999999,11.637500000000001,98.625,0.33749999999999997,0.8333333333333334,1.4124999999999999,135.66666666666666,79.75
2023-12-26,68.04583333333333,43.75833333333333,562.3333333333334,16.820833333333333,11.166666666666666,84.875,0.28541666666666665,0.7916666666666666,1.5104166666666667,138.95833333333334,80.83333333333333
2023-12-27,73.52499999999999,47.25416666666666,556.25,15.954166666666666,10.654166666666667,93.41666666666667,0.32916666666666666,0.5416666666666666,1.460416666666667,114.25,73.0
2023-12-28,82.61666666666666,53.104166666666664,538.125,11.945833333333333,10.583333333333334,95.875,0.40291666666666665,0.5,1.375,143.66666666666666,82.29166666666667
2023-12-29,58.26666666666667,38.425000000000004,482.4166666666667,11.966666666666667,10.262500000000001,97.70833333333333,0.24250000000000002,0.125,1.48125,128.25,77.41666666666667
2023-12-30,46.06666666666666,30.729166666666668,473.0,17.295833333333334,11.366666666666667,86.5,0.2041666666666667,0.6666666666666666,1.4979166666666668,93.95833333333333,65.91666666666667
2023-12-31,41.77916666666667,27.825,500.125,20.6375,11.891666666666666,80.45833333333333,0.23958333333333334,0.5,1.4895833333333333,87.625,63.583333333333336
2024-01-01,56.60833333333333,37.34166666666667,602.0416666666666,24.604166666666668,14.5625,81.0,0.40791666666666665,0.5,1.3625,92.79166666666667,65.375
2024-01-02,72.65833333333333,47.59583333333333,657.25,27.2375,16.645833333333332,79.08333333333333,0.6054166666666667,0.375,1.366666666666667,119.91666666666667,74.79166666666667
2024-01-03,76.72916666666667,50.19166666666666,663.5416666666666,26.558333333333334,17.104166666666668,75.45833333333333,0.69,0.125,1.3041666666666667,134.5,79.41666666666667
2024-01-04,85.43333333333334,55.62083333333334,663.25,21.525000000000002,22.008333333333336,87.58333333333333,0.6629166666666667,0.4166666666666667,1.21875,148.75,85.625
2024-01-05,74.24583333333334,48.862500000000004,630.0,23.075,21.708333333333332,83.83333333333333,0.6124999999999999,1.0,1.1645833333333333,130.41666666666666,78.16666666666667
2024-01-06,74.26666666666667,48.47083333333333,569.75,20.254166666666666,13.825000000000001,72.45833333333333,0.855,0.6666666666666666,1.21875,134.08333333333334,79.29166666666667
2024-01-07,43.104166666666664,27.8625,399.625,13.4125,7.520833333333333,75.95833333333333,0.48833333333333334,0.125,1.35625,108.375,70.91666666666667
2024-01-08,37.666666666666664,24.270833333333332,356.125,9.4,7.866666666666666,85.25,0.36041666666666666,0.08333333333333333,1.6229166666666668,76.29166666666667,56.541666666666664
2024-01-09,31.212500000000002,20.404166666666665,311.875,7.6125,5.645833333333333,68.70833333333333,0.40125000000000005,0.0,1.0770833333333334,77.25,57.458333333333336
2024-01-10,42.625,28.079166666666666,382.5833333333333,11.020833333333334,6.425,67.08333333333333,0.48374999999999996,0.0,0.9375,69.45833333333333,45.041666666666664
2024-01-11,37.1875,24.629166666666666,374.125,10.4625,6.320833333333333,76.91666666666667,0.37083333333333335,0.0,1.4145833333333335,84.125,62.416666666666664
2024-01-12,39.50416666666667,26.575,478.7083333333333,16.683333333333334,8.408333333333333,74.25,0.2754166666666667,0.0,1.5666666666666667,77.20833333333333,58.833333333333336
2024-01-13,40.9,27.53333333333333,523.2083333333334,22.979166666666668,11.858333333333334,70.33333333333333,0.2575,0.0,1.5104166666666667,88.25,64.04166666666667
2024-01-14,30.620833333333334,20.704166666666666,441.2916666666667,19.216666666666665,12.525,61.333333333333336,0.15583333333333335,0.0,1.6645833333333335,72.70833333333333,50.791666666666664
2024-01-15,28.808333333333334,19.691666666666666,430.5833333333333,20.083333333333332,15.25,69.66666666666667,0.09541666666666666,0.0,1.7291666666666667,67.95833333333333,45.666666666666664
2024-01-16,39.079166666666666,26.962500000000002,499.625,20.037499999999998,22.558333333333334,91.45833333333333,0.11208333333333333,0.20833333333333334,1.7041666666666666,82.33333333333333,56.666666666666664
2024-01-17,47.3375,31.2375,457.4166666666667,12.479166666666666,25.016666666666666,118.0,0.19458333333333333,0.0,1.5916666666666668,92.83333333333333,63.083333333333336
2024-01-18,59.94583333333333,38.487500000000004,462.6666666666667,13.583333333333334,22.037499999999998,106.33333333333333,0.22,0.8333333333333334,1.6958333333333335,101.95833333333333,68.66666666666667
2024-01-19,58.479166666666664,36.2875,486.7083333333333,15.441666666666668,20.454166666666666,90.08333333333333,0.15875,1.9166666666666667,1.7479166666666668,112.79166666666667,72.5
2024-01-20,44.699999999999996,28.566666666666666,408.7083333333333,13.441666666666668,16.05,90.20833333333333,0.18791666666666665,0.5416666666666666,1.6916666666666667,85.95833333333333,63.125
2024-01-21,58.833333333333336,38.96666666666667,558.5,17.641666666666666,18.208333333333332,86.125,0.24125,0.0,1.6937499999999999,102.5,69.0
2024-01-22,53.18333333333334,34.958333333333336,455.2083333333333,12.958333333333334,14.625,89.95833333333333,0.18166666666666667,0.08333333333333333,1.7333333333333334,99.125,67.95833333333333
2024-01-23,66.12083333333334,43.5,557.1666666666666,17.9875,19.316666666666666,96.04166666666667,0.23208333333333334,1.375,1.7166666666666666,112.625,72.41666666666667
2024-01-24,39.8125,26.6125,498.8333333333333,17.629166666666666,10.883333333333333,86.20833333333333,0.17833333333333334,1.4583333333333333,1.75,98.04166666666667,66.75
2024-01-25,36.604166666666664,24.458333333333332,420.625,13.75,9.775,94.70833333333333,0.19291666666666665,1.2916666666666667,1.6624999999999999,80.29166666666667,57.625
2024-01-26,66.4375,43.225,526.9166666666666,17.629166666666666,13.020833333333334,97.20833333333333,0.44125,1.8333333333333333,1.4916666666666665,95.625,65.54166666666667
2024-01-27,79.88333333333334,51.90833333333333,611.5,22.4875,13.275,83.70833333333333,0.5595833333333333,3.125,1.4479166666666667,137.54166666666666,80.41666666666667
2024-01-28,77.74166666666666,51.208333333333336,580.2083333333334,23.40416666666667,11.758333333333333,81.58333333333333,0.5895833333333333,2.5416666666666665,1.5166666666666666,139.625,81.0
2024-01-29,82.59583333333333,54.229166666666664,654.4583333333334,22.59166666666667,17.154166666666665,89.20833333333333,0.7062499999999999,2.7083333333333335,1.4020833333333333,147.125,83.375
2024-01-30,78.81666666666666,51.208333333333336,579.2916666666666,18.229166666666668,18.379166666666666,102.58333333333333,0.6379166666666667,1.7916666666666667,1.4395833333333332,140.75,80.875
2024-01-31,74.02916666666667,47.5625,477.9166666666667,12.0,23.504166666666666,125.125,0.44208333333333333,1.4166666666666667,1.5854166666666665,145.375,82.08333333333333
2024-02-01,67.55833333333334,42.1,455.8333333333333,11.237499999999999,23.8625,126.91666666666667,0.2520833333333333,6.083333333333333,1.7791666666666668,127.875,75.54166666666667
2024-02-02,58.770833333333336,35.416666666666664,428.125,15.108333333333334,14.429166666666667,86.75,0.26916666666666667,10.625,1.8333333333333333,103.33333333333333,69.33333333333333
2024-02-03,48.729166666666664,30.079166666666666,390.25,12.691666666666668,9.033333333333333,88.625,0.23291666666666666,7.833333333333333,1.9104166666666667,94.33333333333333,66.25
2024-02-04,64.99583333333334,41.175000000000004,429.7083333333333,12.204166666666666,10.612499999999999,101.20833333333333,0.5195833333333334,5.791666666666667,1.7520833333333332,96.20833333333333,66.125
2024-02-05,80.82083333333334,50.93333333333334,525.5,14.845833333333333,24.270833333333332,125.41666666666667,0.5908333333333333,6.416666666666667,1.6895833333333332,142.375,81.125
2024-02-06,67.69166666666666,40.675000000000004,507.7916666666667,18.508333333333333,19.316666666666666,102.83333333333333,0.5029166666666667,14.666666666666666,1.7874999999999999,128.04166666666666,75.16666666666667
2024-02-07,51.0,30.508333333333336,465.0,16.55,17.079166666666666,88.70833333333333,0.3179166666666667,13.0,1.89375,106.58333333333333,69.83333333333333
2024-02-08,44.7875,25.78333333333333,391.5416666666667,16.116666666666667,10.475,76.79166666666667,0.14208333333333334,22.708333333333332,2.15625,80.04166666666667,60.375
2024-02-09,50.300000000000004,31.337500000000002,494.0,20.045833333333334,16.033333333333335,85.875,0.135,12.0,2.1062499999999997,90.45833333333333,63.916666666666664
2024-02-10,54.916666666666664,32.80833333333333,460.9166666666667,15.674999999999999,19.033333333333335,99.91666666666667,0.11833333333333333,14.833333333333334,2.2729166666666667,95.04166666666667,65.66666666666667
2024-02-11,55.85,34.09583333333333,469.2916666666667,15.716666666666667,17.3875,98.16666666666667,0.19375,14.458333333333334,2.1083333333333334,100.08333333333333,67.29166666666667
2024-02-12,50.32916666666667,30.8875,457.8333333333333,16.48333333333333,16.712500000000002,90.29166666666667,0.20458333333333334,14.625,2.089583333333333,93.375,65.83333333333333
2024-02-13,59.175000000000004,36.975,448.875,15.616666666666667,20.4875,97.41666666666667,0.24208333333333332,10.333333333333334,2.00625,98.16666666666667,66.875
2024-02-14,64.00833333333334,41.1,519.75,20.458333333333332,16.495833333333334,86.04166666666667,0.3908333333333333,9.208333333333334,1.7333333333333334,107.20833333333333,70.5
2024-02-15,52.11666666666667,33.141666666666666,553.5833333333334,22.104166666666668,13.133333333333333,78.79166666666667,0.46249999999999997,8.041666666666666,1.6916666666666667,103.70833333333333,69.41666666666667
2024-02-16,48.5375,32.4625,550.2083333333334,20.525000000000002,13.191666666666668,79.5,0.4345833333333333,1.5,1.7229166666666667,98.0,67.70833333333333
2024-02-17,46.887499999999996,31.495833333333334,531.375,20.195833333333333,13.979166666666666,89.83333333333333,0.28958333333333336,0.625,2.0625,92.95833333333333,65.625
2024-02-18,70.50833333333334,47.30416666666667,550.7083333333334,14.854166666666666,23.59166666666667,130.66666666666666,0.37166666666666665,0.875,1.9895833333333333,117.25,72.75
2024-02-19,48.800000000000004,33.15833333333334,469.5,14.387500000000001,20.554166666666667,112.29166666666667,0.26458333333333334,0.0,2.1479166666666667,114.125,72.33333333333333
2024-02-20,32.00416666666667,21.808333333333334,392.2083333333333,14.645833333333334,15.945833333333333,81.45833333333333,0.14416666666666667,0.20833333333333334,2.185416666666667,78.375,57.041666666666664
2024-02-21,33.949999999999996,21.2625,343.1666666666667,12.083333333333334,17.770833333333332,83.625,0.11041666666666666,6.291666666666667,2.3958333333333335,71.91666666666667,50.25
2024-02-22,56.55833333333334,26.241666666666664,304.8333333333333,11.1625,17.841666666666665,89.91666666666667,0.15708333333333332,55.708333333333336,2.3958333333333335,73.79166666666667,50.708333333333336
2024-02-23,63.6875,27.275000000000002,350.4166666666667,13.570833333333333,14.987499999999999,90.20833333333333,0.125,67.29166666666667,2.48125,85.70833333333333,66.08333333333333
2024-02-24,39.237500000000004,23.53333333333333,377.5416666666667,14.75,15.887500000000001,99.25,0.11375,11.166666666666666,2.43125,90.25,62.541666666666664
2024-02-25,36.30416666666667,24.004166666666666,438.625,17.770833333333332,10.862499999999999,99.33333333333333,0.1975,3.5416666666666665,2.3604166666666666,83.75,54.5
2024-02-26,62.083333333333336,40.86666666666667,566.5,18.866666666666667,14.924999999999999,103.83333333333333,0.5854166666666667,3.125,2.00625,100.16666666666667,66.33333333333333
2024-02-27,84.3625,53.574999999999996,480.5833333333333,11.204166666666666,18.791666666666668,135.5,0.8954166666666667,3.5,1.5333333333333332,134.41666666666666,78.45833333333333
2024-02-28,62.4375,39.93333333333333,431.875,15.4,9.995833333333334,86.08333333333333,0.6825,3.5833333333333335,1.7479166666666668,125.54166666666667,76.625
2024-02-29,47.225,29.291666666666668,383.2916666666667,13.029166666666667,7.854166666666667,86.375,0.47458333333333336,8.791666666666666,2.0854166666666667,102.125,68.91666666666667
2024-03-01,66.04166666666667,43.025,565.3333333333334,19.287499999999998,17.270833333333332,94.125,0.6245833333333334,3.9166666666666665,1.7874999999999999,102.54166666666667,69.04166666666667
2024-03-02,59.11666666666667,37.762499999999996,386.0,9.095833333333333,18.941666666666666,107.70833333333333,0.38625,2.75,2.120833333333333,118.58333333333333,74.29166666666667
2024-03-03,33.733333333333334,21.379166666666666,262.25,8.799999999999999,12.404166666666667,86.875,0.1525,5.333333333333333,2.597916666666667,81.875,58.333333333333336
2024-03-04,47.73333333333333,23.670833333333334,316.6666666666667,12.945833333333333,18.0125,86.0,0.16291666666666668,42.458333333333336,2.5458333333333334,74.54166666666667,53.708333333333336
2024-03-05,45.833333333333336,28.15416666666667,399.0416666666667,13.645833333333334,17.970833333333335,100.16666666666667,0.16916666666666666,13.25,2.564583333333333,82.16666666666667,59.75
2024-03-06,50.90416666666667,32.38333333333333,439.75,12.950000000000001,22.175,109.45833333333333,0.15708333333333332,5.5,2.7062500000000003,94.625,66.0
2024-03-07,43.56666666666666,26.620833333333334,422.1666666666667,14.183333333333332,19.816666666666666,105.66666666666667,0.12125000000000001,16.0,2.6958333333333333,93.20833333333333,63.666666666666664
2024-03-08,38.22083333333333,18.879166666666666,331.4583333333333,11.891666666666666,10.65,86.95833333333333,0.16083333333333333,35.625,2.652083333333333,70.83333333333333,51.208333333333336
2024-03-09,31.266666666666666,17.8625,342.3333333333333,12.145833333333334,10.5875,93.54166666666667,0.14916666666666667,17.291666666666668,2.5749999999999997,73.375,46.708333333333336
2024-03-10,36.52916666666667,22.183333333333334,352.3333333333333,12.616666666666667,13.270833333333334,101.625,0.20083333333333334,13.375,2.5479166666666666,79.95833333333333,50.125
2024-03-11,48.854166666666664,26.741666666666664,397.2916666666667,13.816666666666668,16.4875,93.0,0.27625,27.875,2.404166666666667,81.875,58.0
2024-03-12,49.67083333333333,27.675,399.5416666666667,12.883333333333333,17.404166666666665,99.79166666666667,0.23791666666666667,25.0,2.53125,90.41666666666667,62.875
2024-03-13,45.800000000000004,24.8125,364.9583333333333,12.65,18.650000000000002,92.125,0.13291666666666666,26.958333333333332,2.747916666666667,81.83333333333333,60.333333333333336
2024-03-14,61.574999999999996,29.504166666666666,386.5,13.354166666666666,16.729166666666668,90.79166666666667,0.1975,55.5,2.56875,84.25,62.625
2024-03-15,66.81666666666666,32.175000000000004,358.25,12.637500000000001,19.337500000000002,104.20833333333333,0.2804166666666667,60.166666666666664,2.470833333333333,95.20833333333333,65.08333333333333
2024-03-16,63.458333333333336,37.012499999999996,371.875,10.995833333333332,20.229166666666668,120.29166666666667,0.36083333333333334,21.0,2.3979166666666667,107.95833333333333,68.95833333333333
2024-03-17,60.770833333333336,36.125,372.1666666666667,11.708333333333334,17.9375,116.0,0.38458333333333333,16.333333333333332,2.3770833333333337,107.70833333333333,68.54166666666667
2024-03-18,55.6,33.42916666666667,351.2916666666667,9.512500000000001,21.254166666666666,126.79166666666667,0.31124999999999997,11.541666666666666,2.4291666666666667,110.08333333333333,68.20833333333333
2024-03-19,54.725,32.67916666666667,372.75,10.133333333333333,19.383333333333333,126.83333333333333,0.20541666666666666,10.875,2.591666666666667,108.33333333333333,66.875
2024-03-20,35.229166666666664,22.454166666666666,407.2083333333333,15.549999999999999,13.220833333333333,99.54166666666667,0.1575,5.583333333333333,2.6833333333333336,90.29166666666667,62.375
2024-03-21,40.704166666666666,26.6375,393.7083333333333,12.700000000000001,9.254166666666666,102.58333333333333,0.32583333333333336,2.1666666666666665,2.3958333333333335,76.58333333333333,51.75
2024-03-22,66.57083333333334,43.81666666666666,450.5833333333333,8.941666666666666,19.150000000000002,159.41666666666666,0.4770833333333333,2.2916666666666665,2.2375000000000003,129.54166666666666,70.29166666666667
2024-03-23,67.8,42.166666666666664,427.6666666666667,8.975,21.229166666666668,148.875,0.44916666666666666,7.583333333333333,2.2875,140.75,75.54166666666667
2024-03-24,50.20416666666667,31.075,353.6666666666667,9.929166666666667,19.108333333333334,120.70833333333333,0.3879166666666667,7.208333333333333,2.3208333333333333,113.125,67.95833333333333
2024-03-25,50.62083333333334,31.604166666666668,365.7916666666667,9.958333333333334,17.570833333333333,116.16666666666667,0.4879166666666667,7.916666666666667,2.316666666666667,103.58333333333333,65.41666666666667
2024-03-26,53.95416666666667,34.00416666666667,400.875,11.258333333333333,18.808333333333334,121.25,0.5433333333333333,7.25,2.2104166666666667,109.04166666666667,66.0
2024-03-27,59.65416666666667,35.65416666666667,359.6666666666667,9.65,20.625,126.58333333333333,0.6749999999999999,13.291666666666666,2.00625,114.5,68.41666666666667
2024-03-28,60.87083333333334,36.862500000000004,366.7916666666667,10.166666666666666,22.125,134.45833333333334,0.96125,11.833333333333334,1.6270833333333332,124.25,69.0
2024-03-29,64.53333333333333,39.59583333333333,361.5,8.645833333333334,20.087500000000002,128.375,1.0216666666666667,9.0,1.4875,120.66666666666667,70.75
2024-03-30,70.55,42.270833333333336,360.2083333333333,8.791666666666666,18.645833333333332,120.375,1.0295833333333333,12.708333333333334,1.4916666666666665,119.79166666666667,73.29166666666667
2024-03-31,62.574999999999996,36.9375,336.2916666666667,8.979166666666666,13.045833333333334,107.58333333333333,1.0225,13.125,1.41875,109.58333333333333,70.66666666666667
2024-04-01,51.37083333333334,32.050000000000004,367.5,10.970833333333333,16.587500000000002,115.33333333333333,0.7295833333333333,7.125,2.13125,112.95833333333333,68.58333333333333
2024-04-02,60.49583333333334,36.550000000000004,323.0,8.533333333333333,20.1875,130.79166666666666,0.41041666666666665,15.333333333333334,2.5104166666666665,114.04166666666667,68.375
2024-04-03,58.35833333333334,34.97083333333333,334.0833333333333,8.895833333333334,19.433333333333334,137.625,0.43250000000000005,15.291666666666666,2.285416666666667,120.375,69.125
2024-04-04,51.71666666666667,31.170833333333334,303.5416666666667,8.516666666666667,17.875,120.91666666666667,0.4466666666666667,12.625,2.30625,111.08333333333333,67.0
2024-04-05,47.791666666666664,28.59166666666667,318.625,9.85,15.329166666666666,114.41666666666667,0.46458333333333335,14.208333333333334,2.4145833333333333,102.45833333333333,64.41666666666667
2024-04-06,38.43333333333333,22.416666666666668,291.875,9.275,11.237499999999999,106.70833333333333,0.39291666666666664,16.083333333333332,2.2312499999999997,85.91666666666667,59.958333333333336
2024-04-07,45.43333333333334,25.34583333333333,309.0833333333333,10.041666666666666,14.679166666666667,105.0,0.41625,21.208333333333332,2.2333333333333334,82.70833333333333,56.583333333333336
2024-04-08,30.479166666666668,18.383333333333333,278.4166666666667,9.945833333333333,15.891666666666666,107.79166666666667,0.21458333333333335,10.916666666666666,2.7937499999999997,84.58333333333333,57.666666666666664
2024-04-09,45.074999999999996,27.3625,314.8333333333333,8.8375,20.579166666666666,133.95833333333334,0.29416666666666663,10.5,2.5916666666666663,99.66666666666667,56.25
2024-04-10,53.208333333333336,31.916666666666668,339.9583333333333,8.766666666666667,19.570833333333333,134.0,0.3666666666666667,12.0,2.7604166666666665,111.41666666666667,64.75
2024-04-11,54.68333333333334,33.25833333333333,337.0,9.291666666666666,16.858333333333334,122.20833333333333,0.5445833333333333,9.75,2.1625,109.41666666666667,66.41666666666667
2024-04-12,45.10833333333333,28.483333333333334,333.375,9.229166666666666,14.916666666666666,113.70833333333333,0.41,4.958333333333333,2.3916666666666666,99.16666666666667,64.91666666666667
2024-04-13,40.425000000000004,25.816666666666666,304.25,9.295833333333333,14.35,115.0,0.2558333333333333,5.0,2.7687500000000003,91.125,62.625
2024-04-14,45.4125,26.691666666666666,305.8333333333333,8.816666666666666,18.866666666666667,134.16666666666666,0.21458333333333335,16.041666666666668,2.877083333333333,102.16666666666667,63.125
2024-04-15,49.45416666666667,30.3625,328.75,8.558333333333334,15.275,122.33333333333333,0.4908333333333333,10.75,2.2312499999999997,102.625,62.416666666666664
2024-04-16,63.47083333333333,39.69166666666667,387.5416666666667,9.516666666666667,13.0375,114.25,0.8079166666666667,8.291666666666666,1.96875,105.125,69.16666666666667
2024-04-17,78.02916666666667,45.475,377.7916666666667,9.5375,10.233333333333333,115.79166666666667,0.9908333333333333,21.791666666666668,1.5374999999999999,114.625,72.83333333333333
2024-04-18,56.51666666666667,31.316666666666666,343.5833333333333,9.829166666666667,16.9875,119.79166666666667,0.5375,21.958333333333332,1.8812499999999999,120.66666666666667,72.66666666666667
2024-04-19,52.29583333333333,31.116666666666664,286.2083333333333,7.075,18.933333333333334,127.83333333333333,0.5641666666666666,14.0,2.1479166666666667,106.66666666666667,64.375
2024-04-20,59.79583333333333,33.44166666666667,307.1666666666667,8.116666666666667,13.8375,110.16666666666667,0.7758333333333334,26.708333333333332,1.7312500000000002,99.91666666666667,65.79166666666667
2024-04-21,50.65,30.099999999999998,292.9583333333333,8.404166666666667,12.9125,106.75,0.7087500000000001,14.958333333333334,1.5291666666666668,96.83333333333333,65.79166666666667
2024-04-22,53.95416666666667,32.225,314.3333333333333,9.883333333333333,13.216666666666667,105.33333333333333,0.6804166666666666,14.0,2.0124999999999997,97.625,64.33333333333333
2024-04-23,56.02916666666667,33.824999999999996,317.3333333333333,8.987499999999999,14.5625,110.5,0.5520833333333334,10.291666666666666,2.316666666666667,105.45833333333333,68.45833333333333
2024-04-24,58.362500000000004,35.324999999999996,328.375,9.270833333333334,15.120833333333332,119.70833333333333,0.7241666666666666,12.166666666666666,1.7145833333333333,104.125,65.875
2024-04-25,57.92083333333333,35.454166666666666,331.5,8.4375,16.070833333333333,121.66666666666667,0.7766666666666667,11.083333333333334,1.8333333333333333,110.58333333333333,69.58333333333333
2024-04-26,56.2875,34.987500000000004,306.6666666666667,8.262500000000001,16.133333333333333,118.375,0.8125,7.791666666666667,1.79375,106.33333333333333,66.875
2024-04-27,63.55833333333333,39.82083333333333,326.9583333333333,8.262500000000001,14.6625,115.04166666666667,0.8358333333333333,5.333333333333333,2.033333333333333,110.33333333333333,71.45833333333333
2024-04-28,47.7875,30.745833333333334,310.7916666666667,7.1375,17.029166666666665,123.04166666666667,0.7479166666666667,2.9583333333333335,1.8812499999999999,107.08333333333333,68.125
2024-04-29,44.14166666666667,28.337500000000002,289.0416666666667,7.0,18.224999999999998,123.91666666666667,0.73875,6.875,2.220833333333333,101.83333333333333,63.958333333333336
2024-04-30,41.0875,25.075,299.625,9.408333333333333,20.108333333333334,115.125,0.5254166666666666,12.166666666666666,2.464583333333333,99.08333333333333,63.375
2024-05-01,43.47083333333333,22.4375,260.7916666666667,8.879166666666666,18.266666666666666,117.41666666666667,0.30833333333333335,33.791666666666664,2.952083333333333,93.625,60.0
2024-05-02,48.05833333333334,23.625,258.0416666666667,7.591666666666666,17.866666666666667,136.20833333333334,0.15166666666666667,41.291666666666664,3.139583333333333,101.5,59.791666666666664
2024-05-03,50.025,27.224999999999998,278.2916666666667,7.5874999999999995,19.55,147.45833333333334,0.13291666666666666,30.208333333333332,3.1020833333333333,120.16666666666667,64.29166666666667
2024-05-04,52.15,29.8,289.0,7.570833333333334,21.233333333333334,150.54166666666666,0.2041666666666667,23.666666666666668,2.8333333333333335,132.41666666666666,66.83333333333333
2024-05-05,39.87083333333333,23.229166666666668,259.7916666666667,7.991666666666667,18.020833333333332,114.625,0.18208333333333335,15.625,2.9250000000000003,99.70833333333333,61.833333333333336
2024-05-06,35.40416666666667,20.033333333333335,242.625,8.9,16.379166666666666,95.33333333333333,0.14083333333333334,18.375,2.966666666666667,76.25,51.083333333333336
2024-05-07,38.545833333333334,17.650000000000002,212.75,7.904166666666666,15.195833333333333,96.25,0.12,37.75,2.8375,76.75,47.708333333333336
2024-05-08,39.800000000000004,17.675,190.83333333333334,6.291666666666667,11.987499999999999,103.66666666666667,0.19208333333333336,40.291666666666664,2.7770833333333336,77.25,50.583333333333336
2024-05-09,40.5,20.608333333333334,208.875,7.2124999999999995,16.091666666666665,111.58333333333333,0.33375,26.958333333333332,2.1791666666666667,86.16666666666667,51.916666666666664
2024-05-10,50.324999999999996,29.120833333333334,258.125,10.508333333333333,19.816666666666666,108.16666666666667,0.7362500000000001,20.208333333333332,1.6187500000000001,91.79166666666667,55.25
2024-05-11,57.03333333333333,34.11666666666667,320.0416666666667,9.904166666666667,15.729166666666666,109.83333333333333,0.7733333333333333,16.791666666666668,1.8104166666666668,104.33333333333333,67.25
2024-05-12,54.42916666666667,34.041666666666664,350.2083333333333,10.895833333333334,12.595833333333333,109.33333333333333,0.665,11.541666666666666,1.7854166666666667,100.79166666666667,66.41666666666667
2024-05-13,65.73333333333333,37.975,338.75,10.041666666666666,7.075,102.33333333333333,0.6974999999999999,24.166666666666668,2.0375,101.79166666666667,68.79166666666667
2024-05-14,61.637499999999996,37.041666666666664,343.75,10.429166666666665,11.866666666666667,111.54166666666667,0.595,16.708333333333332,2.160416666666667,113.20833333333333,72.54166666666667
2024-05-15,56.43333333333334,34.7125,362.1666666666667,10.262500000000001,10.179166666666667,115.83333333333333,0.57,12.25,2.214583333333333,110.45833333333333,67.79166666666667
2024-05-16,46.15,30.02916666666667,332.5,7.895833333333333,7.195833333333333,118.625,0.6354166666666666,5.875,1.7666666666666666,100.25,64.875
2024-05-17,69.17916666666666,43.54583333333333,415.2083333333333,11.770833333333334,11.8375,120.58333333333333,0.9004166666666666,11.916666666666666,1.7770833333333333,115.45833333333333,69.0
2024-05-18,94.06666666666666,55.833333333333336,388.0416666666667,8.329166666666667,17.433333333333334,146.25,1.0366666666666666,16.625,1.7958333333333334,142.83333333333334,79.70833333333333
2024-05-19,69.88333333333334,40.56666666666667,301.4166666666667,7.325,15.395833333333334,136.66666666666666,0.9679166666666666,20.291666666666668,1.5625,143.5,79.33333333333333
2024-05-20,58.84583333333333,34.895833333333336,271.875,7.166666666666667,19.004166666666666,137.83333333333334,0.7595833333333334,15.083333333333334,1.9270833333333333,125.95833333333333,71.16666666666667
2024-05-21,43.708333333333336,23.53333333333333,222.83333333333334,6.729166666666667,13.116666666666667,117.20833333333333,0.5445833333333333,22.041666666666668,2.0770833333333334,104.16666666666667,64.375
2024-05-22,61.520833333333336,31.370833333333334,248.66666666666666,5.3999999999999995,14.391666666666666,143.0,0.7420833333333333,40.958333333333336,2.0020833333333337,110.08333333333333,63.333333333333336
2024-05-23,61.24166666666667,31.604166666666668,259.2083333333333,6.583333333333333,18.537499999999998,139.16666666666666,0.6570833333333334,36.25,1.8875,123.375,67.70833333333333
2024-05-24,45.87916666666666,23.641666666666666,219.79166666666666,6.625,13.4125,110.41666666666667,0.4191666666666667,31.333333333333332,2.3229166666666665,98.33333333333333,63.125
2024-05-25,36.324999999999996,16.129166666666666,137.16666666666666,5.220833333333333,8.370833333333334,86.79166666666667,0.45916666666666667,33.666666666666664,1.9500000000000002,69.75,47.375
2024-05-26,40.99166666666667,18.075,124.375,4.533333333333333,6.866666666666667,83.95833333333333,0.4875,38.291666666666664,2.03125,61.041666666666664,43.458333333333336
2024-05-27,37.854166666666664,17.224999999999998,134.5,4.708333333333333,5.1875,65.875,0.50125,35.791666666666664,1.48125,63.208333333333336,40.208333333333336
2024-05-28,40.37916666666667,16.591666666666665,121.0,3.3208333333333333,3.8083333333333336,68.75,0.3666666666666667,47.791666666666664,2.53125,60.166666666666664,39.833333333333336
2024-05-29,40.625,16.9875,123.41666666666667,3.4958333333333336,3.7875,59.833333333333336,0.36125,47.416666666666664,2.44375,61.833333333333336,45.0
2024-05-30,36.24166666666667,15.454166666666666,116.20833333333333,3.5541666666666667,4.795833333333333,66.5,0.35916666666666663,40.25,2.627083333333333,58.458333333333336,39.041666666666664
2024-05-31,33.07083333333333,13.108333333333334,125.375,4.3625,5.895833333333333,67.625,0.3558333333333334,39.958333333333336,2.5541666666666667,53.833333333333336,35.958333333333336
2024-06-01,27.520833333333332,11.441666666666668,143.41666666666666,4.391666666666667,5.4875,65.91666666666667,0.30916666666666665,29.208333333333332,2.5791666666666666,50.541666666666664,33.916666666666664
2024-06-02,31.120833333333334,13.845833333333333,162.79166666666666,5.1499999999999995,7.483333333333333,73.25,0.3641666666666667,28.125,2.4520833333333334,48.833333333333336,34.625
2024-06-03,37.0875,17.8,181.41666666666666,6.308333333333334,9.054166666666667,75.70833333333333,0.5320833333333334,28.791666666666668,1.8541666666666667,58.916666666666664,37.375
2024-06-04,31.258333333333336,16.1625,174.54166666666666,7.066666666666666,7.504166666666666,61.208333333333336,0.535,22.875,1.4333333333333333,63.708333333333336,37.625
2024-06-05,17.3875,10.291666666666666,167.5,7.608333333333333,5.7875000000000005,49.041666666666664,0.335,8.333333333333334,1.4333333333333333,49.583333333333336,26.5
2024-06-06,22.6875,14.145833333333334,193.25,8.8625,9.75,63.416666666666664,0.4033333333333333,6.791666666666667,1.6458333333333333,43.416666666666664,28.416666666666668
2024-06-07,41.09583333333333,21.625,205.625,7.683333333333334,11.154166666666667,87.375,0.5854166666666667,31.416666666666668,1.8479166666666667,63.5,42.25
2024-06-08,43.94583333333333,25.825,219.25,7.470833333333334,8.795833333333333,92.95833333333333,0.7941666666666666,20.791666666666668,1.5999999999999999,74.625,54.541666666666664
2024-06-09,41.145833333333336,23.933333333333334,207.04166666666666,7.441666666666666,10.112499999999999,85.875,0.7995833333333334,20.333333333333332,1.3708333333333333,79.79166666666667,60.791666666666664
2024-06-10,31.104166666666668,19.1375,184.41666666666666,7.320833333333333,10.216666666666667,76.875,0.6095833333333334,15.041666666666666,1.2666666666666666,69.79166666666667,45.625
2024-06-11,16.529166666666665,9.620833333333334,169.95833333333334,7.166666666666667,6.633333333333333,67.125,0.5458333333333333,9.75,0.9708333333333333,53.708333333333336,30.833333333333332
2024-06-12,16.658333333333335,9.833333333333334,160.41666666666666,6.8125,5.3500000000000005,53.375,0.37083333333333335,8.625,1.6083333333333334,45.958333333333336,24.25
2024-06-13,11.154166666666667,7.083333333333333,152.625,6.3999999999999995,5.1625000000000005,51.75,0.22458333333333333,3.375,1.48125,35.166666666666664,21.958333333333332
2024-06-14,13.795833333333334,7.7,143.70833333333334,5.6499999999999995,4.241666666666666,49.416666666666664,0.2608333333333333,8.583333333333334,1.8062500000000001,30.041666666666668,20.083333333333332
2024-06-15,11.670833333333334,7.391666666666667,155.83333333333334,6.795833333333333,4.495833333333333,47.791666666666664,0.21125000000000002,3.625,1.79375,31.833333333333332,20.125
2024-06-16,19.462500000000002,11.225,159.45833333333334,7.1875,5.425,55.291666666666664,0.27125,9.166666666666666,1.9520833333333334,38.666666666666664,23.791666666666668
2024-06-17,27.504166666666666,12.5375,155.5,7.220833333333334,5.929166666666667,51.625,0.2916666666666667,29.708333333333332,2.0395833333333333,48.833333333333336,26.208333333333332
2024-06-18,18.8875,9.595833333333333,146.125,5.804166666666667,4.8999999999999995,49.875,0.27458333333333335,15.25,1.6583333333333332,47.083333333333336,25.5
2024-06-19,17.070833333333333,8.204166666666667,143.0,5.125,3.9791666666666665,51.75,0.26625,15.208333333333334,1.5895833333333333,37.375,21.5
2024-06-20,9.512500000000001,4.879166666666666,134.625,4.991666666666666,3.4,50.791666666666664,0.26208333333333333,7.75,1.6354166666666667,27.958333333333332,20.333333333333332
2024-06-21,19.925,8.012500000000001,131.375,4.604166666666667,3.483333333333333,48.5,0.47833333333333333,23.375,1.4604166666666665,23.958333333333332,20.125
2024-06-22,27.808333333333334,9.845833333333333,133.625,5.683333333333334,3.7416666666666667,45.958333333333336,0.375,38.583333333333336,1.4104166666666667,37.458333333333336,23.916666666666668
2024-06-23,37.05416666666667,12.345833333333333,149.04166666666666,6.095833333333334,5.220833333333333,53.875,0.43624999999999997,59.125,1.3416666666666666,47.708333333333336,35.5
2024-06-24,18.379166666666666,9.966666666666667,153.125,6.6375,4.970833333333333,52.041666666666664,0.24666666666666667,14.375,1.6854166666666666,44.125,29.708333333333332
2024-06-25,8.533333333333333,5.641666666666667,142.29166666666666,5.770833333333333,3.1875,46.458333333333336,0.10875,2.375,1.9604166666666665,36.791666666666664,20.875
2024-06-26,4.2625,2.9166666666666665,137.41666666666666,5.195833333333334,2.9291666666666667,55.5,0.09208333333333334,0.7916666666666666,1.3,25.833333333333332,22.208333333333332
2024-06-27,6.158333333333334,3.795833333333333,133.45833333333334,4.575,2.783333333333333,51.291666666666664,0.15333333333333335,2.5833333333333335,1.39375,23.791666666666668,20.583333333333332
2024-06-28,6.1375,3.5416666666666665,129.70833333333334,4.329166666666667,2.1625,50.0,0.21541666666666667,3.5,1.16875,23.333333333333332,20.041666666666668
2024-06-29,8.566666666666666,4.720833333333333,126.08333333333333,4.483333333333333,2.966666666666667,44.0,0.32166666666666666,4.916666666666667,1.83125,20.958333333333332,17.625
2024-06-30,6.933333333333334,3.7458333333333336,118.875,4.508333333333334,2.7624999999999997,43.75,0.32,5.458333333333333,0.9187500000000001,21.291666666666668,17.583333333333332
2024-07-01,7.4375,3.733333333333334,108.625,3.5500000000000003,2.0208333333333335,42.333333333333336,0.325,6.5,1.45,19.791666666666668,16.875
2024-07-02,7.9624999999999995,4.216666666666667,124.08333333333333,4.283333333333333,2.6374999999999997,47.583333333333336,0.37041666666666667,7.75,0.9979166666666667,21.583333333333332,19.041666666666668
2024-07-03,10.366666666666667,4.979166666666667,124.54166666666667,4.425,2.3874999999999997,41.833333333333336,0.5091666666666667,8.875,1.06875,21.458333333333332,16.75
2024-07-04,6.070833333333333,3.295833333333333,123.04166666666667,5.029166666666667,3.0,35.75,0.4825,4.0,0.7083333333333334,18.125,14.333333333333334
2024-07-05,6.2250000000000005,3.279166666666667,120.45833333333333,5.154166666666667,2.6791666666666667,35.916666666666664,0.39083333333333337,4.958333333333333,1.0083333333333333,16.375,14.375
2024-07-06,8.866666666666667,4.508333333333334,117.04166666666667,5.079166666666667,2.9375,45.458333333333336,0.3070833333333333,7.791666666666667,0.9625,20.541666666666668,18.125
2024-07-07,7.1625000000000005,4.104166666666667,146.95833333333334,8.033333333333333,4.3999999999999995,37.916666666666664,0.3179166666666667,4.458333333333333,0.25833333333333336,18.916666666666668,15.083333333333334
2024-07-08,7.354166666666667,4.325,160.95833333333334,9.091666666666667,5.595833333333334,38.208333333333336,0.23166666666666666,4.166666666666667,0.8208333333333333,19.708333333333332,15.333333333333334
2024-07-09,12.991666666666667,5.675,138.08333333333334,5.816666666666666,4.45,44.916666666666664,0.21958333333333332,14.0,1.6062500000000002,21.625,17.958333333333332
2024-07-10,14.304166666666667,6.454166666666667,139.54166666666666,5.6125,4.254166666666666,48.291666666666664,0.29,16.125,1.8687500000000001,25.541666666666668,19.291666666666668
2024-07-11,11.025,5.3500000000000005,135.625,5.420833333333333,4.0,43.291666666666664,0.22291666666666668,11.625,1.875,28.083333333333332,17.75
2024-07-12,5.016666666666667,2.908333333333333,128.25,5.3,3.720833333333333,36.5,0.22458333333333333,2.875,0.9208333333333334,19.625,14.625
2024-07-13,3.0583333333333336,2.033333333333333,127.875,4.504166666666666,3.1041666666666665,40.583333333333336,0.18458333333333332,0.875,0.9458333333333333,18.666666666666668,16.25
2024-07-14,3.5749999999999997,2.3375,148.70833333333334,7.570833333333333,5.120833333333334,38.125,0.1325,0.9583333333333334,0.4354166666666666,17.833333333333332,15.166666666666666
2024-07-15,12.504166666666668,5.995833333333334,156.625,7.979166666666667,5.658333333333334,40.25,0.2791666666666667,12.041666666666666,0.8104166666666667,19.416666666666668,16.083333333333332
2024-07-16,5.933333333333334,3.970833333333333,140.75,6.533333333333334,5.408333333333334,44.541666666666664,0.1325,1.375,1.5687499999999999,25.25,17.833333333333332
2024-07-17,3.8666666666666667,2.529166666666667,133.91666666666666,6.3875,4.1000000000000005,42.0,0.11791666666666667,0.7916666666666666,0.7729166666666667,20.125,16.833333333333332
2024-07-18,3.1458333333333335,2.1,131.0,5.5125,3.4875000000000003,45.333333333333336,0.10583333333333333,0.7916666666666666,0.6479166666666667,19.875,18.083333333333332
2024-07-19,2.4,1.6375,132.54166666666666,5.833333333333333,3.4791666666666665,46.083333333333336,0.0775,0.16666666666666666,0.4666666666666666,21.958333333333332,18.416666666666668
2024-07-20,2.725,1.9208333333333334,132.08333333333334,5.1499999999999995,3.3958333333333335,44.458333333333336,0.05791666666666667,0.125,0.9104166666666665,20.666666666666668,17.708333333333332
2024-07-21,2.85,1.9458333333333335,135.41666666666666,4.983333333333333,3.470833333333333,45.875,0.075,0.4166666666666667,0.7999999999999999,20.5,18.416666666666668
2024-07-22,2.654166666666667,1.7458333333333333,131.75,4.6625000000000005,3.1,46.416666666666664,0.165,1.0416666666666667,0.6583333333333333,22.25,18.625
2024-07-23,2.1625,1.4458333333333335,121.95833333333333,4.8500000000000005,2.725,40.833333333333336,0.12083333333333333,0.16666666666666666,0.4666666666666666,19.0,16.333333333333332
2024-07-24,3.5875,2.3625000000000003,124.5,4.4875,2.733333333333333,42.5,0.14458333333333334,0.75,0.7291666666666666,19.083333333333332,16.916666666666668
2024-07-25,5.0,3.220833333333333,121.125,4.483333333333333,3.079166666666667,45.958333333333336,0.1825,2.2083333333333335,0.34375,21.333333333333332,18.416666666666668
2024-07-26,12.4125,6.2124999999999995,122.41666666666667,4.420833333333333,3.358333333333333,45.291666666666664,0.4429166666666667,11.583333333333334,0.6666666666666666,25.458333333333332,18.083333333333332
2024-07-27,13.279166666666667,5.795833333333333,119.66666666666667,4.345833333333333,2.9250000000000003,37.708333333333336,0.5345833333333333,14.666666666666666,0.8229166666666666,20.416666666666668,15.333333333333334
2024-07-28,5.533333333333334,3.2083333333333335,140.125,6.595833333333334,3.8874999999999997,35.25,0.385,3.8333333333333335,0.5708333333333333,21.833333333333332,14.25
2024-07-29,6.404166666666666,3.5749999999999997,143.04166666666666,6.0125,3.7375000000000003,38.791666666666664,0.31708333333333333,4.458333333333333,0.6895833333333333,17.875,15.458333333333334
2024-07-30,10.791666666666666,4.5375000000000005,141.54166666666666,5.4624999999999995,3.6125000000000003,41.416666666666664,0.43625,13.791666666666666,1.2583333333333333,19.333333333333332,16.583333333333332
2024-07-31,7.508333333333333,3.995833333333333,140.875,6.033333333333334,3.9,38.791666666666664,0.41041666666666665,5.916666666666667,0.8395833333333332,19.458333333333332,15.416666666666666
2024-08-01,5.520833333333333,3.1999999999999997,140.20833333333334,5.770833333333333,3.5583333333333336,38.666666666666664,0.3458333333333334,3.25,0.9895833333333334,18.916666666666668,15.375
2024-08-02,3.9291666666666667,2.3833333333333333,114.125,4.0,2.716666666666667,40.708333333333336,0.19000000000000003,1.3333333333333333,1.4749999999999999,18.541666666666668,16.166666666666668
2024-08-03,3.5833333333333335,2.2416666666666667,112.20833333333333,4.2875000000000005,2.8166666666666664,39.0,0.16874999999999998,1.375,1.3687500000000001,18.291666666666668,15.666666666666666
2024-08-04,3.1625,2.1333333333333333,122.83333333333333,5.216666666666667,3.2624999999999997,34.375,0.13958333333333334,0.4583333333333333,0.5729166666666666,16.166666666666668,13.708333333333334
2024-08-05,10.041666666666666,5.3125,125.79166666666667,4.704166666666667,3.329166666666667,36.125,0.30541666666666667,7.291666666666667,1.8916666666666666,17.333333333333332,14.416666666666666
2024-08-06,9.0625,4.645833333333333,134.95833333333334,6.0125,3.9,34.666666666666664,0.5245833333333333,6.958333333333333,1.0,23.0,13.916666666666666
2024-08-07,10.666666666666666,4.654166666666667,132.25,5.504166666666666,3.970833333333333,37.5,0.6045833333333334,10.916666666666666,1.3104166666666666,19.333333333333332,15.041666666666666
2024-08-08,13.6,6.504166666666666,143.16666666666666,5.745833333333334,4.25,42.916666666666664,0.5320833333333334,11.583333333333334,1.8166666666666667,22.875,17.375
2024-08-09,12.645833333333334,6.0,148.41666666666666,6.075,3.9791666666666665,37.75,0.42083333333333334,11.583333333333334,1.0916666666666666,29.75,16.416666666666668
2024-08-10,12.879166666666668,6.3374999999999995,132.33333333333334,5.3,4.125,37.208333333333336,0.3645833333333333,10.291666666666666,1.6458333333333333,25.541666666666668,15.458333333333334
2024-08-11,10.541666666666666,5.9375,132.58333333333334,5.408333333333334,4.095833333333333,37.75,0.305,4.541666666666667,1.8812499999999999,24.583333333333332,15.75
2024-08-12,13.279166666666667,7.8625,148.875,6.895833333333333,4.854166666666667,34.166666666666664,0.3183333333333333,5.375,1.679166666666667,26.791666666666668,15.625
2024-08-13,24.370833333333334,12.0375,164.83333333333334,8.0375,6.229166666666667,40.0,0.38749999999999996,19.333333333333332,2.1437500000000003,42.041666666666664,21.833333333333332
2024-08-14,37.829166666666666,17.470833333333335,200.125,9.320833333333333,11.258333333333333,55.791666666666664,0.41124999999999995,34.916666666666664,1.8958333333333333,55.208333333333336,31.041666666666668
2024-08-15,46.64166666666667,20.683333333333334,213.83333333333334,9.504166666666666,14.875,63.416666666666664,0.45999999999999996,45.958333333333336,1.9729166666666667,67.41666666666667,47.833333333333336
2024-08-16,33.8375,15.558333333333332,201.33333333333334,9.254166666666666,10.237499999999999,47.416666666666664,0.4779166666666667,31.083333333333332,1.8854166666666667,62.625,42.625
2024-08-17,39.391666666666666,20.191666666666666,228.91666666666666,11.541666666666666,12.549999999999999,52.333333333333336,0.5329166666666667,28.75,1.7291666666666667,60.333333333333336,35.958333333333336
2024-08-18,24.420833333333334,16.183333333333334,255.5,10.666666666666666,10.104166666666666,67.29166666666667,0.48333333333333334,3.5833333333333335,1.26875,63.625,37.583333333333336
2024-08-19,24.983333333333334,17.516666666666666,289.1666666666667,10.670833333333334,8.008333333333333,71.83333333333333,0.5012500000000001,0.4583333333333333,1.6416666666666666,62.541666666666664,38.75
2024-08-20,22.754166666666666,15.958333333333334,282.5416666666667,9.558333333333334,8.504166666666666,74.75,0.42124999999999996,0.5416666666666666,1.8125,58.666666666666664,36.375
2024-08-21,19.083333333333332,13.495833333333332,255.91666666666666,8.141666666666667,5.420833333333333,75.58333333333333,0.37625,0.125,1.6104166666666666,53.416666666666664,33.416666666666664
2024-08-22,26.75,18.704166666666666,298.0,10.375,8.491666666666667,77.91666666666667,0.43375,0.0,1.5291666666666668,62.541666666666664,40.666666666666664
2024-08-23,10.154166666666667,7.108333333333333,208.83333333333334,9.720833333333333,5.645833333333333,36.833333333333336,0.14625000000000002,0.0,1.1541666666666666,50.25,26.208333333333332
2024-08-24,4.579166666666667,3.204166666666667,176.08333333333334,8.408333333333333,6.0,33.041666666666664,0.09500000000000001,0.3333333333333333,0.4145833333333333,21.791666666666668,14.041666666666666
2024-08-25,2.7291666666666665,1.8375000000000001,135.58333333333334,3.8833333333333333,2.7375000000000003,43.333333333333336,0.09541666666666666,0.875,1.0,18.916666666666668,17.291666666666668
2024-08-26,4.3625,2.8333333333333335,125.33333333333333,4.458333333333333,2.8958333333333335,43.125,0.16375,1.2083333333333333,1.1354166666666667,21.125,17.333333333333332
2024-08-27,3.408333333333333,2.1750000000000003,122.75,4.045833333333333,2.6,39.375,0.10333333333333333,0.6666666666666666,1.6125,18.583333333333332,15.708333333333334
2024-08-28,7.491666666666667,4.045833333333333,122.08333333333333,4.020833333333333,2.5,36.083333333333336,0.21583333333333332,4.291666666666667,1.6791666666666665,17.416666666666668,14.375
2024-08-29,12.583333333333334,5.770833333333333,130.79166666666666,4.7625,3.0541666666666667,34.458333333333336,0.29625,11.208333333333334,1.8937499999999998,19.291666666666668,14.166666666666666
2024-08-30,13.5,5.320833333333334,135.70833333333334,5.1125,3.5875,36.125,0.29458333333333336,16.75,1.9791666666666667,24.75,15.916666666666666
2024-08-31,13.541666666666666,6.470833333333334,139.20833333333334,6.083333333333333,4.929166666666666,38.083333333333336,0.3695833333333333,11.958333333333334,1.1791666666666667,23.333333333333332,16.708333333333332
2024-09-01,18.316666666666666,8.795833333333333,158.125,8.941666666666666,7.7124999999999995,30.041666666666668,0.4770833333333333,15.25,0.6604166666666667,33.083333333333336,16.375
2024-09-02,9.970833333333333,5.2,159.375,9.15,8.3125,29.625,0.28791666666666665,6.541666666666667,0.5729166666666666,32.625,16.708333333333332
2024-09-03,7.870833333333334,4.375,142.875,5.9375,4.3625,36.375,0.18916666666666668,4.666666666666667,1.5020833333333332,18.333333333333332,14.583333333333334
2024-09-04,11.2875,5.7,139.70833333333334,5.404166666666666,4.075,41.208333333333336,0.265,9.125,1.1729166666666666,21.583333333333332,16.416666666666668
2024-09-05,9.295833333333333,5.2875000000000005,151.0,5.604166666666667,3.7875,41.0,0.20458333333333334,5.833333333333333,1.7645833333333334,24.291666666666668,16.458333333333332
2024-09-06,11.220833333333333,5.866666666666667,158.5,5.8500000000000005,4.2124999999999995,41.416666666666664,0.24916666666666668,8.375,1.3812499999999999,22.0,16.75
2024-09-07,10.862499999999999,6.1375,148.875,5.9375,4.0874999999999995,38.0,0.24250000000000002,5.75,1.83125,28.041666666666668,16.041666666666668
2024-09-08,9.9375,5.9624999999999995,143.625,5.929166666666667,4.454166666666667,37.041666666666664,0.22916666666666666,3.875,1.9833333333333334,24.0,15.375
2024-09-09,8.316666666666666,5.445833333333333,148.75,6.304166666666667,4.570833333333334,38.291666666666664,0.21375,1.4166666666666667,1.8062500000000001,24.875,15.833333333333334
2024-09-10,8.4125,5.5125,141.75,6.433333333333334,4.2375,36.916666666666664,0.20833333333333334,1.9583333333333333,1.2729166666666667,23.166666666666668,14.833333333333334
2024-09-11,6.2124999999999995,4.258333333333334,149.83333333333334,5.675,3.7624999999999997,43.333333333333336,0.14833333333333334,0.5416666666666666,1.4770833333333335,22.916666666666668,17.291666666666668
2024-09-12,20.866666666666667,9.512500000000001,152.79166666666666,5.695833333333333,4.091666666666667,45.291666666666664,0.26333333333333336,21.708333333333332,2.097916666666667,23.25,19.375
2024-09-13,30.295833333333334,11.487499999999999,147.54166666666666,5.620833333333334,4.2124999999999995,44.375,0.32708333333333334,40.125,1.98125,48.333333333333336,27.958333333333332
2024-09-14,16.029166666666665,8.058333333333334,142.33333333333334,5.95,4.3,40.583333333333336,0.22166666666666668,12.333333333333334,1.9770833333333335,40.125,23.916666666666668
2024-09-15,14.095833333333333,8.0,155.625,6.8,4.879166666666667,41.833333333333336,0.24166666666666667,6.75,1.6124999999999998,30.458333333333332,18.791666666666668
2024-09-16,24.2625,12.4125,176.16666666666666,7.316666666666666,6.3374999999999995,51.75,0.31083333333333335,17.0,1.925,45.625,25.375
2024-09-17,42.487500000000004,20.787499999999998,217.83333333333334,9.395833333333334,12.875,68.91666666666667,0.355,33.833333333333336,2.0916666666666663,56.541666666666664,36.083333333333336
2024-09-18,52.125,24.233333333333334,236.70833333333334,9.975,12.0875,70.08333333333333,0.31625,47.875,2.1750000000000003,75.95833333333333,58.541666666666664
2024-09-19,43.449999999999996,22.191666666666666,238.625,11.1,10.541666666666666,67.29166666666667,0.3345833333333333,32.5,2.1437500000000003,72.0,52.708333333333336
2024-09-20,43.49583333333334,24.8625,263.125,11.7875,11.799999999999999,69.58333333333333,0.505,19.875,1.53125,76.75,57.583333333333336
2024-09-21,43.24583333333334,26.308333333333334,270.2083333333333,11.008333333333333,13.404166666666667,74.625,0.6545833333333334,14.416666666666666,1.0708333333333333,76.83333333333333,57.958333333333336
2024-09-22,48.25416666666666,29.525000000000002,265.625,10.200000000000001,14.137500000000001,75.66666666666667,0.7191666666666667,14.75,1.3520833333333335,83.95833333333333,62.375
2024-09-23,35.25833333333333,23.479166666666668,283.625,9.924999999999999,10.908333333333333,74.0,0.7770833333333332,4.333333333333333,0.7062499999999999,83.79166666666667,62.208333333333336
2024-09-24,20.720833333333335,14.158333333333333,290.875,10.012500000000001,10.454166666666667,80.58333333333333,0.6141666666666666,0.9166666666666666,1.4083333333333332,61.541666666666664,41.416666666666664
2024-09-25,7.916666666666667,5.55,255.375,10.645833333333334,10.970833333333333,58.708333333333336,0.30583333333333335,0.08333333333333333,0.5583333333333333,44.875,26.75
2024-09-26,5.2625,3.6625,154.0,5.166666666666667,3.5083333333333333,50.125,0.10916666666666668,0.2916666666666667,1.0270833333333333,24.625,20.041666666666668
2024-09-27,8.8375,5.416666666666667,151.08333333333334,4.729166666666667,3.0375,45.625,0.18208333333333335,3.0833333333333335,1.5604166666666666,20.875,18.25
2024-09-28,6.625,4.233333333333333,166.75,5.629166666666666,3.6875,40.541666666666664,0.15291666666666667,1.1666666666666667,1.8062500000000001,23.083333333333332,16.291666666666668
2024-09-29,17.566666666666666,11.325000000000001,210.16666666666666,9.487499999999999,5.908333333333334,41.958333333333336,0.18583333333333332,2.4583333333333335,1.9124999999999999,32.75,19.791666666666668
2024-09-30,31.745833333333334,20.962500000000002,370.4583333333333,21.695833333333336,12.4,52.875,0.22791666666666666,2.9583333333333335,1.9333333333333333,55.291666666666664,33.5
2024-10-01,48.6875,33.1875,479.75,20.108333333333334,15.808333333333332,76.25,0.30416666666666664,1.4583333333333333,2.11875,90.91666666666667,63.625
2024-10-02,45.541666666666664,31.337500000000002,442.5,19.283333333333335,16.325,90.66666666666667,0.5695833333333333,0.5416666666666666,1.4958333333333333,94.70833333333333,64.66666666666667
2024-10-03,32.699999999999996,21.891666666666666,255.375,7.945833333333333,8.008333333333335,84.66666666666667,0.39625,1.2083333333333333,1.6229166666666668,82.41666666666667,60.625
2024-10-04,27.8125,18.4375,217.54166666666666,9.2125,7.491666666666667,59.625,0.2916666666666667,1.625,1.6083333333333334,65.125,38.75
2024-10-05,33.80833333333333,22.22083333333333,292.4166666666667,14.295833333333334,11.483333333333334,64.33333333333333,0.23291666666666666,1.7916666666666667,2.1875,64.125,41.208333333333336
2024-10-06,63.6,41.55416666666667,365.0833333333333,11.908333333333333,11.708333333333334,79.79166666666667,0.7008333333333333,7.041666666666667,1.0520833333333333,95.0,65.58333333333333
2024-10-07,62.416666666666664,39.74583333333333,316.5833333333333,9.4125,7.204166666666667,93.125,0.6720833333333333,7.875,1.8125,111.66666666666667,72.04166666666667
2024-10-08,64.24583333333334,41.016666666666666,399.25,14.504166666666668,8.9,83.41666666666667,0.7225,5.666666666666667,1.8208333333333335,109.54166666666667,71.66666666666667
2024-10-09,48.699999999999996,31.962500000000002,316.0833333333333,8.966666666666667,7.1499999999999995,71.70833333333333,0.5962500000000001,3.0833333333333335,1.51875,110.20833333333333,71.66666666666667
2024-10-10,18.0625,12.424999999999999,218.25,6.2749999999999995,3.4,65.54166666666667,0.33749999999999997,0.16666666666666666,1.3604166666666666,69.5,44.875
2024-10-11,16.120833333333334,11.095833333333333,221.83333333333334,7.479166666666667,4.033333333333333,56.5,0.3475,0.0,1.2520833333333334,47.0,25.041666666666668
2024-10-12,21.025000000000002,14.4625,261.2083333333333,10.325000000000001,4.8374999999999995,53.541666666666664,0.34541666666666665,0.0,1.3458333333333332,50.541666666666664,26.416666666666668
2024-10-13,20.895833333333332,14.291666666666666,275.75,11.933333333333332,5.383333333333333,53.666666666666664,0.26958333333333334,0.0,1.6708333333333334,54.916666666666664,30.291666666666668
2024-10-14,22.125,15.216666666666667,309.125,13.891666666666666,5.9750000000000005,54.791666666666664,0.23875000000000002,0.0,1.4875,56.75,32.458333333333336
2024-10-15,27.520833333333332,19.083333333333332,311.75,11.516666666666666,6.041666666666667,68.125,0.4404166666666667,0.0,1.5083333333333335,58.833333333333336,36.333333333333336
2024-10-16,32.99583333333333,22.895833333333332,401.125,17.654166666666665,6.266666666666667,57.041666666666664,0.49583333333333335,0.0,1.6500000000000001,71.625,48.791666666666664
2024-10-17,28.670833333333334,19.900000000000002,328.875,10.245833333333334,6.204166666666667,72.45833333333333,0.54125,0.0,1.3062500000000001,70.54166666666667,48.125
2024-10-18,19.141666666666666,12.979166666666666,268.0833333333333,9.541666666666666,4.733333333333333,58.041666666666664,0.2804166666666667,0.0,1.3083333333333333,58.541666666666664,33.083333333333336
2024-10-19,18.962500000000002,13.141666666666666,261.2916666666667,7.2250000000000005,4.379166666666666,76.58333333333333,0.33749999999999997,0.0,1.5541666666666665,53.291666666666664,33.791666666666664
2024-10-20,15.804166666666667,11.020833333333334,275.5,10.049999999999999,4.25,73.79166666666667,0.30291666666666667,0.0,1.0333333333333334,47.083333333333336,30.875
2024-10-21,19.349999999999998,13.35,237.66666666666666,8.508333333333333,3.8666666666666667,60.125,0.345,0.0,1.4291666666666665,49.708333333333336,27.791666666666668
2024-10-22,24.858333333333334,17.254166666666666,266.6666666666667,9.525,4.208333333333333,69.83333333333333,0.35250000000000004,0.0,1.5208333333333333,57.291666666666664,34.458333333333336
2024-10-23,37.737500000000004,26.099999999999998,341.125,11.641666666666666,6.195833333333333,73.83333333333333,0.45375000000000004,0.0,1.7916666666666667,69.20833333333333,47.333333333333336
2024-10-24,75.02499999999999,47.18333333333334,466.6666666666667,18.325,11.708333333333334,85.75,0.5354166666666667,2.5416666666666665,1.58125,97.58333333333333,67.375
2024-10-25,91.7625,55.12916666666666,651.75,29.754166666666666,15.004166666666668,82.91666666666667,0.5845833333333333,8.166666666666666,1.6541666666666668,147.95833333333334,84.875
2024-10-26,63.04583333333333,39.762499999999996,760.1666666666666,23.8625,11.683333333333332,82.75,0.33416666666666667,3.0833333333333335,1.9000000000000001,125.5,76.625
2024-10-27,73.25,43.833333333333336,718.4583333333334,25.579166666666666,17.224999999999998,91.875,0.35958333333333337,11.25,1.8541666666666667,116.29166666666667,73.45833333333333
2024-10-28,81.39583333333333,49.24583333333334,730.625,23.7625,23.233333333333334,101.79166666666667,0.3729166666666666,11.458333333333334,1.7083333333333333,131.08333333333334,78.33333333333333
2024-10-29,91.82083333333333,55.88333333333333,640.375,15.883333333333333,21.008333333333333,110.16666666666667,0.58375,15.333333333333334,1.4020833333333333,145.75,83.25
2024-10-30,86.50416666666666,53.20416666666667,654.1666666666666,22.120833333333334,19.1375,92.66666666666667,0.6749999999999999,12.25,1.6229166666666668,139.08333333333334,80.75
2024-10-31,88.52916666666665,57.074999999999996,839.875,30.733333333333334,15.691666666666668,74.45833333333333,0.8616666666666667,4.916666666666667,1.5166666666666666,150.375,85.58333333333333
2024-11-01,79.39999999999999,54.550000000000004,685.2083333333334,23.579166666666666,13.170833333333334,79.95833333333333,1.0208333333333333,0.625,1.2395833333333333,145.16666666666666,82.91666666666667
2024-11-02,75.3125,50.49166666666667,795.6666666666666,25.349999999999998,14.2125,79.04166666666667,0.5845833333333333,3.1666666666666665,1.6375,149.58333333333334,85.125
2024-11-03,70.99166666666666,46.833333333333336,639.75,14.495833333333332,10.15,89.95833333333333,0.5329166666666666,2.8333333333333335,1.5354166666666667,123.125,75.75
2024-11-04,77.27916666666667,48.37083333333334,618.9166666666666,16.054166666666667,10.158333333333333,86.75,0.55875,5.541666666666667,1.5604166666666668,129.79166666666666,77.83333333333333
2024-11-05,90.575,55.362500000000004,667.5833333333334,19.9,10.179166666666667,81.83333333333333,0.7045833333333333,7.5,1.5166666666666666,139.04166666666666,80.91666666666667
2024-11-06,100.12083333333334,59.395833333333336,677.9166666666666,21.854166666666668,12.558333333333332,87.79166666666667,0.6141666666666666,8.375,1.5562500000000001,152.70833333333334,88.45833333333333
2024-11-07,90.09166666666665,52.975,760.4166666666666,14.779166666666667,12.195833333333333,103.04166666666667,0.605,6.333333333333333,1.5083333333333335,137.91666666666666,80.70833333333333
2024-11-08,103.58333333333333,62.375,628.75,12.004166666666668,10.674999999999999,100.625,0.7591666666666667,4.583333333333333,1.3229166666666667,152.5,88.79166666666667
2024-11-09,101.55833333333334,60.0375,639.25,11.487499999999999,9.591666666666667,98.375,0.69875,4.75,1.3354166666666665,152.70833333333334,88.79166666666667
2024-11-10,100.91666666666667,60.4625,744.5,11.266666666666666,8.6875,98.41666666666667,0.7779166666666666,4.458333333333333,1.2791666666666666,152.33333333333334,87.79166666666667
2024-11-11,112.03333333333335,67.84166666666667,581.5,9.325000000000001,7.883333333333333,98.54166666666667,0.8420833333333334,3.2916666666666665,1.2979166666666666,154.29166666666666,90.91666666666667
2024-11-12,87.34583333333335,60.324999999999996,458.5416666666667,12.929166666666667,11.308333333333332,106.45833333333333,0.5508333333333334,2.0833333333333335,1.4749999999999999,155.70833333333334,93.25
2024-11-13,45.49166666666667,44.47083333333333,463.625,13.191666666666668,12.558333333333332,102.125,0.3658333333333333,1.6666666666666667,1.4979166666666668,142.79166666666666,82.625
2024-11-14,39.1,38.625,418.0833333333333,16.291666666666668,10.975,84.58333333333333,0.58375,0.5833333333333334,1.3520833333333335,104.75,69.91666666666667
2024-11-15,46.354166666666664,45.87083333333334,445.75,15.733333333333334,9.070833333333333,87.125,0.9562499999999999,0.5833333333333334,1.0374999999999999,112.58333333333333,72.45833333333333
2024-11-16,67.59583333333333,66.91666666666667,479.3333333333333,27.6875,14.270833333333334,75.66666666666667,1.06125,1.0,1.15625,150.58333333333334,88.95833333333333
2024-11-17,47.208333333333336,46.48333333333333,439.0416666666667,15.929166666666667,13.279166666666667,96.83333333333333,0.8208333333333333,1.25,1.2770833333333333,149.29166666666666,85.875
2024-11-18,41.625,40.358333333333334,414.25,10.25,12.016666666666666,108.58333333333333,0.3641666666666667,2.3333333333333335,1.5041666666666667,119.58333333333333,74.16666666666667
2024-11-19,53.45416666666667,52.22083333333333,484.375,11.483333333333334,13.875,114.54166666666667,0.41083333333333333,2.0416666666666665,1.4749999999999999,122.16666666666667,75.16666666666667
2024-11-20,53.98333333333333,52.25416666666666,503.5,13.924999999999999,14.924999999999999,107.33333333333333,0.40041666666666664,3.2083333333333335,1.5333333333333332,140.66666666666666,81.29166666666667
2024-11-21,60.59166666666667,58.4,511.875,23.491666666666664,16.120833333333334,98.75,0.39916666666666667,3.8333333333333335,1.4895833333333333,143.75,82.33333333333333
2024-11-22,77.6125,75.39166666666667,571.25,28.991666666666664,16.954166666666666,96.5,0.5208333333333334,4.083333333333333,1.4124999999999999,158.45833333333334,97.04166666666667
2024-11-23,79.5625,77.56666666666666,623.9166666666666,27.616666666666664,16.974999999999998,106.16666666666667,0.6691666666666666,3.625,1.2874999999999999,160.25,99.58333333333333
2024-11-24,94.425,91.47500000000001,637.5416666666666,21.537499999999998,15.258333333333333,102.54166666666667,0.7383333333333333,5.458333333333333,1.2666666666666666,166.08333333333334,108.75
2024-11-25,71.08333333333333,66.91666666666667,505.1666666666667,10.804166666666667,13.645833333333334,113.375,0.5025000000000001,7.916666666666667,1.4270833333333333,164.16666666666666,105.875
2024-11-26,52.4,49.63333333333333,501.2083333333333,9.429166666666667,14.741666666666667,122.375,0.35916666666666663,5.166666666666667,1.4979166666666666,146.45833333333334,84.70833333333333
2024-11-27,45.0,42.604166666666664,459.125,10.487499999999999,13.6,115.70833333333333,0.33666666666666667,4.625,1.5541666666666665,126.70833333333333,76.5
2024-11-28,40.425000000000004,37.762499999999996,373.875,7.995833333333334,11.183333333333332,110.25,0.27208333333333334,5.208333333333333,1.570833333333333,116.70833333333333,73.66666666666667
2024-11-29,39.59583333333333,36.4375,395.4166666666667,10.570833333333335,10.766666666666666,103.91666666666667,0.22875,5.958333333333333,1.5479166666666666,98.83333333333333,67.625
2024-11-30,55.666666666666664,53.12916666666666,520.0,20.45,16.345833333333335,105.75,0.3125,5.0,1.4520833333333334,119.33333333333333,74.58333333333333
2024-12-01,54.06666666666666,52.9,505.3333333333333,21.587500000000002,13.595833333333333,82.58333333333333,0.52,1.9583333333333333,1.1625,150.25,85.45833333333333
2024-12-02,25.058333333333334,24.875,447.0416666666667,10.470833333333333,6.925,70.20833333333333,0.41208333333333336,0.0,1.09375,108.75,70.95833333333333
2024-12-03,19.183333333333334,19.016666666666666,355.7916666666667,6.8625,7.058333333333334,74.625,0.3416666666666666,0.0,0.9354166666666667,70.04166666666667,45.833333333333336
2024-12-04,20.658333333333335,20.179166666666667,334.4166666666667,10.920833333333334,6.1499999999999995,68.5,0.34874999999999995,0.0,1.1624999999999999,64.375,38.833333333333336
2024-12-05,25.704166666666666,25.045833333333334,491.2916666666667,19.474999999999998,8.0375,61.875,0.33916666666666667,0.4583333333333333,1.4645833333333333,69.54166666666667,46.333333333333336
2024-12-06,36.44166666666667,35.77916666666667,470.7083333333333,18.400000000000002,8.470833333333333,71.375,0.57625,0.375,1.3041666666666667,88.5,64.08333333333333
2024-12-07,33.041666666666664,32.62083333333333,544.0833333333334,18.595833333333335,10.041666666666666,77.83333333333333,0.3204166666666667,0.125,1.33125,110.5,71.70833333333333
2024-12-08,26.662499999999998,26.179166666666664,495.0416666666667,24.474999999999998,16.6875,76.875,0.11750000000000001,0.7916666666666666,1.5166666666666666,84.41666666666667,62.458333333333336
2024-12-09,34.387499999999996,33.7125,546.5416666666666,25.462500000000002,16.075,81.75,0.18708333333333335,1.1666666666666667,1.4583333333333333,86.125,63.125
2024-12-10,33.19166666666667,32.204166666666666,423.5416666666667,16.729166666666668,13.174999999999999,94.625,0.3383333333333333,2.0,1.2729166666666667,90.0,64.625
2024-12-11,41.354166666666664,40.800000000000004,466.375,16.316666666666666,12.533333333333333,85.875,0.4075,1.0,1.2916666666666667,102.875,69.20833333333333
2024-12-12,36.81666666666667,36.27916666666667,497.25,14.379166666666668,13.654166666666667,92.58333333333333,0.30791666666666667,0.875,1.35625,110.375,71.625
2024-12-13,28.308333333333334,27.77916666666667,422.0833333333333,8.862499999999999,10.916666666666666,98.25,0.23958333333333334,1.0,1.4437499999999999,92.625,65.16666666666667
2024-12-14,41.204166666666666,40.52916666666667,464.9166666666667,9.133333333333333,14.729166666666666,115.66666666666667,0.26125,1.125,1.41875,103.875,68.16666666666667
2024-12-15,33.920833333333334,33.38333333333333,534.875,11.479166666666666,15.133333333333333,110.5,0.19458333333333333,0.9583333333333334,1.4729166666666667,104.95833333333333,67.79166666666667
2024-12-16,23.025000000000002,22.6125,542.75,14.654166666666667,14.079166666666666,96.95833333333333,0.08708333333333333,0.5,1.6354166666666667,92.5,63.416666666666664
2024-12-17,38.145833333333336,37.329166666666666,590.9166666666666,17.1125,13.591666666666667,105.33333333333333,0.18333333333333335,1.4166666666666667,1.5395833333333335,92.0,61.25
2024-12-18,52.67083333333333,51.666666666666664,619.9166666666666,22.28333333333333,17.108333333333334,99.91666666666667,0.24,1.75,1.46875,125.33333333333333,76.5
2024-12-19,58.60833333333333,57.30833333333334,701.25,24.325,16.462500000000002,99.625,0.34,2.4166666666666665,1.34375,148.95833333333334,85.125
2024-12-20,69.69583333333334,68.8,698.5416666666666,18.208333333333332,30.6125,143.41666666666666,0.5808333333333333,1.5,1.1770833333333333,160.83333333333334,90.79166666666667
2024-12-21,64.1375,63.15,617.9166666666666,14.9,25.162499999999998,125.375,0.76125,1.0,1.0125,159.08333333333334,95.04166666666667
2024-12-22,47.074999999999996,46.012499999999996,453.0,11.583333333333334,14.595833333333333,100.0,0.8091666666666667,0.7916666666666666,0.88125,139.41666666666666,81.625
2024-12-23,45.487500000000004,44.104166666666664,414.7083333333333,11.258333333333333,12.666666666666666,91.75,0.7475,0.75,0.8833333333333333,119.83333333333333,74.75
2024-12-24,80.25833333333334,78.88333333333334,535.9583333333334,14.370833333333332,16.966666666666665,96.54166666666667,1.2920833333333335,1.0416666666666667,0.6791666666666667,147.29166666666666,87.66666666666667
2024-12-25,91.39166666666667,89.86666666666667,631.9583333333334,21.191666666666666,17.508333333333333,88.29166666666667,1.2325,1.9583333333333333,0.8395833333333332,167.375,110.83333333333333
2024-12-26,51.76666666666667,50.725,598.8333333333334,23.604166666666668,12.266666666666666,67.41666666666667,0.5195833333333334,1.7083333333333333,1.1812500000000001,158.95833333333334,98.79166666666667
2024-12-27,25.195833333333336,24.791666666666668,530.125,17.341666666666665,6.941666666666666,61.458333333333336,0.3075,0.20833333333333334,1.0666666666666667,99.33333333333333,67.83333333333333
2024-12-28,24.179166666666664,23.604166666666668,473.25,14.220833333333333,6.741666666666667,74.75,0.29791666666666666,0.08333333333333333,1.2395833333333333,66.66666666666667,43.291666666666664
2024-12-29,48.15,47.300000000000004,473.4583333333333,20.625,10.191666666666666,75.125,0.6270833333333333,0.4583333333333333,0.9958333333333332,105.875,69.83333333333333
2024-12-30,46.9625,45.8125,525.2916666666666,18.483333333333334,9.654166666666667,83.08333333333333,0.3841666666666667,1.1666666666666667,1.3541666666666667,133.95833333333334,79.20833333333333
2024-12-31,33.77916666666667,32.954166666666666,594.0416666666666,16.425,8.795833333333333,89.41666666666667,0.3125,1.0416666666666667,1.3520833333333335,104.45833333333333,69.79166666666667
2025-01-01,44.520833333333336,43.1625,552.0416666666666,13.404166666666667,11.308333333333332,88.95833333333333,0.38833333333333336,2.125,1.3291666666666666,104.04166666666667,69.54166666666667
2025-01-02,38.69166666666667,38.1625,511.0833333333333,11.833333333333334,11.291666666666666,89.20833333333333,0.24083333333333334,0.7083333333333334,1.4645833333333333,121.58333333333333,75.33333333333333
2025-01-03,23.733333333333334,22.837500000000002,405.3333333333333,12.008333333333333,12.1875,88.875,0.11125,1.75,1.54375,88.75,63.708333333333336
2025-01-04,20.158333333333335,19.8,408.5416666666667,19.05,13.65,90.20833333333333,0.105,0.5833333333333334,1.6145833333333333,69.375,46.0
2025-01-05,36.0375,35.454166666666666,627.2916666666666,28.150000000000002,15.479166666666666,94.58333333333333,0.19833333333333333,0.9583333333333334,1.53125,94.5,61.958333333333336
2025-01-06,65.22083333333333,64.82916666666667,719.3333333333334,29.558333333333334,27.47083333333333,114.83333333333333,0.42250000000000004,0.625,1.3833333333333335,144.83333333333334,82.875
2025-01-07,49.15,48.75,585.5833333333334,18.416666666666668,17.158333333333335,103.54166666666667,0.40625,0.8333333333333334,1.3812499999999999,149.66666666666666,86.41666666666667
2025-01-08,46.48333333333333,45.37916666666666,483.5,10.154166666666667,12.970833333333333,108.29166666666667,0.4183333333333333,2.1666666666666665,1.4395833333333332,119.54166666666667,74.45833333333333
2025-01-09,43.112500000000004,42.25833333333333,465.3333333333333,10.266666666666667,13.6875,112.375,0.44208333333333333,1.6666666666666667,1.40625,120.0,73.83333333333333
2025-01-10,55.99166666666667,55.01666666666667,540.5416666666666,15.458333333333334,12.200000000000001,109.66666666666667,0.7070833333333333,1.5833333333333333,1.2958333333333334,128.95833333333334,77.625
2025-01-11,76.1375,75.03333333333333,639.9166666666666,22.870833333333334,16.691666666666666,107.83333333333333,0.9441666666666667,1.6666666666666667,1.0729166666666667,158.29166666666666,97.125
2025-01-12,68.97500000000001,68.20416666666667,748.5416666666666,21.53333333333333,18.2375,100.0,0.92875,0.875,1.0875,156.91666666666666,95.04166666666667
2025-01-13,70.29583333333333,69.48333333333333,492.5,11.633333333333333,12.220833333333333,94.70833333333333,0.9204166666666667,1.0,1.1270833333333334,158.625,97.45833333333333
2025-01-14,48.43333333333334,47.604166666666664,538.75,18.358333333333334,10.391666666666667,78.41666666666667,0.6595833333333333,0.9166666666666666,1.2125000000000001,145.125,85.29166666666667
2025-01-15,47.395833333333336,46.541666666666664,568.0,31.166666666666668,13.491666666666667,62.833333333333336,0.5870833333333333,0.9583333333333334,1.0833333333333333,134.25,79.33333333333333
2025-01-16,47.291666666666664,46.699999999999996,639.625,27.929166666666664,14.691666666666668,71.41666666666667,0.4475,0.7083333333333334,1.335416666666667,131.375,78.41666666666667
2025-01-17,50.28333333333333,49.32083333333333,486.9583333333333,12.595833333333333,9.737499999999999,90.45833333333333,0.5650000000000001,1.25,1.2916666666666667,120.70833333333333,75.125
2025-01-18,47.6625,47.112500000000004,453.0416666666667,8.6625,13.75,105.75,0.39125000000000004,1.0,1.4249999999999998,132.58333333333334,78.70833333333333
2025-01-19,53.97083333333333,53.46666666666667,537.9166666666666,12.258333333333333,18.150000000000002,111.25,0.405,1.0,1.4875,132.20833333333334,78.79166666666667
2025-01-20,50.699999999999996,50.225,547.3333333333334,15.483333333333334,18.724999999999998,114.875,0.33749999999999997,0.7916666666666666,1.575,142.79166666666666,81.45833333333333
2025-01-21,49.800000000000004,49.262499999999996,656.0416666666666,23.525000000000002,15.854166666666666,90.75,0.33375,0.875,1.6416666666666666,131.08333333333334,78.25
2025-01-22,58.99583333333334,58.3375,699.9583333333334,32.9,17.083333333333332,96.875,0.29541666666666666,1.0,1.6770833333333333,151.70833333333334,87.45833333333333
2025-01-23,70.86666666666666,70.33333333333333,684.125,31.608333333333334,20.041666666666668,108.70833333333333,0.315,0.9166666666666666,1.7166666666666668,157.125,92.75
2025-01-24,55.13333333333333,54.6625,655.125,26.833333333333332,15.174999999999999,90.16666666666667,0.30291666666666667,0.375,1.7895833333333335,153.625,90.04166666666667
2025-01-25,41.07083333333333,40.69583333333333,556.125,29.59166666666667,12.033333333333333,79.04166666666667,0.18166666666666667,0.0,1.8791666666666667,132.08333333333334,78.58333333333333
2025-01-26,35.68333333333333,35.40833333333333,577.375,29.929166666666664,11.966666666666667,85.54166666666667,0.16583333333333333,0.0,1.91875,103.91666666666667,68.875
2025-01-27,52.94166666666666,52.475,575.4583333333334,39.354166666666664,17.8625,92.45833333333333,0.2333333333333333,0.4166666666666667,1.8541666666666667,122.95833333333333,74.5
2025-01-28,72.53750000000001,72.02916666666667,627.4583333333334,34.55833333333333,23.070833333333336,117.33333333333333,0.4583333333333333,0.7916666666666666,1.6854166666666668,160.08333333333334,91.33333333333333
2025-01-29,77.70833333333333,77.36666666666666,689.2083333333334,21.420833333333334,31.175,146.66666666666666,0.5120833333333333,0.125,1.4895833333333333,170.08333333333334,100.79166666666667
2025-01-30,57.17083333333333,56.99583333333334,685.3333333333334,20.779166666666665,22.1125,126.95833333333333,0.41291666666666665,0.0,1.616666666666667,157.75,92.29166666666667
2025-01-31,60.90416666666667,60.42916666666667,574.125,18.183333333333334,31.020833333333332,145.25,0.46541666666666665,0.75,1.5395833333333335,160.20833333333334,89.33333333333333
2025-02-01,40.86666666666667,36.86666666666667,559.125,19.929166666666667,18.333333333333332,108.33333333333333,0.2916666666666667,7.5,1.7249999999999999,132.29166666666666,75.58333333333333
2025-02-02,52.8125,48.24583333333334,615.0833333333334,22.933333333333334,17.020833333333332,105.20833333333333,0.37166666666666665,8.666666666666666,1.7354166666666666,122.25,74.20833333333333
2025-02-03,56.09166666666667,54.416666666666664,557.6666666666666,23.275000000000002,19.445833333333333,111.5,0.38916666666666666,2.7916666666666665,1.8125,144.125,82.20833333333333
2025-02-04,53.5875,51.375,573.0416666666666,18.0125,21.6875,120.5,0.3095833333333333,3.75,1.85625,150.95833333333334,83.875
2025-02-05,43.8375,42.270833333333336,478.125,20.208333333333332,15.854166666666666,100.75,0.38083333333333336,2.5416666666666665,1.7041666666666666,126.125,75.16666666666667
2025-02-06,34.94166666666667,34.36666666666667,545.9583333333334,16.083333333333332,13.487499999999999,105.20833333333333,0.3545833333333333,1.0833333333333333,1.8375000000000001,107.04166666666667,68.125
2025-02-07,54.9375,54.65416666666667,586.25,21.116666666666667,15.6,103.91666666666667,0.4708333333333334,0.5,1.7750000000000001,130.66666666666666,77.95833333333333
2025-02-08,70.38333333333334,70.08333333333333,585.5416666666666,17.208333333333332,18.995833333333334,122.75,0.6604166666666667,0.2916666666666667,1.5708333333333335,154.375,91.125
2025-02-09,80.2375,79.74583333333334,570.7916666666666,19.95,23.675,122.16666666666667,0.8016666666666666,0.9166666666666666,1.5041666666666667,160.625,100.58333333333333
2025-02-10,64.05416666666666,63.375,521.75,20.595833333333335,21.212500000000002,110.41666666666667,0.9045833333333334,1.2916666666666667,1.3854166666666667,157.95833333333334,95.25
2025-02-11,51.61666666666667,51.112500000000004,558.4583333333334,18.233333333333334,19.570833333333333,115.41666666666667,0.67,0.6666666666666666,1.5250000000000001,151.70833333333334,85.25
2025-02-12,53.47083333333333,52.52916666666667,538.9166666666666,21.925,20.5625,108.70833333333333,0.3445833333333333,1.7916666666666667,1.7770833333333333,148.0,83.58333333333333
2025-02-13,34.87916666666667,26.462500000000002,430.0833333333333,19.2125,9.791666666666666,86.04166666666667,0.14833333333333334,15.833333333333334,1.9895833333333333,108.04166666666667,70.625
2025-02-14,34.30416666666667,26.683333333333334,461.7916666666667,16.775000000000002,11.2875,95.41666666666667,0.1525,15.125,2.0604166666666663,78.70833333333333,58.458333333333336
2025-02-15,29.779166666666665,23.691666666666666,563.8333333333334,18.858333333333334,9.408333333333333,88.79166666666667,0.1175,12.333333333333334,2.1416666666666666,83.5,61.75
2025-02-16,34.25,26.8,574.7916666666666,22.849999999999998,12.183333333333335,88.66666666666667,0.13833333333333334,13.416666666666666,2.20625,84.54166666666667,60.25
2025-02-17,33.09583333333333,25.508333333333336,548.625,24.325,13.220833333333333,84.625,0.13,13.25,2.36875,81.0,59.291666666666664
2025-02-18,33.395833333333336,28.954166666666666,471.5833333333333,21.045833333333334,14.241666666666667,96.04166666666667,0.20875,8.333333333333334,2.2624999999999997,94.75,63.708333333333336
2025-02-19,37.8375,31.15833333333333,476.2916666666667,21.304166666666667,17.325,96.0,0.22416666666666665,12.791666666666666,2.2333333333333334,93.29166666666667,64.20833333333333
2025-02-20,33.520833333333336,26.920833333333334,568.625,18.45,12.270833333333334,90.29166666666667,0.19791666666666666,12.625,2.254166666666667,89.16666666666667,63.25
2025-02-21,23.770833333333332,18.445833333333333,478.9583333333333,14.362499999999999,8.654166666666667,95.875,0.20041666666666666,10.708333333333334,2.2041666666666666,77.16666666666667,52.041666666666664
2025-02-22,43.5875,23.462500000000002,430.7083333333333,16.541666666666668,8.958333333333334,85.95833333333333,0.18583333333333332,38.583333333333336,2.254166666666667,69.45833333333333,47.291666666666664
2025-02-23,43.81666666666666,28.495833333333334,407.2916666666667,20.625,11.716666666666667,85.5,0.17875,29.583333333333332,2.275,85.20833333333333,62.208333333333336
2025-02-24,48.96666666666667,27.954166666666666,427.5833333333333,17.829166666666666,10.387500000000001,91.375,0.21333333333333335,40.833333333333336,2.2083333333333335,83.875,61.458333333333336
2025-02-25,53.84583333333333,32.12083333333333,490.875,19.675,10.841666666666667,92.20833333333333,0.24416666666666667,40.875,2.1708333333333334,95.04166666666667,65.33333333333333
2025-02-26,45.00833333333333,36.55833333333333,536.2083333333334,19.033333333333335,11.066666666666668,99.875,0.31124999999999997,16.375,2.24375,102.54166666666667,67.79166666666667
2025-02-27,43.65416666666667,35.729166666666664,589.4166666666666,14.629166666666668,11.416666666666666,110.16666666666667,0.30041666666666667,15.75,2.120833333333333,103.5,67.41666666666667
2025-02-28,65.07083333333334,59.82083333333333,606.7916666666666,26.150000000000002,17.054166666666667,106.375,0.44875,10.5,1.8833333333333335,140.04166666666666,81.79166666666667
2025-03-01,50.25416666666666,45.24166666666667,540.25,20.1875,13.125,104.95833333333333,0.46249999999999997,9.833333333333334,1.8333333333333333,134.79166666666666,79.58333333333333
2025-03-02,47.275,39.079166666666666,449.7083333333333,14.316666666666668,16.041666666666668,110.875,0.5054166666666666,16.083333333333332,1.5729166666666667,116.91666666666667,73.45833333333333
2025-03-03,53.0625,34.833333333333336,400.0833333333333,18.1875,12.637500000000001,88.41666666666667,0.35958333333333337,36.125,1.9625000000000001,105.45833333333333,70.04166666666667
2025-03-04,49.35833333333333,27.370833333333334,493.4166666666667,14.512500000000001,9.358333333333333,83.875,0.2275,42.125,2.34375,91.08333333333333,65.125
2025-03-05,46.637499999999996,23.570833333333336,393.6666666666667,10.954166666666666,7.733333333333333,94.875,0.17666666666666667,44.75,2.5812500000000003,76.95833333333333,57.25
2025-03-06,24.516666666666666,21.645833333333332,448.9583333333333,15.479166666666666,12.520833333333334,107.33333333333333,0.13375,5.541666666666667,2.5375,85.04166666666667,55.0
2025-03-07,30.608333333333334,28.116666666666664,510.875,22.083333333333332,12.966666666666667,100.54166666666667,0.14833333333333334,5.333333333333333,2.5437499999999997,86.16666666666667,59.791666666666664
2025-03-08,50.64166666666667,47.52916666666667,584.7083333333334,27.758333333333336,20.666666666666668,114.5,0.215,6.166666666666667,2.4479166666666665,125.79166666666667,74.75
2025-03-09,43.375,37.34166666666667,510.0416666666667,22.266666666666666,17.320833333333333,101.04166666666667,0.16041666666666668,12.0,2.591666666666667,115.75,73.08333333333333
2025-03-10,36.03333333333333,33.27916666666667,544.75,16.308333333333334,11.929166666666667,117.66666666666667,0.33791666666666664,5.166666666666667,2.3000000000000003,112.45833333333333,67.58333333333333
2025-03-11,37.800000000000004,34.979166666666664,542.3333333333334,16.25,9.766666666666667,120.20833333333333,0.3725,5.541666666666667,2.3270833333333334,108.70833333333333,66.54166666666667
2025-03-12,55.53333333333333,52.604166666666664,588.5833333333334,22.566666666666666,15.454166666666666,115.875,0.36999999999999994,5.583333333333333,2.3541666666666665,134.375,78.41666666666667
2025-03-13,67.32083333333334,63.4375,481.2916666666667,15.766666666666667,24.55,156.04166666666666,0.5941666666666666,7.375,2.1666666666666665,157.91666666666666,86.5
2025-03-14,50.84166666666667,44.666666666666664,418.9583333333333,13.316666666666668,18.3625,135.08333333333334,0.4795833333333333,11.666666666666666,2.2916666666666665,150.95833333333334,83.08333333333333
2025-03-15,36.016666666666666,28.837500000000002,375.375,15.833333333333334,14.204166666666666,113.75,0.4033333333333333,13.125,2.254166666666667,116.79166666666667,68.79166666666667
2025-03-16,28.558333333333334,25.141666666666666,414.0833333333333,14.799999999999999,13.116666666666667,111.79166666666667,0.46249999999999997,6.5,2.2875,99.95833333333333,63.0
2025-03-17,38.99583333333333,27.65416666666667,398.8333333333333,15.316666666666668,12.666666666666666,105.625,0.40125000000000005,22.333333333333332,2.5708333333333333,94.16666666666667,62.458333333333336
2025-03-18,50.5375,35.1875,402.4166666666667,18.1375,17.995833333333334,120.54166666666667,0.38458333333333333,29.208333333333332,2.495833333333333,111.375,66.25
2025-03-19,44.94583333333333,35.887499999999996,377.4166666666667,14.0625,22.72083333333333,132.125,0.4383333333333333,17.333333333333332,2.38125,120.33333333333333,68.66666666666667
2025-03-20,40.8,30.28333333333333,356.9583333333333,12.858333333333334,14.833333333333334,120.25,0.31,20.375,2.4583333333333335,118.25,69.79166666666667
2025-03-21,33.05416666666667,18.55,281.6666666666667,13.158333333333333,11.325000000000001,103.04166666666667,0.25916666666666666,28.333333333333332,2.3208333333333333,79.04166666666667,54.625
2025-03-22,30.925,23.695833333333336,360.4583333333333,14.708333333333334,15.854166666666666,110.91666666666667,0.19416666666666668,13.916666666666666,2.5416666666666665,88.58333333333333,54.125
2025-03-23,38.93333333333333,34.762499999999996,443.0416666666667,15.375,20.1125,131.70833333333334,0.3104166666666667,8.041666666666666,2.35,107.33333333333333,64.125
2025-03-24,48.0,40.17916666666667,398.7083333333333,13.775,23.179166666666664,138.29166666666666,0.3458333333333334,15.625,2.308333333333333,121.91666666666667,71.04166666666667
2025-03-25,50.49583333333334,42.104166666666664,456.4583333333333,14.891666666666666,17.995833333333334,130.54166666666666,0.46291666666666664,16.166666666666668,2.1854166666666663,125.5,72.41666666666667
2025-03-26,41.62083333333333,35.13333333333333,357.0416666666667,10.6625,24.90416666666667,145.04166666666666,0.4891666666666667,12.541666666666666,2.1541666666666663,135.25,71.58333333333333
2025-03-27,23.337500000000002,20.295833333333334,290.6666666666667,12.629166666666668,18.254166666666666,114.0,0.5041666666666667,5.5,2.220833333333333,103.75,62.375
2025-03-28,30.962500000000002,25.6875,328.9166666666667,14.1,14.158333333333333,110.375,0.4870833333333333,9.958333333333334,2.25,91.83333333333333,55.458333333333336
2025-03-29,53.04583333333333,38.40833333333333,387.9166666666667,14.358333333333334,15.416666666666666,123.5,0.7725,28.583333333333332,1.7416666666666665,104.91666666666667,66.29166666666667
2025-03-30,54.25833333333333,43.18333333333334,397.7083333333333,12.220833333333333,20.375,153.79166666666666,1.085,21.875,1.3833333333333335,129.91666666666666,71.16666666666667
2025-03-31,62.6875,54.44583333333333,448.375,11.941666666666668,23.583333333333332,160.45833333333334,1.5779166666666666,16.166666666666668,1.2750000000000001,159.16666666666666,78.625
2025-04-01,80.76666666666667,71.29166666666667,480.2083333333333,13.458333333333334,18.2625,135.125,1.6175,19.208333333333332,0.5916666666666667,153.70833333333334,88.25
2025-04-02,92.43333333333334,81.79166666666667,448.0833333333333,7.058333333333334,8.508333333333333,147.5,1.2979166666666668,21.541666666666668,1.2895833333333333,164.25,106.20833333333333
2025-04-03,73.54166666666667,67.27916666666667,547.9583333333334,16.3875,12.8375,123.5,1.1008333333333333,12.291666666666666,1.4895833333333333,161.16666666666666,101.16666666666667
2025-04-04,63.987500000000004,58.61666666666667,528.5416666666666,17.42083333333333,13.666666666666666,123.91666666666667,0.6162500000000001,10.833333333333334,2.004166666666667,154.875,91.08333333333333
2025-04-05,45.52916666666667,39.375,474.4166666666667,17.858333333333334,15.058333333333332,112.75,0.37875,12.291666666666666,2.3291666666666666,138.625,80.08333333333333
2025-04-06,37.62916666666667,25.8875,367.9166666666667,20.420833333333334,15.695833333333333,108.54166666666667,0.2554166666666667,23.166666666666668,2.558333333333333,100.375,64.95833333333333
2025-04-07,34.833333333333336,24.1875,379.25,17.516666666666666,14.941666666666668,110.375,0.23750000000000002,21.375,2.545833333333333,86.75,59.416666666666664
2025-04-08,43.07916666666667,28.991666666666664,379.5,18.716666666666665,15.583333333333334,107.58333333333333,0.3433333333333333,28.166666666666668,2.4145833333333333,89.75,61.625
2025-04-09,53.362500000000004,39.61666666666667,386.2916666666667,13.020833333333334,18.825,137.95833333333334,0.4295833333333334,27.291666666666668,2.254166666666667,120.625,69.875
2025-04-10,36.46666666666667,25.400000000000002,310.0,7.5,11.370833333333332,118.5,0.41625,21.166666666666668,2.095833333333333,102.45833333333333,65.125
2025-04-11,33.97083333333333,22.416666666666668,267.4166666666667,7.808333333333334,9.370833333333334,103.41666666666667,0.41250000000000003,22.041666666666668,2.0020833333333337,83.66666666666667,59.333333333333336
2025-04-12,46.23333333333333,19.870833333333334,235.875,9.054166666666667,9.674999999999999,95.29166666666667,0.3620833333333333,50.541666666666664,2.1374999999999997,71.41666666666667,50.625
2025-04-13,51.225,23.224999999999998,277.125,11.391666666666666,13.3375,106.54166666666667,0.255,55.625,2.4833333333333334,84.33333333333333,60.916666666666664
2025-04-14,38.050000000000004,19.345833333333335,287.4166666666667,12.299999999999999,9.4375,101.5,0.25083333333333335,36.5,2.558333333333333,82.25,56.875
2025-04-15,34.31666666666667,18.833333333333332,281.2083333333333,12.5625,9.049999999999999,108.25,0.25958333333333333,32.208333333333336,2.2875,78.45833333333333,49.916666666666664
2025-04-16,31.891666666666666,19.645833333333332,284.1666666666667,12.733333333333334,13.279166666666667,105.70833333333333,0.27375,24.083333333333332,2.160416666666667,83.79166666666667,50.041666666666664
2025-04-17,31.508333333333336,18.141666666666666,266.6666666666667,9.174999999999999,13.1875,106.66666666666667,0.3025,25.75,2.191666666666667,80.20833333333333,49.166666666666664
2025-04-18,32.44166666666667,19.6125,256.9583333333333,10.308333333333334,14.691666666666668,106.5,0.31375000000000003,23.791666666666668,2.1270833333333337,83.04166666666667,49.916666666666664
2025-04-19,32.2125,19.6875,247.45833333333334,8.933333333333334,11.891666666666666,106.75,0.33916666666666667,23.708333333333332,2.5500000000000003,83.375,50.666666666666664
2025-04-20,50.87083333333334,23.045833333333334,264.125,12.291666666666666,14.9625,112.875,0.36833333333333335,58.625,2.55625,90.45833333333333,54.208333333333336
2025-04-21,51.14166666666667,26.337500000000002,291.8333333333333,13.545833333333333,16.216666666666665,116.20833333333333,0.36833333333333335,48.791666666666664,2.325,98.70833333333333,63.416666666666664
2025-04-22,47.35,28.245833333333334,329.4166666666667,13.633333333333333,16.733333333333334,123.875,0.45083333333333336,37.75,2.160416666666667,108.75,64.08333333333333
2025-04-23,43.291666666666664,27.3625,313.7083333333333,10.049999999999999,18.7375,136.0,0.44416666666666665,32.166666666666664,2.4854166666666666,114.25,64.95833333333333
2025-04-24,39.63333333333333,24.645833333333332,288.1666666666667,9.254166666666666,16.779166666666665,125.75,0.46208333333333335,29.0,2.19375,113.125,64.125
2025-04-25,44.5375,25.333333333333332,282.7083333333333,11.174999999999999,18.0,118.16666666666667,0.5891666666666667,37.875,1.9208333333333334,97.33333333333333,59.166666666666664
2025-04-26,43.791666666666664,27.90416666666667,308.75,13.041666666666666,18.3,121.91666666666667,0.5870833333333333,31.541666666666668,1.8729166666666668,109.66666666666667,64.33333333333333
2025-04-27,31.441666666666666,21.650000000000002,309.7916666666667,11.0875,16.766666666666666,122.45833333333333,0.44333333333333336,19.041666666666668,2.504166666666667,105.79166666666667,63.291666666666664
2025-04-28,42.05416666666667,22.141666666666666,274.0,9.549999999999999,14.9,119.08333333333333,0.28875,39.833333333333336,2.7145833333333336,99.41666666666667,56.5
2025-04-29,47.65833333333333,22.75,264.2916666666667,10.058333333333334,15.604166666666666,109.54166666666667,0.3179166666666667,49.875,2.6833333333333336,90.95833333333333,56.833333333333336
2025-04-30,38.15,20.316666666666666,262.5,9.2125,13.566666666666668,106.91666666666667,0.33083333333333337,34.916666666666664,2.183333333333333,83.0,57.125
2025-05-01,34.67916666666667,22.84166666666667,270.0833333333333,11.570833333333333,16.879166666666666,111.54166666666667,0.2579166666666667,23.375,2.1479166666666667,88.75,55.291666666666664
2025-05-02,25.441666666666666,16.55,255.125,11.516666666666667,13.779166666666667,112.33333333333333,0.23458333333333334,17.25,2.6479166666666667,88.20833333333333,54.25
2025-05-03,22.025000000000002,13.833333333333334,225.08333333333334,10.920833333333334,11.629166666666668,97.45833333333333,0.305,14.958333333333334,2.375,71.20833333333333,43.416666666666664
2025-05-04,29.983333333333334,14.9625,220.70833333333334,8.112499999999999,8.704166666666667,86.125,0.30291666666666667,27.541666666666668,2.441666666666667,57.916666666666664,39.041666666666664
2025-05-05,49.300000000000004,21.483333333333334,263.625,10.049999999999999,11.441666666666668,96.75,0.47625,53.791666666666664,2.120833333333333,69.29166666666667,47.625
2025-05-06,30.083333333333332,15.691666666666668,239.75,8.004166666666666,8.975,84.08333333333333,0.3283333333333333,27.125,2.34375,67.875,51.666666666666664
2025-05-07,29.2375,14.799999999999999,211.83333333333334,6.075,5.558333333333334,82.04166666666667,0.39291666666666664,27.708333333333332,2.1062499999999997,56.791666666666664,36.291666666666664
2025-05-08,16.95,10.091666666666667,196.5,6.241666666666667,5.75,73.0,0.24041666666666664,12.458333333333334,1.9333333333333333,48.458333333333336,30.75
2025-05-09,14.450000000000001,9.1875,201.54166666666666,7.841666666666666,5.45,67.83333333333333,0.21333333333333335,8.666666666666666,1.96875,42.958333333333336,28.291666666666668
2025-05-10,20.962500000000002,11.991666666666667,233.91666666666666,9.404166666666667,7.574999999999999,68.70833333333333,0.24875,15.708333333333334,2.4875000000000003,44.0,29.291666666666668
2025-05-11,22.71666666666667,12.033333333333333,218.95833333333334,7.0874999999999995,7.529166666666666,77.125,0.33958333333333335,18.833333333333332,2.25,48.166666666666664,33.875
2025-05-12,19.320833333333333,11.820833333333333,257.6666666666667,8.4125,7.304166666666667,74.58333333333333,0.35041666666666665,13.333333333333334,2.279166666666667,50.041666666666664,32.041666666666664
2025-05-13,22.0125,19.495833333333334,272.1666666666667,14.025,11.783333333333333,90.33333333333333,0.39916666666666667,4.625,1.8395833333333333,62.125,42.666666666666664
2025-05-14,30.2625,28.1125,324.2916666666667,12.266666666666666,14.720833333333333,107.625,0.53625,3.7916666666666665,1.6770833333333333,81.625,55.666666666666664
2025-05-15,38.229166666666664,33.28333333333333,316.7916666666667,13.475,17.5125,97.91666666666667,0.5041666666666667,8.958333333333334,2.1979166666666665,96.91666666666667,66.79166666666667
2025-05-16,29.233333333333334,24.079166666666666,284.3333333333333,12.616666666666667,11.545833333333334,81.5,0.5725,8.75,1.90625,85.875,63.041666666666664
2025-05-17,20.208333333333332,14.616666666666667,241.75,11.395833333333334,10.2875,64.625,0.4383333333333333,9.041666666666666,1.8729166666666668,60.583333333333336,38.416666666666664
2025-05-18,23.8125,18.5,268.4166666666667,11.970833333333333,11.316666666666668,77.66666666666667,0.6525,8.75,1.7041666666666666,59.916666666666664,39.791666666666664
2025-05-19,41.35,34.90833333333333,358.7083333333333,11.649999999999999,13.5875,113.25,1.0270833333333333,12.166666666666666,1.8166666666666667,89.25,55.291666666666664
2025-05-20,54.80833333333334,46.87916666666666,354.375,10.379166666666666,13.025,112.75,1.1433333333333333,15.458333333333334,1.5354166666666667,124.625,76.29166666666667
2025-05-21,41.045833333333334,35.237500000000004,433.9166666666667,12.075000000000001,8.200000000000001,105.625,0.5833333333333334,11.75,1.3291666666666666,111.75,71.54166666666667
2025-05-22,18.383333333333333,17.466666666666665,455.25,12.025,4.754166666666667,77.25,0.3345833333333333,1.5833333333333333,1.76875,85.75,60.0
2025-05-23,10.875,10.091666666666667,339.375,13.716666666666667,3.475,55.458333333333336,0.21125000000000002,1.4166666666666667,0.5666666666666667,41.708333333333336,26.291666666666668
2025-05-24,17.9375,16.233333333333334,413.4166666666667,14.695833333333333,5.608333333333333,59.708333333333336,0.27958333333333335,3.4583333333333335,0.4291666666666667,52.958333333333336,28.208333333333332
2025-05-25,19.095833333333335,15.845833333333333,334.75,14.700000000000001,10.308333333333334,75.70833333333333,0.3491666666666666,6.125,0.4791666666666667,60.791666666666664,34.875
2025-05-26,21.066666666666666,15.7125,355.9583333333333,11.762500000000001,8.008333333333333,73.25,0.5187499999999999,10.125,0.5958333333333333,56.75,32.541666666666664
2025-05-27,13.491666666666667,11.450000000000001,296.9583333333333,12.320833333333333,10.458333333333334,71.20833333333333,0.71375,4.083333333333333,1.4749999999999999,50.833333333333336,33.5
2025-05-28,26.087500000000002,14.879166666666668,187.33333333333334,8.491666666666667,8.329166666666667,65.95833333333333,0.7983333333333333,20.791666666666668,1.3729166666666668,51.25,28.625
2025-05-29,35.458333333333336,17.916666666666668,159.58333333333334,6.741666666666667,5.45,61.291666666666664,0.68125,33.333333333333336,1.75,63.875,37.041666666666664
2025-05-30,48.041666666666664,19.337500000000002,154.875,5.383333333333333,4.429166666666666,63.958333333333336,0.5566666666666666,54.083333333333336,1.9791666666666667,62.041666666666664,40.833333333333336
2025-05-31,40.295833333333334,15.804166666666667,152.375,5.1125,4.2375,60.0,0.5870833333333333,45.875,2.0520833333333335,62.625,51.458333333333336
2025-06-01,21.3,10.362499999999999,148.29166666666666,6.270833333333333,4.691666666666666,52.458333333333336,0.41125000000000006,19.333333333333332,1.9291666666666665,52.666666666666664,32.75
2025-06-02,29.008333333333336,13.816666666666668,144.54166666666666,6.520833333333333,4.3125,55.583333333333336,0.3620833333333333,27.375,1.875,47.958333333333336,26.333333333333332
2025-06-03,29.104166666666668,11.7125,151.0,4.9375,3.6750000000000003,61.375,0.35874999999999996,32.958333333333336,2.183333333333333,49.791666666666664,29.208333333333332
2025-06-04,27.075,12.145833333333334,160.70833333333334,7.454166666666667,5.8374999999999995,62.625,0.3354166666666667,25.541666666666668,1.9520833333333334,48.125,30.125
2025-06-05,78.29583333333333,30.8875,234.58333333333334,10.341666666666667,7.625,75.29166666666667,0.4375,90.375,1.3104166666666666,71.70833333333333,55.125
2025-06-06,87.60000000000001,38.65833333333333,240.20833333333334,12.470833333333333,14.65,82.79166666666667,0.585,92.33333333333333,2.0208333333333335,100.5,74.83333333333333
2025-06-07,54.675000000000004,34.275,272.375,9.158333333333333,11.841666666666667,85.83333333333333,0.9170833333333333,39.166666666666664,1.5020833333333332,105.95833333333333,70.95833333333333
2025-06-08,45.37916666666666,30.150000000000002,188.08333333333334,9.3375,10.883333333333333,84.5,0.8154166666666667,29.208333333333332,1.8458333333333332,89.33333333333333,64.29166666666667
2025-06-09,41.37083333333333,25.575,170.04166666666666,8.770833333333334,10.166666666666666,77.95833333333333,0.6533333333333333,29.5,1.4041666666666668,84.0,62.375
2025-06-10,47.67083333333333,27.320833333333336,182.58333333333334,10.295833333333333,12.424999999999999,74.875,0.6258333333333334,37.5,2.1395833333333334,81.70833333333333,61.458333333333336
2025-06-11,31.008333333333336,21.2375,179.70833333333334,10.783333333333333,11.483333333333334,66.375,0.6445833333333334,17.291666666666668,1.5354166666666667,75.20833333333333,54.083333333333336
2025-06-12,27.337500000000002,19.8125,182.70833333333334,12.487499999999999,10.554166666666667,65.25,0.9595833333333333,13.541666666666666,1.4645833333333333,67.875,42.625
2025-06-13,35.19583333333333,28.09166666666667,331.4583333333333,12.362499999999999,8.475,79.70833333333333,0.9666666666666667,13.541666666666666,1.4416666666666667,71.45833333333333,50.041666666666664
2025-06-14,38.704166666666666,31.695833333333336,407.9583333333333,12.416666666666666,6.1499999999999995,77.04166666666667,0.7791666666666667,13.666666666666666,1.5374999999999999,95.125,66.58333333333333
2025-06-15,9.299999999999999,8.6875,244.79166666666666,11.208333333333334,4.741666666666666,47.083333333333336,0.21041666666666667,0.9583333333333334,1.2833333333333334,67.41666666666667,43.375
2025-06-16,5.545833333333333,4.241666666666666,189.66666666666666,8.216666666666667,4.625,56.375,0.19666666666666666,1.7916666666666667,1.0999999999999999,28.416666666666668,22.875
2025-06-17,12.2875,6.4875,148.5,4.616666666666666,3.2125,56.125,0.2808333333333333,10.208333333333334,1.9833333333333334,26.416666666666668,22.458333333333332
2025-06-18,6.741666666666667,3.8541666666666665,147.79166666666666,4.3500000000000005,3.275,54.625,0.26458333333333334,4.458333333333333,1.9291666666666665,27.375,21.833333333333332
2025-06-19,4.295833333333333,3.1625,171.16666666666666,5.645833333333333,4.004166666666666,60.958333333333336,0.31,2.3333333333333335,1.125,28.125,24.375
2025-06-20,10.270833333333334,5.716666666666666,148.75,4.908333333333333,3.5208333333333335,52.25,0.41625,7.958333333333333,1.5791666666666666,25.041666666666668,20.875
2025-06-21,9.729166666666666,5.7375,148.20833333333334,5.104166666666667,3.483333333333333,47.958333333333336,0.4458333333333333,6.875,1.4791666666666667,23.916666666666668,19.083333333333332
2025-06-22,15.216666666666667,7.491666666666667,142.58333333333334,4.770833333333333,3.5083333333333333,50.041666666666664,0.5187499999999999,14.125,1.6520833333333333,27.791666666666668,20.041666666666668
2025-06-23,10.566666666666666,5.795833333333333,142.875,4.608333333333333,3.0416666666666665,48.958333333333336,0.4975,8.75,1.25625,28.541666666666668,19.625
2025-06-24,9.704166666666667,4.929166666666666,146.70833333333334,6.154166666666666,4.2875000000000005,48.666666666666664,0.4170833333333333,9.375,0.7854166666666665,23.791666666666668,19.5
2025-06-25,12.883333333333333,6.754166666666666,154.08333333333334,6.179166666666667,4.133333333333334,46.458333333333336,0.51375,11.0,0.9874999999999999,23.916666666666668,18.541666666666668
2025-06-26,11.299999999999999,5.595833333333334,161.125,6.1875,4.358333333333333,45.583333333333336,0.4795833333333333,10.291666666666666,1.1812500000000001,27.583333333333332,18.25
2025-06-27,11.166666666666666,5.491666666666667,148.0,5.195833333333334,3.5124999999999997,47.25,0.47666666666666674,10.291666666666666,1.4354166666666668,23.833333333333332,18.916666666666668
2025-06-28,13.508333333333333,6.5,146.58333333333334,4.391666666666667,3.233333333333333,53.375,0.42375,11.958333333333334,1.6812500000000001,26.166666666666668,21.208333333333332
2025-06-29,11.0375,5.375,153.625,5.066666666666666,3.204166666666667,53.5,0.5041666666666667,11.291666666666666,1.2270833333333333,27.291666666666668,21.458333333333332
2025-06-30,6.704166666666667,3.9875000000000003,145.875,5.320833333333334,3.5666666666666664,46.708333333333336,0.37875,4.208333333333333,0.9333333333333332,22.958333333333332,18.625
2025-07-01,4.991666666666666,3.658333333333333,147.20833333333334,6.958333333333333,4.1625000000000005,45.166666666666664,0.42166666666666663,2.0833333333333335,0.5583333333333333,21.333333333333332,18.041666666666668
2025-07-02,6.483333333333333,4.216666666666667,150.79166666666666,6.466666666666666,3.9499999999999997,41.541666666666664,0.44,3.9583333333333335,0.8479166666666668,19.583333333333332,16.625
2025-07-03,7.279166666666666,4.195833333333334,150.5,5.516666666666667,3.6208333333333336,44.625,0.43250000000000005,5.791666666666667,1.4916666666666665,20.458333333333332,17.916666666666668
2025-07-04,5.845833333333334,3.891666666666666,141.5,6.3,3.783333333333333,45.791666666666664,0.38875,3.4583333333333335,1.2270833333333333,21.583333333333332,18.291666666666668
2025-07-05,6.466666666666666,3.8625000000000003,147.75,5.070833333333334,3.545833333333333,51.333333333333336,0.36874999999999997,4.708333333333333,1.3770833333333332,22.833333333333332,20.5
2025-07-06,10.9,5.55,144.625,5.175,3.4625,50.333333333333336,0.4479166666666667,9.166666666666666,1.2479166666666666,23.791666666666668,20.041666666666668
2025-07-07,15.720833333333333,7.5625,146.70833333333334,6.620833333333334,4.158333333333333,48.333333333333336,0.45083333333333336,15.166666666666666,0.8937499999999999,24.791666666666668,19.458333333333332
2025-07-08,16.287499999999998,8.283333333333333,154.79166666666666,7.445833333333333,4.25,43.041666666666664,0.5599999999999999,13.833333333333334,0.7895833333333333,37.791666666666664,19.125
2025-07-09,20.504166666666666,9.483333333333333,164.0,7.716666666666666,4.5375000000000005,40.458333333333336,0.7720833333333333,20.041666666666668,0.50625,33.833333333333336,18.0
2025-07-10,27.329166666666666,12.366666666666667,157.125,7.3875,5.558333333333334,42.708333333333336,0.7295833333333334,25.041666666666668,1.1166666666666667,44.458333333333336,23.625
2025-07-11,25.775000000000002,11.025,166.29166666666666,6.779166666666666,5.379166666666666,47.833333333333336,0.58,27.083333333333332,1.59375,49.833333333333336,27.125
2025-07-12,21.375,10.104166666666666,153.79166666666666,6.029166666666666,5.304166666666666,49.916666666666664,0.46541666666666665,20.208333333333332,2.058333333333333,45.583333333333336,26.0
2025-07-13,14.445833333333333,7.166666666666667,156.45833333333334,5.3999999999999995,4.1625000000000005,49.708333333333336,0.435,13.458333333333334,1.6500000000000001,36.708333333333336,21.25
2025-07-14,6.25,4.270833333333333,149.5,6.125,4.254166666666666,45.416666666666664,0.29541666666666666,3.25,1.5625,25.791666666666668,18.166666666666668
2025-07-15,10.341666666666667,5.6625000000000005,184.625,6.258333333333333,4.8875,48.5,0.24,8.791666666666666,1.53125,22.333333333333332,19.458333333333332
2025-07-16,27.349999999999998,12.208333333333334,159.70833333333334,6.879166666666666,6.058333333333334,49.541666666666664,0.4708333333333334,27.75,1.9000000000000001,35.375,22.125
2025-07-17,30.304166666666664,15.174999999999999,171.91666666666666,8.3125,6.816666666666666,49.5,0.5366666666666667,25.791666666666668,1.7791666666666668,55.583333333333336,30.875
2025-07-18,27.445833333333336,13.745833333333332,169.375,8.3125,7.566666666666666,45.333333333333336,0.5504166666666667,24.083333333333332,1.7583333333333335,56.25,29.75
2025-07-19,24.15416666666667,11.520833333333334,156.08333333333334,7.845833333333334,6.204166666666667,45.583333333333336,0.52,22.0,1.925,52.083333333333336,27.541666666666668
2025-07-20,10.479166666666666,6.875,170.08333333333334,7.516666666666667,5.533333333333334,47.083333333333336,0.3729166666666666,6.541666666666667,1.96875,37.083333333333336,21.875
2025-07-21,7.704166666666667,5.3875,197.625,8.120833333333334,5.945833333333333,46.75,0.27666666666666667,4.375,1.3208333333333333,26.458333333333332,18.708333333333332
2025-07-22,7.6499999999999995,5.341666666666666,166.625,7.229166666666667,6.220833333333334,50.625,0.30041666666666667,4.416666666666667,1.55,23.958333333333332,20.083333333333332
2025-07-23,4.395833333333333,3.375,172.25,7.5,5.704166666666667,46.5,0.22916666666666666,1.9166666666666667,0.8875000000000001,22.125,18.625
2025-07-24,6.483333333333333,4.370833333333334,164.16666666666666,6.141666666666667,4.1499999999999995,49.083333333333336,0.3254166666666667,3.7083333333333335,1.4291666666666665,22.833333333333332,19.666666666666668
2025-07-25,3.8625000000000003,3.1,156.08333333333334,6.591666666666666,4.420833333333333,47.208333333333336,0.19375,1.4166666666666667,0.7041666666666666,22.041666666666668,18.916666666666668
2025-07-26,4.445833333333334,3.1333333333333333,147.91666666666666,6.675,4.279166666666667,46.875,0.24208333333333334,2.0,0.6458333333333334,21.5,18.75
2025-07-27,7.0625,4.229166666666667,134.79166666666666,4.304166666666666,3.2291666666666665,46.625,0.455,4.625,1.3479166666666667,21.791666666666668,18.625
2025-07-28,8.220833333333333,5.075,138.66666666666666,4.8999999999999995,3.483333333333333,46.416666666666664,0.4370833333333333,4.708333333333333,1.3854166666666667,21.625,18.583333333333332
2025-07-29,6.233333333333333,4.204166666666667,136.95833333333334,5.670833333333333,3.7416666666666667,41.958333333333336,0.4045833333333333,2.9583333333333335,0.7125,21.416666666666668,16.833333333333332
2025-07-30,7.358333333333333,4.658333333333333,139.91666666666666,7.395833333333333,4.4125000000000005,41.375,0.3779166666666667,5.208333333333333,0.6854166666666667,19.416666666666668,16.666666666666668
2025-07-31,10.049999999999999,5.7875000000000005,153.125,6.229166666666667,4.116666666666666,46.083333333333336,0.42791666666666667,7.625,0.9104166666666668,21.916666666666668,18.5
2025-08-01,18.220833333333335,9.049999999999999,152.20833333333334,5.979166666666667,4.816666666666666,49.0,0.4708333333333334,15.416666666666666,1.7458333333333333,28.333333333333332,20.208333333333332
2025-08-02,15.237499999999999,8.4,158.29166666666666,6.925,5.479166666666667,48.75,0.48833333333333334,11.875,1.8687500000000001,38.083333333333336,21.541666666666668
2025-08-03,19.375,11.1,171.70833333333334,8.825000000000001,6.508333333333333,46.958333333333336,0.45125,13.958333333333334,1.925,43.625,23.041666666666668
2025-08-04,24.554166666666664,13.674999999999999,180.75,8.858333333333333,7.683333333333334,50.541666666666664,0.4429166666666667,19.458333333333332,1.7208333333333332,50.375,26.125
2025-08-05,32.07083333333333,18.966666666666665,207.83333333333334,11.079166666666666,9.558333333333334,55.458333333333336,0.42583333333333334,23.166666666666668,1.7562499999999999,58.541666666666664,32.208333333333336
2025-08-06,37.704166666666666,23.90416666666667,248.75,13.429166666666667,14.083333333333334,62.541666666666664,0.5233333333333333,24.916666666666668,1.5979166666666667,70.70833333333333,47.166666666666664
2025-08-07,37.82083333333333,23.65833333333333,258.375,14.129166666666665,14.366666666666667,56.791666666666664,0.6129166666666667,26.916666666666668,1.4708333333333332,76.70833333333333,58.166666666666664
2025-08-08,34.82083333333333,21.454166666666666,277.4166666666667,15.408333333333333,13.0,42.708333333333336,0.4566666666666667,24.5,1.3499999999999999,72.16666666666667,49.791666666666664
2025-08-09,30.429166666666664,17.0125,258.2916666666667,12.341666666666667,8.525,42.291666666666664,0.46458333333333335,25.291666666666668,0.9145833333333333,63.583333333333336,37.166666666666664
2025-08-10,28.754166666666666,15.258333333333333,199.20833333333334,10.704166666666666,8.275,39.5,0.42583333333333334,25.041666666666668,1.39375,60.958333333333336,34.333333333333336
2025-08-11,18.908333333333335,10.512500000000001,162.375,7.4624999999999995,6.05,43.625,0.365,15.166666666666666,1.960416666666667,48.166666666666664,24.541666666666668
2025-08-12,14.825000000000001,10.070833333333335,163.33333333333334,8.75,6.608333333333333,38.708333333333336,0.3429166666666667,8.208333333333334,1.7437500000000001,42.791666666666664,21.333333333333332
2025-08-13,11.779166666666667,8.8125,176.375,9.920833333333333,6.633333333333333,34.416666666666664,0.33208333333333334,5.375,1.0916666666666666,43.916666666666664,21.166666666666668
2025-08-14,6.616666666666667,5.354166666666667,192.58333333333334,9.829166666666667,7.083333333333333,37.916666666666664,0.21416666666666664,2.0,1.0854166666666667,25.291666666666668,16.541666666666668
2025-08-15,5.554166666666667,4.329166666666667,187.95833333333334,7.691666666666666,6.241666666666667,44.75,0.25,2.375,1.2729166666666667,22.875,17.916666666666668
2025-08-16,6.970833333333334,4.4624999999999995,184.125,7.2375,5.879166666666666,43.125,0.2575,4.625,1.0645833333333334,20.708333333333332,17.25
2025-08-17,3.158333333333333,2.6666666666666665,181.66666666666666,6.295833333333333,4.733333333333333,40.0,0.16958333333333334,0.9166666666666666,1.3895833333333334,19.0,16.041666666666668
2025-08-18,2.495833333333333,2.2583333333333333,168.41666666666666,6.5625,4.645833333333333,44.291666666666664,0.1275,0.2916666666666667,0.7145833333333335,20.0,17.666666666666668
2025-08-19,2.0749999999999997,1.95,161.08333333333334,6.358333333333333,4.270833333333333,47.666666666666664,0.10833333333333334,0.25,0.45208333333333334,21.791666666666668,19.25
2025-08-20,4.358333333333333,3.0208333333333335,157.75,4.941666666666666,3.3166666666666664,46.708333333333336,0.13375,2.6666666666666665,1.0041666666666667,22.375,18.791666666666668
2025-08-21,10.404166666666667,6.058333333333334,146.75,4.466666666666667,3.029166666666667,42.416666666666664,0.24416666666666667,7.625,1.6145833333333333,20.791666666666668,16.916666666666668
2025-08-22,7.854166666666667,5.458333333333333,148.625,5.245833333333333,3.5208333333333335,39.208333333333336,0.27208333333333334,3.375,1.675,26.375,15.708333333333334
2025-08-23,7.291666666666667,5.170833333333333,148.25,4.670833333333333,3.1750000000000003,43.416666666666664,0.24125,3.1666666666666665,1.9583333333333333,22.458333333333332,17.333333333333332
2025-08-24,6.508333333333333,5.091666666666667,139.83333333333334,4.808333333333334,2.9625,42.416666666666664,0.22624999999999998,1.5,1.6083333333333334,22.375,16.916666666666668
2025-08-25,4.4875,3.7416666666666667,154.79166666666666,5.495833333333334,3.5625,40.458333333333336,0.20791666666666667,0.875,1.4437499999999999,20.541666666666668,16.208333333333332
2025-08-26,7.395833333333333,5.141666666666667,163.5,6.766666666666667,4.370833333333334,35.875,0.29083333333333333,3.4583333333333335,0.8041666666666667,17.916666666666668,14.333333333333334
2025-08-27,16.8125,9.862499999999999,183.91666666666666,8.554166666666667,5.1375,40.25,0.3933333333333333,13.291666666666666,0.9208333333333334,33.0,18.125
2025-08-28,23.166666666666668,12.108333333333334,208.54166666666666,9.9625,6.925,42.75,0.3954166666666667,22.041666666666668,1.2,41.0,21.916666666666668
2025-08-29,6.608333333333333,5.045833333333333,199.83333333333334,10.0375,8.458333333333334,41.125,0.24333333333333332,3.1666666666666665,0.8208333333333333,39.916666666666664,20.416666666666668
2025-08-30,11.1625,6.283333333333334,185.33333333333334,7.008333333333333,5.933333333333334,48.375,0.22333333333333336,8.875,2.3249999999999997,23.916666666666668,19.416666666666668
2025-08-31,21.2,9.570833333333333,159.83333333333334,6.05,4.754166666666666,44.833333333333336,0.3441666666666667,20.375,1.6145833333333333,36.125,19.791666666666668
2025-09-01,9.679166666666667,5.495833333333334,148.91666666666666,5.2875000000000005,3.6041666666666665,42.458333333333336,0.38125000000000003,7.833333333333333,1.1708333333333332,32.5,18.916666666666668
2025-09-02,11.0375,6.866666666666667,153.29166666666666,6.441666666666666,4.8875,46.583333333333336,0.40499999999999997,6.833333333333333,1.4791666666666667,23.166666666666668,18.625
2025-09-03,17.266666666666666,10.204166666666667,166.41666666666666,6.654166666666666,5.504166666666666,49.791666666666664,0.56625,12.791666666666666,1.375,35.666666666666664,20.541666666666668
2025-09-04,16.991666666666667,9.620833333333334,156.875,6.7124999999999995,5.625,46.125,0.45375000000000004,12.166666666666666,1.76875,46.708333333333336,23.0
2025-09-05,12.987499999999999,7.5874999999999995,145.625,6.758333333333333,4.575,46.041666666666664,0.3,10.75,1.2854166666666667,33.916666666666664,19.125
2025-09-06,15.5375,8.65,159.83333333333334,6.533333333333334,4.875,45.708333333333336,0.35791666666666666,12.0,1.4958333333333333,30.416666666666668,18.791666666666668
2025-09-07,15.354166666666666,8.924999999999999,164.20833333333334,6.670833333333333,4.425,44.458333333333336,0.355,11.208333333333334,1.66875,40.416666666666664,20.375
2025-09-08,11.4375,8.454166666666667,187.29166666666666,8.404166666666667,5.320833333333334,46.416666666666664,0.2558333333333333,5.333333333333333,1.7604166666666667,32.666666666666664,20.708333333333332
2025-09-09,33.324999999999996,19.733333333333334,244.0,10.633333333333333,7.866666666666667,53.958333333333336,0.3904166666666667,24.333333333333332,1.6520833333333333,55.291666666666664,30.833333333333332
2025-09-10,41.012499999999996,28.054166666666664,258.8333333333333,12.049999999999999,12.3375,65.20833333333333,0.49125,24.708333333333332,1.9812500000000002,74.0,52.583333333333336
2025-09-11,44.59583333333333,32.512499999999996,226.0,9.525,16.216666666666665,85.375,0.5783333333333334,23.0,1.8166666666666667,93.04166666666667,65.70833333333333
2025-09-12,35.4375,25.104166666666668,242.0,14.149999999999999,12.9,53.166666666666664,0.5454166666666667,19.458333333333332,0.9895833333333334,81.66666666666667,61.375
2025-09-13,23.724999999999998,19.195833333333333,291.25,16.370833333333334,11.950000000000001,55.0,0.44208333333333333,8.708333333333334,0.8145833333333333,76.04166666666667,56.083333333333336
2025-09-14,12.858333333333334,11.895833333333334,268.2083333333333,13.533333333333333,10.791666666666666,67.125,0.43083333333333335,1.75,0.9645833333333332,48.416666666666664,32.625
2025-09-15,11.291666666666666,10.525,266.4583333333333,12.875,10.9125,60.833333333333336,0.36000000000000004,1.375,1.1041666666666667,53.208333333333336,28.333333333333332
2025-09-16,16.808333333333334,13.887500000000001,271.0833333333333,15.108333333333334,11.8125,44.375,0.37041666666666667,5.416666666666667,1.1812500000000001,50.125,26.291666666666668
2025-09-17,10.529166666666667,9.283333333333333,316.0833333333333,11.816666666666668,9.091666666666667,45.041666666666664,0.28875,2.0416666666666665,1.2562499999999999,43.125,24.958333333333332
2025-09-18,13.825000000000001,13.275,318.2083333333333,13.445833333333333,11.200000000000001,49.583333333333336,0.47750000000000004,0.875,1.3770833333333332,46.708333333333336,27.791666666666668
2025-09-19,11.091666666666667,10.345833333333333,252.875,12.424999999999999,12.020833333333334,41.208333333333336,0.30875,1.375,1.3645833333333333,51.708333333333336,27.25
2025-09-20,11.791666666666666,8.933333333333334,195.66666666666666,10.483333333333333,7.8125,40.458333333333336,0.26,5.0,1.5166666666666666,37.958333333333336,21.166666666666668
2025-09-21,16.379166666666666,14.033333333333333,225.58333333333334,10.266666666666667,8.45,48.833333333333336,0.41791666666666666,4.041666666666667,1.5770833333333334,48.041666666666664,26.0
2025-09-22,9.241666666666667,8.579166666666667,217.0,10.879166666666668,8.658333333333333,44.208333333333336,0.37125,1.125,1.1458333333333333,45.916666666666664,24.791666666666668
2025-09-23,18.429166666666667,12.629166666666668,188.33333333333334,9.700000000000001,9.154166666666667,47.916666666666664,0.33749999999999997,9.708333333333334,0.7416666666666667,33.708333333333336,20.208333333333332
2025-09-24,18.7625,14.204166666666666,172.20833333333334,8.116666666666667,7.5,51.125,0.30041666666666667,7.583333333333333,1.7708333333333333,59.416666666666664,32.75
2025-09-25,11.879166666666668,10.191666666666666,195.91666666666666,9.266666666666667,7.2749999999999995,42.5,0.2304166666666667,2.5,1.8333333333333333,46.458333333333336,24.75
2025-09-26,16.087500000000002,14.545833333333334,230.66666666666666,11.541666666666666,9.816666666666666,44.791666666666664,0.44083333333333335,2.0,0.7770833333333332,47.25,24.041666666666668
2025-09-27,9.145833333333334,8.433333333333334,250.91666666666666,12.387500000000001,11.049999999999999,58.75,0.49374999999999997,1.1666666666666667,0.7604166666666666,51.916666666666664,28.708333333333332
2025-09-28,3.4333333333333336,3.2624999999999997,195.83333333333334,7.804166666666667,6.0125,57.625,0.19416666666666668,0.20833333333333334,0.3770833333333334,27.416666666666668,23.041666666666668
2025-09-29,12.125,10.0375,181.66666666666666,6.416666666666667,5.058333333333334,77.54166666666667,0.22333333333333336,2.5,2.060416666666667,35.5,31.458333333333332
2025-09-30,8.683333333333334,6.695833333333333,167.45833333333334,7.625,4.429166666666666,48.291666666666664,0.21458333333333335,2.75,1.8208333333333335,40.208333333333336,21.625
2025-10-01,7.666666666666667,5.970833333333334,161.25,7.995833333333334,4.241666666666666,42.791666666666664,0.19083333333333333,2.4583333333333335,1.8041666666666665,24.083333333333332,17.375
2025-10-02,10.420833333333333,7.7875000000000005,171.375,9.950000000000001,5.195833333333334,37.791666666666664,0.22833333333333336,3.2916666666666665,1.5291666666666666,30.5,17.708333333333332
2025-10-03,10.1875,9.420833333333333,206.33333333333334,10.362499999999999,5.516666666666667,38.541666666666664,0.19958333333333333,0.5,1.4020833333333333,34.958333333333336,18.916666666666668
2025-10-04,15.754166666666668,13.075000000000001,213.25,10.620833333333334,8.383333333333333,45.041666666666664,0.23791666666666667,4.333333333333333,1.7416666666666665,50.208333333333336,26.083333333333332
2025-10-05,26.3875,15.783333333333333,220.5,9.950000000000001,8.129166666666666,47.041666666666664,0.3154166666666667,18.625,1.625,53.666666666666664,28.916666666666668
2025-10-06,36.69166666666667,19.041666666666668,223.29166666666666,10.375,9.195833333333335,51.041666666666664,0.2675,31.833333333333332,1.6666666666666667,62.708333333333336,35.958333333333336
2025-10-07,18.491666666666667,16.245833333333334,230.83333333333334,12.254166666666668,8.708333333333334,45.875,0.25375,3.6666666666666665,1.0854166666666667,59.333333333333336,33.083333333333336
2025-10-08,37.020833333333336,32.49166666666667,338.8333333333333,17.516666666666666,11.375,61.958333333333336,0.33208333333333334,7.708333333333333,1.8270833333333334,78.16666666666667,55.166666666666664
2025-10-09,63.13333333333333,35.708333333333336,490.3333333333333,19.195833333333333,10.958333333333334,76.33333333333333,0.3466666666666667,53.583333333333336,2.01875,97.625,67.45833333333333
2025-10-10,63.199999999999996,40.97083333333333,518.8333333333334,19.587500000000002,13.345833333333333,84.16666666666667,0.4116666666666667,43.541666666666664,1.8687500000000001,108.25,71.16666666666667
2025-10-11,64.73333333333333,48.05833333333334,580.25,25.8125,15.1,80.91666666666667,0.4583333333333333,32.583333333333336,1.875,116.08333333333333,73.625
2025-10-12,48.75416666666666,41.016666666666666,542.375,23.2,12.379166666666668,77.75,0.33875000000000005,15.083333333333334,1.9416666666666667,129.83333333333334,77.83333333333333
2025-10-13,38.07083333333333,34.041666666666664,432.7083333333333,19.795833333333334,11.629166666666668,86.29166666666667,0.3216666666666667,7.916666666666667,1.9520833333333334,102.16666666666667,68.75
2025-10-14,33.016666666666666,30.416666666666668,433.25,19.004166666666666,11.270833333333334,83.79166666666667,0.2841666666666667,5.125,2.0124999999999997,94.29166666666667,66.08333333333333
2025-10-15,23.474999999999998,22.90833333333333,460.75,13.320833333333333,6.154166666666666,71.625,0.4054166666666667,1.0,1.5062499999999999,84.25,62.291666666666664
2025-10-16,16.712500000000002,16.545833333333334,417.5,13.362499999999999,5.891666666666667,69.91666666666667,0.2916666666666667,0.0,1.9875,60.041666666666664,41.041666666666664
2025-10-17,21.795833333333334,21.52916666666667,363.875,8.616666666666667,7.495833333333334,85.75,0.39375,0.375,1.9437499999999999,66.95833333333333,45.083333333333336
2025-10-18,40.80416666666667,39.958333333333336,449.7083333333333,11.525,10.395833333333334,93.54166666666667,0.6370833333333333,1.7916666666666667,1.7750000000000001,85.125,60.5
2025-10-19,68.15416666666667,64.83749999999999,450.875,15.520833333333334,11.379166666666668,95.375,1.0120833333333332,6.666666666666667,1.4166666666666667,140.58333333333334,82.70833333333333
2025-10-20,40.63333333333333,38.479166666666664,385.625,9.625,10.125,110.625,0.6791666666666667,4.291666666666667,1.6937499999999999,143.25,84.45833333333333
2025-10-21,20.704166666666666,20.454166666666666,295.9583333333333,6.354166666666667,5.925,78.70833333333333,0.40875,0.3333333333333333,1.7437500000000001,87.33333333333333,61.208333333333336
2025-10-22,16.51666666666667,16.458333333333332,304.0,6.608333333333333,6.8500000000000005,72.625,0.30916666666666665,0.0,1.7729166666666665,59.583333333333336,35.625
2025-10-23,11.441666666666668,11.316666666666668,239.625,5.6125,5.270833333333333,71.41666666666667,0.2275,0.0,1.8,55.541666666666664,31.958333333333332
2025-10-24,7.358333333333333,7.279166666666666,242.58333333333334,7.341666666666666,2.9416666666666664,59.041666666666664,0.14666666666666667,0.0,1.6666666666666667,36.791666666666664,24.291666666666668
2025-10-25,9.116666666666667,8.795833333333333,318.1666666666667,11.174999999999999,3.25,52.041666666666664,0.13958333333333334,0.0,0.8479166666666668,30.75,21.708333333333332
2025-10-26,11.120833333333332,10.416666666666666,253.70833333333334,8.895833333333334,3.141666666666667,54.791666666666664,0.17,0.08333333333333333,0.9083333333333333,44.458333333333336,23.666666666666668
2025-10-27,10.85,10.487499999999999,329.4583333333333,11.899999999999999,3.6999999999999997,44.041666666666664,0.18041666666666667,0.0,0.93125,39.083333333333336,20.958333333333332
2025-10-28,24.558333333333334,23.454166666666666,440.75,14.941666666666668,4.2875,54.25,0.37958333333333333,0.5416666666666666,1.41875,58.458333333333336,34.25
2025-10-29,31.53333333333333,29.712500000000002,518.125,21.212500000000002,6.5375000000000005,57.333333333333336,0.3225,1.7083333333333333,1.5250000000000001,89.875,64.25
2025-10-30,18.537499999999998,16.966666666666665,371.7916666666667,13.308333333333332,5.591666666666666,62.708333333333336,0.24875,1.1666666666666667,1.0020833333333334,65.08333333333333,42.0
2025-10-31,15.095833333333333,13.666666666666666,386.7083333333333,11.737499999999999,3.954166666666666,57.458333333333336,0.18291666666666664,0.6666666666666666,1.2375,64.58333333333333,38.291666666666664
2025-11-01,9.583333333333334,9.095833333333333,439.75,10.670833333333334,4.7749999999999995,56.208333333333336,0.1829166666666667,0.0,0.90625,38.666666666666664,24.875
2025-11-02,15.0625,13.983333333333334,279.2083333333333,11.391666666666666,6.620833333333334,52.416666666666664,0.24625,0.0,1.0458333333333334,49.75,26.875
2025-11-03,14.891666666666666,14.225,273.9583333333333,8.741666666666667,6.891666666666667,64.0,0.24375,0.0,1.4104166666666667,54.375,31.583333333333332
2025-11-04,20.279166666666665,19.349999999999998,320.6666666666667,10.6875,7.979166666666667,67.95833333333333,0.2125,0.8333333333333334,1.5125,57.916666666666664,34.416666666666664
2025-11-05,32.458333333333336,31.2625,342.125,12.366666666666667,12.016666666666666,79.08333333333333,0.3445833333333333,1.0,1.4291666666666665,80.91666666666667,58.458333333333336
2025-11-06,42.266666666666666,40.69583333333333,473.0833333333333,17.666666666666668,14.383333333333333,78.41666666666667,0.5170833333333333,1.7916666666666667,1.4208333333333334,102.58333333333333,69.125
2025-11-07,32.87916666666667,32.05416666666667,506.8333333333333,21.52916666666667,11.141666666666666,74.70833333333333,0.3416666666666666,1.4583333333333333,1.6875,104.16666666666667,69.70833333333333
2025-11-08,35.083333333333336,33.59166666666667,611.125,25.0625,13.229166666666666,82.375,0.22333333333333336,2.6666666666666665,1.7895833333333335,92.875,65.41666666666667
2025-11-09,34.27916666666667,32.8125,613.6666666666666,25.004166666666666,15.391666666666666,91.5,0.21291666666666667,2.5,1.7729166666666665,102.20833333333333,67.5
2025-11-10,43.68333333333334,41.6,613.6666666666666,24.833333333333332,18.224999999999998,98.75,0.2575,3.5,1.7208333333333332,108.04166666666667,68.95833333333333
2025-11-11,51.520833333333336,49.00833333333333,675.0833333333334,26.412499999999998,17.008333333333333,95.95833333333333,0.4141666666666666,4.5,1.58125,124.54166666666667,75.29166666666667
2025-11-12,54.5375,52.145833333333336,490.9166666666667,25.55,16.945833333333333,89.625,0.43041666666666667,4.25,1.6020833333333335,140.20833333333334,81.25
2025-11-13,41.92916666666667,40.416666666666664,440.0,17.904166666666665,13.241666666666667,97.66666666666667,0.3629166666666667,2.7916666666666665,1.625,121.83333333333333,75.29166666666667
2025-11-14,41.40833333333333,39.52916666666667,424.2916666666667,15.070833333333333,11.391666666666666,101.54166666666667,0.3358333333333334,3.375,1.6083333333333334,112.79166666666667,72.0
2025-11-15,39.612500000000004,37.1625,492.2916666666667,14.025,9.883333333333333,106.83333333333333,0.28625,4.416666666666667,1.5770833333333334,113.04166666666667,71.33333333333333
2025-11-16,35.35,33.949999999999996,496.125,9.270833333333334,12.058333333333332,113.0,0.2733333333333334,2.5,1.5583333333333333,107.375,69.04166666666667
2025-11-17,41.329166666666666,39.0625,482.4166666666667,9.408333333333333,11.854166666666666,112.79166666666667,0.2970833333333333,4.333333333333333,1.5979166666666667,103.375,67.79166666666667
2025-11-18,48.25833333333333,45.79583333333333,504.0,12.420833333333334,13.0875,116.58333333333333,0.28625,4.541666666666667,1.6187500000000001,123.70833333333333,74.95833333333333
2025-11-19,45.762499999999996,44.04583333333333,550.4583333333334,15.275,12.9125,106.16666666666667,0.2816666666666667,3.0416666666666665,1.625,124.83333333333333,76.20833333333333
2025-11-20,47.47083333333333,45.3375,548.375,12.9,12.041666666666666,109.45833333333333,0.3129166666666667,3.5833333333333335,1.5458333333333334,121.54166666666667,74.95833333333333
2025-11-21,45.44166666666666,44.4,542.9166666666666,18.425,14.450000000000001,102.79166666666667,0.32125,1.8333333333333333,1.6187500000000001,125.70833333333333,75.91666666666667
2025-11-22,31.03333333333333,30.579166666666666,538.7083333333334,17.629166666666666,11.408333333333333,91.125,0.25625000000000003,0.625,1.7249999999999999,110.41666666666667,71.66666666666667
2025-11-23,41.204166666666666,40.266666666666666,648.8333333333334,26.075,13.512500000000001,78.70833333333333,0.34875000000000006,1.0833333333333333,1.4625000000000001,99.5,68.16666666666667
2025-11-24,52.88333333333333,51.05416666666667,564.0833333333334,26.666666666666668,16.233333333333334,88.16666666666667,0.4366666666666667,2.4583333333333335,1.4979166666666668,129.125,77.70833333333333
2025-11-25,34.40416666666667,33.275,489.2916666666667,20.6375,9.545833333333333,85.83333333333333,0.4270833333333333,1.5,1.4729166666666667,108.875,71.16666666666667
2025-11-26,31.454166666666666,30.508333333333336,529.9583333333334,16.129166666666666,7.266666666666667,82.875,0.3329166666666667,1.4166666666666667,1.5041666666666667,92.70833333333333,65.625
2025-11-27,46.300000000000004,45.52916666666667,491.9583333333333,10.045833333333333,9.020833333333334,94.0,0.49791666666666673,1.0833333333333333,1.4416666666666667,100.83333333333333,68.375
2025-11-28,62.625,61.699999999999996,473.0833333333333,6.920833333333333,12.65,109.08333333333333,0.5925,1.2916666666666667,1.2916666666666667,147.75,86.29166666666667
2025-11-29,33.6,33.166666666666664,435.4583333333333,6.908333333333334,9.404166666666667,103.33333333333333,0.2354166666666667,0.875,1.51875,128.58333333333334,78.20833333333333
2025-11-30,36.770833333333336,36.25416666666667,448.9166666666667,9.216666666666667,18.525000000000002,116.125,0.29291666666666666,1.0,1.4645833333333333,101.33333333333333,66.54166666666667
2025-12-01,45.5625,45.15,538.125,12.483333333333334,19.470833333333335,115.20833333333333,0.3829166666666666,1.0,1.225,115.33333333333333,71.41666666666667
2025-12-02,52.74583333333334,52.40416666666667,577.7083333333334,11.866666666666667,18.474999999999998,115.79166666666667,0.4675,0.5,1.2520833333333334,134.58333333333334,79.41666666666667
2025-12-03,63.84583333333333,63.4125,537.0416666666666,9.808333333333334,17.466666666666665,120.16666666666667,0.6379166666666667,0.75,1.2041666666666666,151.25,87.625
2025-12-04,52.11666666666667,51.75416666666666,485.4166666666667,9.066666666666666,16.216666666666665,113.08333333333333,0.5499999999999999,0.375,1.2958333333333334,147.875,85.16666666666667
2025-12-05,45.84166666666667,45.645833333333336,476.7916666666667,6.929166666666667,15.858333333333334,108.875,0.5983333333333333,0.0,1.2604166666666667,131.04166666666666,78.375
2025-12-06,45.98333333333333,45.354166666666664,444.0416666666667,9.916666666666666,13.049999999999999,99.54166666666667,0.4154166666666667,1.0833333333333333,1.3666666666666665,124.91666666666667,76.5
2025-12-07,42.4,41.920833333333334,520.5,9.708333333333334,15.079166666666666,108.25,0.4041666666666666,0.875,1.3333333333333333,125.83333333333333,76.33333333333333
2025-12-08,26.983333333333334,25.90416666666667,474.4583333333333,9.695833333333333,11.345833333333333,103.0,0.21583333333333332,1.9166666666666667,1.5166666666666666,100.83333333333333,67.33333333333333
2025-12-09,19.745833333333334,19.033333333333335,351.2916666666667,8.075000000000001,9.095833333333333,104.75,0.13333333333333333,1.3333333333333333,1.5520833333333333,79.375,55.041666666666664
2025-12-10,16.095833333333335,15.633333333333333,365.75,8.025,10.445833333333333,103.04166666666667,0.11208333333333333,0.9166666666666666,1.5895833333333333,68.79166666666667,45.541666666666664
2025-12-11,17.266666666666666,17.145833333333332,476.7916666666667,11.35,9.595833333333333,101.20833333333333,0.09583333333333333,0.25,1.6333333333333335,66.66666666666667,43.041666666666664
2025-12-12,22.9375,22.579166666666666,521.0416666666666,13.070833333333333,12.379166666666668,99.625,0.11958333333333333,0.7916666666666666,1.6395833333333334,72.45833333333333,47.375
2025-12-13,25.504166666666666,24.71666666666667,490.875,12.879166666666668,10.200000000000001,103.875,0.15208333333333332,1.4166666666666667,1.6395833333333334,82.08333333333333,56.541666666666664
2025-12-14,26.104166666666668,25.229166666666668,495.75,9.995833333333334,10.325000000000001,109.0,0.1675,1.875,1.6083333333333334,87.125,61.666666666666664
2025-12-15,22.933333333333334,20.775000000000002,451.0416666666667,8.720833333333333,11.2875,110.83333333333333,0.15833333333333335,4.166666666666667,1.5479166666666666,81.375,55.125
2025-12-16,34.6625,32.67916666666667,485.8333333333333,9.645833333333334,13.441666666666668,116.20833333333333,0.24916666666666668,3.625,1.4937500000000001,90.04166666666667,57.125
2025-12-17,44.975,42.612500000000004,586.5,9.625,12.795833333333334,108.5,0.24833333333333332,4.458333333333333,1.46875,110.33333333333333,71.25
2025-12-18,34.958333333333336,32.9,558.25,9.983333333333333,13.070833333333333,98.875,0.17208333333333334,4.0,1.4666666666666668,113.08333333333333,72.54166666666667
2025-12-19,22.55,22.0125,423.3333333333333,11.041666666666666,8.862499999999999,95.0,0.09916666666666667,0.9583333333333334,1.45,83.20833333333333,60.625
2025-12-20,15.129166666666668,15.091666666666667,439.4583333333333,11.841666666666667,7.804166666666667,85.16666666666667,0.08750000000000001,0.0,1.4708333333333332,62.708333333333336,42.708333333333336
2025-12-21,23.8,23.508333333333336,488.4583333333333,9.3125,12.004166666666668,97.375,0.19375,0.5833333333333334,1.2874999999999999,67.33333333333333,44.208333333333336
2025-12-22,28.204166666666666,27.916666666666668,618.2916666666666,9.433333333333334,13.674999999999999,109.5,0.19999999999999998,0.4166666666666667,1.4333333333333333,91.25,62.541666666666664
2025-12-23,23.129166666666666,22.849999999999998,464.1666666666667,8.904166666666667,12.558333333333332,98.0,0.15583333333333335,0.5,1.4708333333333332,80.33333333333333,59.375
2025-12-24,20.962500000000002,20.650000000000002,471.75,9.166666666666666,11.512500000000001,98.83333333333333,0.15416666666666667,0.5,1.45625,72.75,50.0
2025-12-25,36.208333333333336,35.30416666666667,517.8333333333334,10.391666666666667,13.174999999999999,102.58333333333333,0.30125,1.5833333333333333,1.41875,82.58333333333333,55.333333333333336
2025-12-26,36.020833333333336,34.854166666666664,574.125,11.9125,10.375,96.125,0.31124999999999997,1.7916666666666667,1.41875,109.54166666666667,71.33333333333333
2025-12-27,39.13333333333333,38.12083333333333,510.0833333333333,11.258333333333333,12.741666666666667,107.70833333333333,0.3233333333333333,1.7916666666666667,1.4041666666666668,104.375,68.125
2025-12-28,42.979166666666664,42.125,529.0416666666666,10.808333333333332,13.304166666666667,111.625,0.3325,1.625,1.3812499999999999,113.04166666666667,71.625
2025-12-29,43.7125,43.125,581.4166666666666,16.2625,14.387500000000001,105.75,0.32916666666666666,1.0833333333333333,1.3916666666666666,119.91666666666667,74.0
2025-12-30,48.6875,47.887499999999996,732.9583333333334,17.075,15.016666666666666,107.54166666666667,0.3520833333333333,1.375,1.3875,133.45833333333334,77.95833333333333
2025-12-31,57.88333333333333,56.574999999999996,591.5,17.533333333333335,27.3625,120.375,0.36833333333333335,1.9166666666666667,1.2854166666666667,147.375,85.66666666666667
2026-01-01,43.4625,42.362500000000004,481.5416666666667,18.912499999999998,23.2625,110.95833333333333,0.27125,1.1666666666666667,1.4895833333333333,127.95833333333333,77.0
2026-01-02,54.0625,53.21666666666667,579.3333333333334,20.241666666666667,17.645833333333332,94.625,0.685,0.625,1.1354166666666667,125.875,76.70833333333333
2026-01-03,82.20833333333333,81.16250000000001,593.375,24.0625,15.8375,87.70833333333333,1.4316666666666666,0.9166666666666666,0.75625,153.75,90.91666666666667
2026-01-04,91.42083333333333,90.29166666666667,650.5416666666666,21.695833333333336,12.483333333333334,86.25,1.5770833333333334,1.1666666666666667,0.725,168.33333333333334,112.25
2026-01-05,68.52916666666667,67.60000000000001,564.1666666666666,11.3125,9.191666666666666,95.04166666666667,0.9445833333333334,1.0,1.1312499999999999,162.70833333333334,103.79166666666667
2026-01-06,55.90416666666667,54.5875,598.75,12.275,9.950000000000001,94.29166666666667,0.47875,2.25,1.4375,153.33333333333334,89.625
2026-01-07,32.6,31.041666666666668,472.4166666666667,11.958333333333334,8.762500000000001,87.70833333333333,0.26791666666666664,2.9583333333333335,1.5625,118.41666666666667,74.25
2026-01-08,23.78333333333333,22.75,407.375,11.004166666666668,8.395833333333334,93.20833333333333,0.2304166666666667,2.0,1.5916666666666668,82.25,60.375
2026-01-09,24.27916666666667,23.183333333333334,453.5416666666667,9.1875,8.958333333333334,102.45833333333333,0.22958333333333333,1.9583333333333333,1.5770833333333334,77.75,51.916666666666664
2026-01-10,29.495833333333334,28.6875,454.8333333333333,10.191666666666666,12.483333333333334,106.54166666666667,0.2604166666666667,1.375,1.5895833333333333,85.83333333333333,61.125
2026-01-11,28.366666666666664,27.420833333333334,392.9583333333333,9.145833333333334,9.825000000000001,100.54166666666667,0.22208333333333333,1.75,1.46875,85.375,62.291666666666664
2026-01-12,27.1375,26.691666666666666,493.7083333333333,15.033333333333333,10.158333333333333,85.45833333333333,0.28625,0.4583333333333333,1.5333333333333334,81.375,61.458333333333336
2026-01-13,30.22083333333333,29.916666666666668,441.2083333333333,15.362499999999999,11.075000000000001,94.79166666666667,0.33208333333333334,0.125,1.5666666666666667,87.70833333333333,63.291666666666664
2026-01-14,46.583333333333336,46.17083333333333,600.875,23.737499999999997,19.8625,98.25,0.39916666666666667,0.375,1.3,112.66666666666667,72.375
2026-01-15,45.40833333333333,44.85,657.125,25.087500000000002,17.55,84.79166666666667,0.3779166666666667,0.5833333333333334,1.4729166666666667,118.33333333333333,74.20833333333333
2026-01-16,52.9,51.729166666666664,633.9583333333334,26.104166666666668,17.3,87.41666666666667,0.5404166666666667,2.0416666666666665,1.3791666666666667,135.16666666666666,79.625
2026-01-17,43.19583333333333,42.34166666666667,581.2916666666666,19.8125,24.004166666666666,105.08333333333333,0.5466666666666667,1.375,1.3104166666666666,134.75,79.04166666666667
2026-01-18,34.6625,33.44583333333333,460.0,17.2375,23.566666666666666,89.875,0.3658333333333333,1.7083333333333333,1.4791666666666667,102.33333333333333,69.08333333333333
2026-01-19,45.020833333333336,42.49583333333333,492.7083333333333,16.583333333333332,18.741666666666667,99.95833333333333,0.34791666666666665,4.041666666666667,1.6395833333333334,108.125,70.54166666666667
2026-01-20,51.425000000000004,48.041666666666664,521.625,22.795833333333334,18.020833333333332,92.0,0.465,6.041666666666667,1.5979166666666667,120.625,74.75
2026-01-21,51.10833333333333,49.8125,579.7083333333334,19.345833333333335,14.8375,96.375,0.60125,2.25,1.5583333333333333,135.29166666666666,79.58333333333333
2026-01-22,58.51666666666667,57.53333333333333,594.4583333333334,22.408333333333335,13.362499999999999,91.08333333333333,0.7929166666666667,1.2916666666666667,1.3770833333333332,140.375,81.375
2026-01-23,72.59583333333333,71.31666666666666,540.5416666666666,29.329166666666666,19.333333333333332,94.79166666666667,0.7920833333333334,1.75,1.4729166666666667,157.375,95.79166666666667
2026-01-24,62.30833333333334,59.708333333333336,549.8333333333334,18.254166666666666,15.708333333333334,98.20833333333333,0.6783333333333333,3.5416666666666665,1.522916666666667,153.04166666666666,89.375
2026-01-25,67.73333333333333,64.91250000000001,582.625,25.84166666666667,14.708333333333334,88.45833333333333,0.5916666666666667,4.916666666666667,1.4958333333333333,154.125,90.83333333333333
2026-01-26,58.42083333333333,56.50833333333333,641.7083333333334,26.3625,12.933333333333332,80.875,0.5408333333333334,3.2916666666666665,0.9104166666666668,154.45833333333334,91.125
2026-01-27,59.85833333333334,58.42916666666667,546.0833333333334,22.900000000000002,18.691666666666666,99.41666666666667,0.6141666666666666,2.1666666666666665,1.2229166666666667,148.54166666666666,84.625
2026-01-28,48.32083333333333,46.68333333333334,558.375,16.795833333333334,16.229166666666668,90.29166666666667,0.3775,2.0833333333333335,1.5916666666666668,145.5,83.29166666666667
2026-01-29,72.55,70.08749999999999,572.7083333333334,22.304166666666664,14.291666666666666,86.16666666666667,1.2466666666666668,3.9583333333333335,1.1270833333333334,128.54166666666666,78.29166666666667
2026-01-30,76.7625,74.3875,569.8333333333334,21.391666666666666,12.533333333333333,83.625,1.3216666666666665,4.041666666666667,0.8624999999999999,163.5,104.95833333333333
2026-01-31,71.49583333333334,69.31666666666666,537.7916666666666,20.454166666666666,12.575000000000001,90.5,0.97625,3.75,1.3499999999999999,157.58333333333334,96.20833333333333
2026-02-01,58.425000000000004,57.104166666666664,565.5416666666666,14.408333333333333,10.091666666666667,94.04166666666667,0.7533333333333333,2.2083333333333335,1.4916666666666665,154.375,91.125
2026-02-02,60.90416666666667,59.449999999999996,614.6666666666666,12.208333333333334,9.129166666666666,98.29166666666667,0.7720833333333333,2.625,1.4041666666666666,144.75,82.875
2026-02-03,77.86666666666666,75.70416666666667,682.5,18.404166666666665,11.479166666666666,93.16666666666667,1.1329166666666668,3.625,1.3083333333333333,155.66666666666666,92.875
2026-02-04,71.84583333333333,70.27916666666667,523.9583333333334,13.795833333333334,9.795833333333333,97.16666666666667,1.0562500000000001,2.25,1.4145833333333335,162.5,103.45833333333333
2026-02-05,68.77499999999999,67.075,505.5,10.700000000000001,11.387500000000001,101.54166666666667,0.93,2.75,1.3291666666666666,156.25,93.95833333333333
2026-02-06,54.56666666666666,53.199999999999996,549.0,10.525,10.45,98.41666666666667,0.6454166666666666,2.1666666666666665,1.6208333333333333,152.875,88.91666666666667
2026-02-07,43.395833333333336,42.25833333333333,516.625,11.591666666666667,10.862499999999999,104.625,0.44625000000000004,1.8333333333333333,1.7166666666666668,126.25,76.625
2026-02-08,54.17083333333333,52.61666666666667,567.4583333333334,15.791666666666666,11.887500000000001,103.375,0.5391666666666667,2.625,1.7229166666666667,123.5,75.54166666666667
2026-02-09,65.56666666666666,63.75833333333333,650.5416666666666,22.02916666666667,16.820833333333333,110.66666666666667,0.6145833333333334,3.2916666666666665,1.7229166666666667,154.08333333333334,90.75
2026-02-10,71.12083333333334,69.65833333333333,650.125,16.583333333333332,23.545833333333334,138.25,0.7483333333333334,2.2083333333333335,1.6354166666666667,159.75,93.5
2026-02-11,60.85,59.11666666666667,523.9583333333334,16.816666666666666,17.416666666666668,113.91666666666667,0.4870833333333333,2.8333333333333335,1.8916666666666666,156.08333333333334,93.83333333333333
2026-02-12,37.083333333333336,36.075,487.375,15.833333333333334,11.270833333333334,108.70833333333333,0.35791666666666666,1.7083333333333333,1.8604166666666666,121.75,73.66666666666667
2026-02-13,49.54583333333333,48.229166666666664,545.875,21.433333333333334,13.820833333333333,107.20833333333333,0.42208333333333337,2.3333333333333335,1.76875,124.0,74.875
2026-02-14,55.98333333333333,54.59166666666667,584.5,21.308333333333334,15.033333333333333,110.58333333333333,0.4683333333333333,2.375,1.758333333333333,140.33333333333334,81.0
2026-02-15,77.05416666666666,75.59166666666667,559.2083333333334,25.758333333333336,23.0625,110.91666666666667,0.585,2.4583333333333335,1.7208333333333332,157.45833333333334,94.29166666666667
2026-02-16,74.00416666666666,72.625,534.5416666666666,22.5625,19.004166666666666,107.33333333333333,0.7495833333333334,2.4583333333333335,1.6145833333333333,159.41666666666666,98.66666666666667
2026-02-17,76.59583333333333,75.29166666666667,584.5416666666666,23.412499999999998,23.129166666666666,115.16666666666667,0.9874999999999999,2.125,1.2270833333333333,160.29166666666666,98.79166666666667
2026-02-18,63.458333333333336,62.28333333333333,520.0833333333334,16.854166666666668,22.854166666666668,124.83333333333333,0.9120833333333334,1.75,1.21875,157.75,94.91666666666667
