day,temp_max,temp_min,temp_mean,humidity_mean,rain_sum,wind_u_mean,wind_v_mean,wind_speed_max,is_raining,month_sin,month_cos,pm2_5_lag_1d,pm2_5_lag_2d,pm10_lag_1d,pm10_lag_2d,nitrogen_dioxide_lag_1d,nitrogen_dioxide_lag_2d,us_aqi_lag_1d,us_aqi_lag_2d,Target_AQI_Next_Day,Target_PM25_Next_Day
2023-01-02,29.8,13.1,21.875,51.41085825,0.0,-0.1439996393442708,-2.154000075175916,9.565437,0,0.49999999999999994,0.8660254037844387,58.13333333333333,59.05416666666667,84.07083333333334,84.9875,37.95,48.12083333333334,150.91666666666666,153.54166666666666,148.95833333333334,58.958333333333336
2023-01-03,30.0,14.0,22.030416666666667,59.526637325,0.0,1.3260000049107046,-0.7800001977893023,13.1041975,0,0.49999999999999994,0.8660254037844387,50.59166666666667,58.13333333333333,72.91666666666667,84.07083333333334,26.5625,37.95,136.45833333333334,150.91666666666666,151.75,62.375
2023-01-04,29.7,14.9,22.23333333333333,62.09998748333333,0.0,-1.2000002361293884,-0.8519997881201308,12.397806,0,0.49999999999999994,0.8660254037844387,58.958333333333336,50.59166666666667,84.79583333333333,72.91666666666667,24.916666666666668,26.5625,148.95833333333334,136.45833333333334,155.58333333333334,59.4125
2023-01-05,29.25,15.8,22.555,61.226899816666666,0.0,-6.7649997859722735,1.5029994234144668,14.386494,0,0.49999999999999994,0.8660254037844387,62.375,58.958333333333336,89.66250000000001,84.79583333333333,24.825,24.916666666666668,151.75,148.95833333333334,130.08333333333334,41.17083333333333
2023-01-06,28.55,16.1,22.344583333333333,64.12763840833333,0.0,-9.08700033898649,0.5069995043712642,18.171976,0,0.49999999999999994,0.8660254037844387,59.4125,62.375,86.17916666666667,89.66250000000001,16.733333333333334,24.825,155.58333333333334,151.75,143.375,86.4375
2023-01-07,28.2,15.2,21.56958333333333,66.018435925,0.0,-7.83899985551831,-1.929000232277215,16.199999,0,0.49999999999999994,0.8660254037844387,41.17083333333333,59.4125,60.75416666666666,86.17916666666667,10.870833333333332,16.733333333333334,130.08333333333334,155.58333333333334,162.58333333333334,59.5875
2023-01-08,27.85,13.9,20.543333333333333,53.169047291666665,0.0,-6.1829994919586,-1.8029997276871772,11.304229,0,0.49999999999999994,0.8660254037844387,86.4375,41.17083333333333,124.55,60.75416666666666,9.041666666666666,10.870833333333332,143.375,130.08333333333334,116.91666666666669,35.45
2023-01-09,27.6,11.8,19.549166666666668,41.10815036666667,0.0,-6.161999380173359,-0.926999420155988,10.739833,0,0.49999999999999994,0.8660254037844387,59.5875,86.4375,85.51666666666667,124.55,7.574999999999999,9.041666666666666,162.58333333333334,143.375,105.875,39.84166666666667
2023-01-10,28.4,11.2,20.115,38.703250375,0.0,-5.906999357600435,-0.077999737239293,11.246759,0,0.49999999999999994,0.8660254037844387,35.45,59.5875,50.79166666666666,85.51666666666667,7.2875,7.574999999999999,116.91666666666669,162.58333333333334,130.08333333333334,48.0
2023-01-11,29.9,10.6,20.52875,44.365632141666666,0.0,4.785000247505459,-1.3859988898888085,13.896187,0,0.49999999999999994,0.8660254037844387,39.84166666666667,35.45,57.07916666666666,50.79166666666666,7.854166666666667,7.2875,105.875,116.91666666666669,146.75,55.55833333333334
2023-01-12,29.45,11.9,19.7675,51.24747333333333,0.0,5.706000011293983,-1.2359997845420516,13.049689,0,0.49999999999999994,0.8660254037844387,48.0,39.84166666666667,68.88333333333334,57.07916666666666,9.908333333333331,7.854166666666667,130.08333333333334,105.875,133.95833333333334,43.36666666666667
2023-01-13,29.3,11.5,19.27125,65.43767535833334,0.0,6.236999891643468,-1.7099995125235403,13.527572,0,0.49999999999999994,0.8660254037844387,55.55833333333334,48.0,79.925,68.88333333333334,18.59583333333333,9.908333333333331,146.75,130.08333333333334,129.91666666666666,52.6375
2023-01-14,29.65,11.55,19.23166666666667,62.54047194166667,0.0,3.041999945745501,-0.7829992493031906,14.154915,0,0.49999999999999994,0.8660254037844387,43.36666666666667,55.55833333333334,64.62083333333334,79.925,32.291666666666664,18.59583333333333,133.95833333333334,146.75,147.16666666666666,55.9375
2023-01-15,30.35,11.7,20.4025,60.32594184166667,0.0,3.1649996416032864,0.642000182256479,12.879752,0,0.49999999999999994,0.8660254037844387,52.6375,43.36666666666667,77.45833333333333,64.62083333333334,41.15,32.291666666666664,129.91666666666666,133.95833333333334,151.375,54.625
2023-01-16,31.4,11.75,20.466666666666665,54.814163875,0.0,5.631000105975316,1.4399995334264435,16.055353,0,0.49999999999999994,0.8660254037844387,55.9375,52.6375,80.66250000000001,77.45833333333333,27.7125,41.15,147.16666666666666,129.91666666666666,155.625,63.55
2023-01-17,30.35,11.9,21.081666666666667,52.75483860833334,0.0,3.1439998404675875,0.0450002708326383,11.304229,0,0.49999999999999994,0.8660254037844387,54.625,55.9375,79.07916666666667,80.66250000000001,12.354166666666666,27.7125,151.375,147.16666666666666,154.95833333333334,66.97500000000001
2023-01-18,30.3,12.8,21.65833333333333,45.508766666666666,0.0,0.8639993893760344,-0.5489998076411805,11.525623,0,0.49999999999999994,0.8660254037844387,63.55,54.625,91.6375,79.07916666666667,12.05,12.354166666666666,155.625,151.375,161.33333333333334,80.1875
2023-01-19,31.15,13.5,22.23125,47.427377275000005,0.0,2.1029998583726384,2.2080003290982253,16.299694,0,0.49999999999999994,0.8660254037844387,66.97500000000001,63.55,96.35,91.6375,26.08333333333333,12.05,154.95833333333334,155.625,164.5,78.58333333333333
2023-01-20,30.7,13.7,21.933333333333334,47.414401258333335,0.0,3.4680000243892035,1.6800009895808827,14.982228,0,0.49999999999999994,0.8660254037844387,80.1875,66.97500000000001,115.20416666666668,96.35,52.44166666666666,26.08333333333333,161.33333333333334,154.95833333333334,157.125,62.708333333333336
2023-01-21,29.5,13.7,21.41,48.551288725,0.0,3.731999627107265,-0.5040007497572531,13.570615,0,0.49999999999999994,0.8660254037844387,78.58333333333333,80.1875,113.125,115.20416666666668,28.854166666666668,52.44166666666666,164.5,161.33333333333334,152.41666666666666,58.575
2023-01-22,30.05,13.45,21.1175,50.39249173333334,0.0,4.214999906569168,0.7799996773690603,15.937878,0,0.49999999999999994,0.8660254037844387,62.708333333333336,78.58333333333333,90.57083333333333,113.125,11.1125,28.854166666666668,157.125,164.5,150.83333333333334,57.03333333333333
2023-01-23,29.95,12.45,20.7775,55.49159171666667,0.0,4.709999771546157,1.1670012474354563,14.20062,0,0.49999999999999994,0.8660254037844387,58.575,62.708333333333336,85.21666666666667,90.57083333333333,11.479166666666666,11.1125,152.41666666666666,157.125,153.29166666666666,65.9625
2023-01-24,30.75,13.15,20.74,61.84847731666667,0.0,5.675999533448402,0.7530004146731735,18.1041,0,0.49999999999999994,0.8660254037844387,57.03333333333333,58.575,82.65833333333333,85.21666666666667,16.291666666666668,11.479166666666666,150.83333333333334,152.41666666666666,157.70833333333334,72.94166666666666
2023-01-25,30.1,14.5,21.88583333333333,55.674343633333336,1.5,2.4239999434148767,-0.2039981868352494,15.192682,1,0.49999999999999994,0.8660254037844387,65.9625,57.03333333333333,95.77916666666664,82.65833333333333,28.4,16.291666666666668,153.29166666666666,150.83333333333334,156.58333333333334,64.54166666666667
2023-01-26,29.75,16.25,22.672083333333333,61.51769356666667,2.0,-1.172999352852879,0.4770002166921241,14.658676,1,0.49999999999999994,0.8660254037844387,72.94166666666666,65.9625,105.88333333333333,95.77916666666664,28.03333333333333,28.4,157.70833333333334,153.29166666666666,149.41666666666666,45.10416666666666
2023-01-27,31.15,15.5,23.04875,48.31438919166667,0.0,-7.941000079450531,1.5779993769178051,15.273505,0,0.49999999999999994,0.8660254037844387,64.54166666666667,72.94166666666666,94.07083333333333,105.88333333333333,33.670833333333334,28.03333333333333,156.58333333333334,157.70833333333334,95.375,32.329166666666666
2023-01-28,30.95,14.05,22.3325,48.276836975,0.0,-2.6400003100369727,3.407999298016718,17.377226,0,0.49999999999999994,0.8660254037844387,45.10416666666666,64.54166666666667,66.51666666666667,94.07083333333333,20.475,33.670833333333334,149.41666666666666,156.58333333333334,117.45833333333331,48.62916666666666
2023-01-29,31.7,13.8,22.308333333333334,68.40110517500001,0.0,4.641000701960863,2.5979983023069084,19.586117,0,0.49999999999999994,0.8660254037844387,32.329166666666666,45.10416666666666,47.16666666666666,66.51666666666667,8.237499999999999,20.475,95.375,149.41666666666666,128.375,48.1375
2023-01-30,30.7,16.45,22.62375,60.41019588333334,0.0,-1.229999684914568,-1.1759993067261314,10.948973,0,0.49999999999999994,0.8660254037844387,48.62916666666666,32.329166666666666,71.8,47.16666666666666,10.625,8.237499999999999,117.45833333333331,95.375,140.25,50.35416666666666
2023-01-31,29.95,16.5,22.844583333333333,56.46295365,0.0,-8.138999960820325,-2.045998867482732,16.263872,0,0.49999999999999994,0.8660254037844387,48.1375,48.62916666666666,71.43333333333334,71.8,7.179166666666667,10.625,128.375,117.45833333333331,132.58333333333334,54.44583333333333
2023-02-01,29.8,16.65,22.47083333333333,60.22966836666667,0.5,-8.106000076090535,-1.5749989860670237,16.700275,1,0.8660254037844386,0.5000000000000001,50.35416666666666,48.1375,74.29583333333333,71.43333333333334,7.466666666666666,7.179166666666667,140.25,128.375,146.16666666666666,50.00833333333333
2023-02-02,30.65,15.15,22.58875,50.003033775,0.0,-8.423999902030014,0.4260005768035498,16.919998,0,0.8660254037844386,0.5000000000000001,54.44583333333333,50.35416666666666,79.55833333333334,74.29583333333333,6.616666666666666,7.466666666666666,132.58333333333334,140.25,119.58333333333331,38.0625
2023-02-03,30.2,14.4,22.272916666666667,41.850272141666665,0.0,-3.594000039605612,-1.2239999019304324,12.979984,0,0.8660254037844386,0.5000000000000001,50.00833333333333,54.44583333333333,72.62083333333334,79.55833333333334,10.15,6.616666666666666,146.16666666666666,132.58333333333334,113.375,42.18333333333333
2023-02-04,31.1,13.4,22.449583333333333,38.971858775,0.0,-2.9339999882464576,-0.9330000754400112,9.931042,0,0.8660254037844386,0.5000000000000001,38.0625,50.00833333333333,54.97916666666666,72.62083333333334,9.9125,10.15,119.58333333333331,146.16666666666666,130.41666666666666,48.30833333333334
2023-02-05,31.9,13.75,22.94375,40.970302100000005,0.0,2.1209995558097283,-1.001999350120092,12.57426,0,0.8660254037844386,0.5000000000000001,42.18333333333333,38.0625,60.6375,54.97916666666666,11.933333333333332,9.9125,113.375,119.58333333333331,152.5,64.11666666666666
2023-02-06,32.75,13.45,23.05208333333333,41.8733417,0.0,6.611999759579552,-0.9569992648528288,16.1198,0,0.8660254037844386,0.5000000000000001,48.30833333333334,42.18333333333333,69.37083333333334,60.6375,15.191666666666668,11.933333333333332,130.41666666666666,113.375,154.75,58.708333333333336
2023-02-07,32.25,13.65,23.264166666666664,38.1128998,0.0,2.1749999450033526,-1.4579988473450254,13.246826,0,0.8660254037844386,0.5000000000000001,64.11666666666666,48.30833333333334,92.09166666666664,69.37083333333334,11.645833333333334,15.191666666666668,152.5,130.41666666666666,144.91666666666666,48.51666666666667
2023-02-08,32.85,14.85,23.734166666666667,41.05196133333333,0.0,-4.035000172551152,-1.2479995309976686,11.019764,0,0.8660254037844386,0.5000000000000001,58.708333333333336,64.11666666666666,84.34583333333333,92.09166666666664,10.5375,11.645833333333334,154.75,152.5,108.79166666666669,34.87083333333333
2023-02-09,33.7,13.85,24.69125,34.07807460833333,0.0,-0.0749997576964011,-1.1099993972864752,11.923557,0,0.8660254037844386,0.5000000000000001,48.51666666666667,58.708333333333336,70.59583333333333,84.34583333333333,10.929166666666667,10.5375,144.91666666666666,154.75,123.58333333333331,49.49166666666667
2023-02-10,33.9,14.9,24.84958333333333,31.420919933333334,0.0,1.7249999369045002,-0.9059998994790404,10.086427,0,0.8660254037844386,0.5000000000000001,34.87083333333333,48.51666666666667,50.4375,70.59583333333333,8.887500000000001,10.929166666666667,108.79166666666669,144.91666666666666,134.25,46.00833333333333
2023-02-11,34.6,14.35,24.895,28.56578222083333,0.0,1.427998676183216,-2.4660005851838616,17.339897,0,0.8660254037844386,0.5000000000000001,49.49166666666667,34.87083333333333,71.17083333333333,50.4375,19.479166666666668,8.887500000000001,123.58333333333331,108.79166666666669,106.25,31.10833333333333
2023-02-12,33.5,15.15,24.4275,32.19886762083333,0.0,-7.241998999142693,-2.307000358921807,15.696165,0,0.8660254037844386,0.5000000000000001,46.00833333333333,49.49166666666667,66.40416666666667,71.17083333333333,34.74166666666667,19.479166666666668,134.25,123.58333333333331,74.70833333333333,18.841666666666665
2023-02-13,33.0,14.05,23.382916666666667,30.680471841666662,0.0,-8.348999426227218,-0.7199994627336374,15.629971,0,0.8660254037844386,0.5000000000000001,31.10833333333333,46.00833333333333,45.30416666666667,66.40416666666667,15.8875,34.74166666666667,106.25,134.25,76.625,25.21666666666667
2023-02-14,32.45,14.25,23.477916666666665,25.05164704166667,0.0,-5.537999478528855,-0.965998750180598,11.367109,0,0.8660254037844386,0.5000000000000001,18.841666666666665,31.10833333333333,27.4,45.30416666666667,5.120833333333334,15.8875,74.70833333333333,106.25,82.58333333333333,24.620833333333334
2023-02-15,33.45,15.1,23.92625,23.571321604166663,0.0,-6.737999566327776,-0.690001100732516,13.684735,0,0.8660254037844386,0.5000000000000001,25.21666666666667,18.841666666666665,36.175,27.4,6.933333333333334,5.120833333333334,76.625,74.70833333333333,73.54166666666667,19.89583333333333
2023-02-16,34.9,15.1,25.0625,25.836038645833334,0.0,-9.101998990932456,-2.1120035250498286,19.319628,0,0.8660254037844386,0.5000000000000001,24.620833333333334,25.21666666666667,35.4375,36.175,10.020833333333334,6.933333333333334,82.58333333333333,76.625,73.5,24.04583333333333
2023-02-17,34.7,16.15,25.42708333333333,23.93022404583333,0.0,-7.1730002923084415,-1.9859992455305029,16.645864,0,0.8660254037844386,0.5000000000000001,19.89583333333333,24.620833333333334,29.22083333333333,35.4375,6.5375000000000005,10.020833333333334,73.54166666666667,82.58333333333333,72.83333333333333,21.9
2023-02-18,34.05,13.95,24.502916666666668,24.50145523333333,0.0,-5.901000381823903,-1.2089985195186848,14.658676,0,0.8660254037844386,0.5000000000000001,24.04583333333333,19.89583333333333,35.24583333333333,29.22083333333333,5.345833333333334,6.5375000000000005,73.5,73.54166666666667,83.16666666666667,27.59166666666667
2023-02-19,34.0,14.0,24.723333333333336,26.80905190833333,0.0,-4.655999579058674,0.0540011617220926,16.09969,0,0.8660254037844386,0.5000000000000001,21.9,24.04583333333333,31.870833333333334,35.24583333333333,9.225,5.345833333333334,72.83333333333333,73.5,99.70833333333331,38.9
2023-02-20,34.3,16.4,25.03625,34.48933809583333,0.0,0.7739994059551225,-0.2429985455317595,15.844089,0,0.8660254037844386,0.5000000000000001,27.59166666666667,21.9,39.9625,31.870833333333334,8.208333333333334,9.225,83.16666666666667,72.83333333333333,150.375,66.77083333333333
2023-02-21,35.45,15.6,25.976666666666667,30.39645779583333,0.0,3.390000340269025,-1.2569989922377476,15.03835,0,0.8660254037844386,0.5000000000000001,38.9,27.59166666666667,55.9125,39.9625,7.341666666666666,8.208333333333334,99.70833333333331,83.16666666666667,138.08333333333334,44.0125
2023-02-22,35.05,17.2,26.17875,30.82916839583333,0.0,0.6209996622042891,-1.097999799080688,10.931203,0,0.8660254037844386,0.5000000000000001,66.77083333333333,38.9,95.72916666666669,55.9125,9.7125,7.341666666666666,150.375,99.70833333333331,122.5,42.8
2023-02-23,35.0,15.95,26.164166666666667,26.3233233875,0.0,-1.9049994083942023,-1.224000283098376,14.8257065,0,0.8660254037844386,0.5000000000000001,44.0125,66.77083333333333,63.12916666666666,95.72916666666669,10.920833333333334,9.7125,138.08333333333334,150.375,125.125,46.1625
2023-02-24,34.95,16.55,25.885,24.22752858333333,0.0,-0.833998944478216,-0.5430003244592422,12.496719,0,0.8660254037844386,0.5000000000000001,42.8,44.0125,61.4125,63.12916666666666,22.27083333333333,10.920833333333334,122.5,138.08333333333334,132.25,48.06666666666666
2023-02-25,34.75,16.8,26.217916666666667,23.502206166666667,0.0,-1.3049995278357736,-1.352999895179256,11.923557,0,0.8660254037844386,0.5000000000000001,46.1625,42.8,66.075,61.4125,41.36666666666667,22.27083333333333,125.125,122.5,120.91666666666669,41.625
2023-02-26,34.85,17.45,26.449166666666667,22.437737575000003,0.0,-2.2799989341478013,-0.9180008487570264,13.779114,0,0.8660254037844386,0.5000000000000001,48.06666666666666,46.1625,68.90833333333333,66.075,47.2625,41.36666666666667,132.25,125.125,119.45833333333331,46.12916666666666
2023-02-27,34.75,16.3,25.88583333333333,25.2981914125,0.0,3.1379987626574803,-0.4230002437593937,21.129883,0,0.8660254037844386,0.5000000000000001,41.625,48.06666666666666,59.65416666666667,68.90833333333333,48.28333333333333,47.2625,120.91666666666669,132.25,145.125,55.78333333333333
2023-02-28,34.3,15.55,25.55333333333333,25.7679098,0.0,3.267000298240314,-0.1440004945589799,16.363178,0,0.8660254037844386,0.5000000000000001,46.12916666666666,41.625,66.21249999999999,59.65416666666667,46.07916666666667,48.28333333333333,119.45833333333331,120.91666666666669,150.70833333333334,56.12916666666666
2023-03-01,34.3,16.55,25.847916666666663,26.815300850000003,0.0,-1.4820006494822182,-1.2750001199462069,18.35647,0,1.0,6.123233995736766e-17,55.78333333333333,46.12916666666666,80.17083333333333,66.21249999999999,32.983333333333334,46.07916666666667,145.125,119.45833333333331,139.16666666666666,48.1
2023-03-02,34.45,17.8,26.282916666666665,29.872408258333333,0.0,-2.7030004834208805,-0.0960000339212266,16.676977,0,1.0,6.123233995736766e-17,56.12916666666666,55.78333333333333,80.6125,80.17083333333333,35.44166666666667,32.983333333333334,150.70833333333334,145.125,132.33333333333334,52.42083333333333
2023-03-03,35.2,17.45,26.876666666666665,28.943922862500003,0.0,-3.366000627969888,0.812998556670452,18.584509,0,1.0,6.123233995736766e-17,48.1,56.12916666666666,69.1125,80.6125,33.24583333333333,35.44166666666667,139.16666666666666,150.70833333333334,152.75,66.20833333333333
2023-03-04,35.5,19.4,27.7025,29.010265579166667,0.0,-0.0900007353031207,0.9450004669662418,13.627795,0,1.0,6.123233995736766e-17,52.42083333333333,48.1,75.325,69.1125,16.25,33.24583333333333,132.33333333333334,139.16666666666666,158.33333333333334,74.05833333333334
2023-03-05,35.75,18.9,27.49416666666667,31.68995765,1.5,-1.2089998175217007,-1.9110003605665424,13.755579,1,1.0,6.123233995736766e-17,66.20833333333333,52.42083333333333,95.00416666666666,75.325,15.695833333333333,16.25,152.75,132.33333333333334,149.25,50.88333333333333
2023-03-06,34.3,16.65,24.69458333333333,46.9330113,9.0,-5.100000934312304,-3.1229993689656776,20.082708,1,1.0,6.123233995736766e-17,74.05833333333334,66.20833333333333,106.45,95.00416666666666,15.454166666666666,15.695833333333333,158.33333333333334,152.75,137.45833333333334,50.35416666666666
2023-03-07,29.55,16.25,22.81208333333333,50.256658925,2.8,-5.364000641397491,1.1519994487551757,16.485485,1,1.0,6.123233995736766e-17,50.88333333333333,74.05833333333334,73.14999999999999,106.45,5.1375,15.454166666666666,149.25,158.33333333333334,136.91666666666666,46.85
2023-03-08,33.1,15.9,25.3325,37.7614596,0.0,-4.2299998260673775,-3.105000119237474,14.77755,0,1.0,6.123233995736766e-17,50.35416666666666,50.88333333333333,72.7625,73.14999999999999,3.945833333333333,5.1375,137.45833333333334,149.25,112.625,39.575
2023-03-09,32.9,18.15,25.74833333333333,32.841041525,0.0,-4.892999274686645,-3.1140003294458425,15.226764,0,1.0,6.123233995736766e-17,46.85,50.35416666666666,67.6875,72.7625,6.770833333333333,3.945833333333333,136.91666666666666,137.45833333333334,121.83333333333331,49.10833333333333
2023-03-10,33.65,18.1,25.986666666666668,32.84421986666667,0.0,-5.067000177300381,-1.8780002047855315,13.905509,0,1.0,6.123233995736766e-17,39.575,46.85,57.25833333333333,67.6875,13.416666666666666,6.770833333333333,112.625,136.91666666666666,127.91666666666669,43.56666666666666
2023-03-11,35.35,18.3,26.61625,31.66414935,0.0,-3.929999994202247,-0.7199996651488478,16.946787,0,1.0,6.123233995736766e-17,49.10833333333333,39.575,70.85416666666667,57.25833333333333,28.52083333333333,13.416666666666666,121.83333333333331,112.625,145.79166666666666,62.41666666666666
2023-03-12,34.7,19.5,27.56625,33.205103216666664,0.0,-6.707999782718411,0.8819988954874862,16.923828,0,1.0,6.123233995736766e-17,43.56666666666666,49.10833333333333,62.82916666666667,70.85416666666667,28.766666666666666,28.52083333333333,127.91666666666669,121.83333333333331,148.75,52.9625
2023-03-13,34.5,19.3,26.84375,38.18585443333333,0.0,-0.6540003612680966,1.6469997375409706,14.973576,0,1.0,6.123233995736766e-17,62.41666666666666,43.56666666666666,89.95416666666667,62.82916666666667,45.175,28.766666666666666,145.79166666666666,127.91666666666669,151.16666666666666,62.22083333333333
2023-03-14,34.9,20.05,27.21125,35.112567891666664,0.0,-0.9209997623966344,-4.329000775935787,18.331741,0,1.0,6.123233995736766e-17,52.9625,62.41666666666666,76.3625,89.95416666666667,16.254166666666666,45.175,148.75,145.79166666666666,153.20833333333334,59.41666666666666
2023-03-15,33.1,18.05,26.074583333333333,46.940103875,7.4,0.4980004090559248,-0.849001202523954,18.161278,1,1.0,6.123233995736766e-17,62.22083333333333,52.9625,89.77083333333333,76.3625,10.345833333333331,16.254166666666666,151.16666666666666,148.75,147.625,58.020833333333336
2023-03-16,31.8,17.95,23.047916666666666,65.31178300833334,32.1,-3.2729998268562794,-0.905999381838308,18.057508,1,1.0,6.123233995736766e-17,59.41666666666666,62.22083333333333,85.97916666666667,89.77083333333333,8.895833333333334,10.345833333333331,153.20833333333334,151.16666666666666,153.58333333333334,58.07083333333333
2023-03-17,31.65,17.3,23.93625,62.43393975,0.2,3.395999782495762,-1.146000988360144,21.288757,1,1.0,6.123233995736766e-17,58.020833333333336,59.41666666666666,84.42916666666666,85.97916666666667,6.929166666666667,8.895833333333334,147.625,153.20833333333334,152.54166666666666,59.45
2023-03-18,31.95,16.25,23.8675,60.14531338333334,0.0,4.764000431442192,-0.168000523741326,18.59845,0,1.0,6.123233995736766e-17,58.07083333333333,58.020833333333336,84.82083333333334,84.42916666666666,11.741666666666667,6.929166666666667,153.58333333333334,147.625,142.5,41.2375
2023-03-19,31.25,16.2,22.85833333333333,59.20672557499999,0.0,10.385999623683183,0.7799993438546337,21.611998,0,1.0,6.123233995736766e-17,59.45,58.07083333333333,86.8,84.82083333333334,26.166666666666668,11.741666666666667,152.54166666666666,153.58333333333334,85.83333333333333,20.104166666666668
2023-03-20,30.6,15.5,22.67833333333333,55.748936025,0.0,10.4009995416674,-0.7409985050044218,18.998314,0,1.0,6.123233995736766e-17,41.2375,59.45,62.44166666666666,86.8,28.4,26.166666666666668,142.5,152.54166666666666,66.08333333333333,18.775
2023-03-21,30.35,16.15,22.70958333333333,61.57818649166666,1.6,9.854999460112913,-0.5669997209352874,18.36353,1,1.0,6.123233995736766e-17,20.104166666666668,41.2375,33.3125,62.44166666666666,15.804166666666667,28.4,85.83333333333333,142.5,69.70833333333333,23.1875
2023-03-22,30.95,15.95,23.01333333333333,61.41403158333333,0.0,10.148999889454537,-2.967001313658017,19.130875,0,1.0,6.123233995736766e-17,18.775,20.104166666666668,32.12083333333333,33.3125,15.570833333333333,15.804166666666667,66.08333333333333,85.83333333333333,79.0,25.975
2023-03-23,32.1,16.35,23.595416666666665,59.53789815,0.0,9.743999200706916,-1.992000812669404,18.214718,0,1.0,6.123233995736766e-17,23.1875,18.775,37.5375,32.12083333333333,20.066666666666663,15.570833333333333,69.70833333333333,66.08333333333333,80.875,24.766666666666666
2023-03-24,33.7,15.8,24.084166666666665,56.088694841666666,0.0,9.065998954484916,-2.6490017015510694,22.427162,0,1.0,6.123233995736766e-17,25.975,23.1875,41.11666666666667,37.5375,17.829166666666666,20.066666666666663,79.0,69.70833333333333,81.25,25.0
2023-03-25,33.8,14.75,23.62375,48.03998186666667,0.0,8.534999399836549,-0.896999879939368,18.556595,0,1.0,6.123233995736766e-17,24.766666666666666,25.975,39.68333333333333,41.11666666666667,17.658333333333335,17.829166666666666,80.875,79.0,102.375,31.6375
2023-03-26,33.65,14.55,23.405416666666667,52.5142564375,0.0,9.09900016405,-1.4009996433188427,17.673029,0,1.0,6.123233995736766e-17,25.0,24.766666666666666,42.93333333333334,39.68333333333333,18.491666666666667,17.658333333333335,81.25,80.875,109.45833333333331,34.25
2023-03-27,34.0,14.6,23.946666666666665,56.36966859166667,0.0,7.367999892535281,-1.0859988548620392,17.057314,0,1.0,6.123233995736766e-17,31.6375,25.0,50.72916666666666,42.93333333333334,14.6625,18.491666666666667,102.375,81.25,116.75,38.204166666666666
2023-03-28,34.45,15.6,24.72083333333333,51.84118624166667,0.0,7.053000266141654,-0.5520000704740959,16.299694,0,1.0,6.123233995736766e-17,34.25,31.6375,54.3375,50.72916666666666,10.1125,14.6625,109.45833333333331,102.375,121.83333333333331,39.87083333333333
2023-03-29,35.0,15.45,24.9325,55.5005684375,0.0,9.359999337660158,0.9329999246002784,19.416653,0,1.0,6.123233995736766e-17,38.204166666666666,34.25,59.75833333333333,54.3375,9.3875,10.1125,116.75,109.45833333333331,97.95833333333331,26.98333333333333
2023-03-30,32.6,15.4,24.182916666666664,60.92386299166667,0.0,11.880000554436528,-1.18799156301901,18.584509,0,1.0,6.123233995736766e-17,39.87083333333333,38.204166666666666,61.35,59.75833333333333,8.083333333333334,9.3875,121.83333333333331,116.75,70.875,20.78333333333333
2023-03-31,31.1,16.7,23.839166666666664,64.63329456666666,0.1,10.691999556179733,-2.414997435367448,18.947083,1,1.0,6.123233995736766e-17,26.98333333333333,39.87083333333333,42.94583333333333,61.35,7.633333333333333,8.083333333333334,97.95833333333331,121.83333333333331,92.66666666666669,27.129166666666663
2023-04-01,33.75,16.15,24.339583333333334,54.85275469333333,0.0,8.891999968755687,-0.5310000954852118,19.164719,0,0.8660254037844387,-0.4999999999999998,20.78333333333333,26.98333333333333,36.204166666666666,42.94583333333333,10.258333333333333,7.633333333333333,70.875,97.95833333333331,110.75,28.89583333333333
2023-04-02,34.25,16.0,24.34416666666667,60.985884775,0.0,8.505000335124599,-0.764997993370722,19.839235,0,0.8660254037844387,-0.4999999999999998,27.129166666666663,20.78333333333333,42.24166666666667,36.204166666666666,15.654166666666669,10.258333333333333,92.66666666666669,70.875,118.66666666666669,29.616666666666664
2023-04-03,35.0,16.4,25.20958333333333,61.82920538333334,0.0,6.4169998833764605,-0.3869988485686202,18.204042,0,0.8660254037844387,-0.4999999999999998,28.89583333333333,27.129166666666663,43.5625,42.24166666666667,13.0875,15.654166666666669,110.75,92.66666666666669,118.79166666666669,32.354166666666664
2023-04-04,36.45,18.65,27.0375,53.00838142916667,0.0,5.903999702616554,-0.3929982557900403,21.96,0,0.8660254037844387,-0.4999999999999998,29.616666666666664,28.89583333333333,44.79583333333333,43.5625,7.904166666666666,13.0875,118.66666666666669,110.75,115.75,37.55
2023-04-05,37.35,19.25,27.84416666666667,43.435311070833336,0.0,6.302999569743398,-1.4159991503408813,22.104116,0,0.8660254037844387,-0.4999999999999998,32.354166666666664,29.616666666666664,48.37916666666666,44.79583333333333,8.245833333333334,7.904166666666666,118.79166666666669,118.66666666666669,102.70833333333331,33.325
2023-04-06,36.65,20.6,28.55583333333333,37.49265275833333,0.0,2.6370001224387534,-1.9679999255336988,16.485485,0,0.8660254037844387,-0.4999999999999998,37.55,32.354166666666664,59.15,48.37916666666666,12.429166666666667,8.245833333333334,115.75,118.79166666666669,92.79166666666669,38.43333333333333
2023-04-07,35.6,20.15,27.1125,49.18807605,10.6,-5.345999797747855,-0.8520003516989706,23.557316,1,0.8660254037844387,-0.4999999999999998,33.325,37.55,53.88333333333333,59.15,17.412499999999998,12.429166666666667,102.70833333333331,115.75,109.95833333333331,39.5125
2023-04-08,32.85,19.65,25.69875,60.13844533333334,13.3,-6.8369994152218005,3.7379998735855,22.915916,1,0.8660254037844387,-0.4999999999999998,38.43333333333333,33.325,58.47083333333333,53.88333333333333,15.758333333333333,17.412499999999998,92.79166666666669,102.70833333333331,114.58333333333331,40.7875
2023-04-09,35.25,21.7,26.68375,55.94430705,19.7,-2.0579996726226555,1.8090008000871,20.073025,1,0.8660254037844387,-0.4999999999999998,39.5125,38.43333333333333,58.2625,58.47083333333333,10.029166666666669,15.758333333333333,109.95833333333331,92.79166666666669,110.5,36.49583333333333
2023-04-10,35.5,21.8,28.5825,45.09394310833333,0.0,-1.5840002409637306,0.7410004735477742,15.5843,0,0.8660254037844387,-0.4999999999999998,40.7875,39.5125,59.54583333333333,58.2625,10.4375,10.029166666666669,114.58333333333331,109.95833333333331,109.91666666666669,38.9375
2023-04-11,37.25,21.4,28.946250000000003,44.938375225,0.0,0.8969992426733134,-0.2129999755390077,21.129883,0,0.8660254037844387,-0.4999999999999998,36.49583333333333,40.7875,53.0125,59.54583333333333,8.779166666666667,10.4375,110.5,114.58333333333331,109.95833333333331,37.16666666666666
2023-04-12,38.15,21.45,30.16916666666667,33.3878566,0.0,-0.7890012274715924,-0.9809989861686657,14.20062,0,0.8660254037844387,-0.4999999999999998,38.9375,36.49583333333333,56.520833333333336,53.0125,11.1,8.779166666666667,109.91666666666669,110.5,104.125,37.29166666666666
2023-04-13,38.9,22.35,30.449583333333333,33.12281920833333,0.8,-0.558000828232039,-1.5150004056209008,18.03237,1,0.8660254037844387,-0.4999999999999998,37.16666666666666,38.9375,53.75,56.520833333333336,11.666666666666666,11.1,109.95833333333331,109.91666666666669,122.20833333333331,57.145833333333336
2023-04-14,37.15,22.2,29.4575,38.19299335833333,0.0,-0.4799997895080085,2.918999615214965,19.164717,0,0.8660254037844387,-0.4999999999999998,37.29166666666666,37.16666666666666,53.94166666666666,53.75,10.55,11.666666666666666,104.125,109.95833333333331,155.0,60.7625
2023-04-15,36.65,20.95,27.5125,48.83314275833333,0.6,0.9629997808499248,0.8520005280330563,30.551254,1,0.8660254037844387,-0.4999999999999998,57.145833333333336,37.29166666666666,82.42916666666666,53.94166666666666,24.441666666666663,10.55,122.20833333333331,104.125,158.5,59.458333333333336
2023-04-16,37.1,20.95,28.3225,43.86503019166666,0.5,3.5879995204167177,-0.1140002901541652,27.475807,1,0.8660254037844387,-0.4999999999999998,60.7625,57.145833333333336,87.56666666666666,82.42916666666666,37.55833333333333,24.441666666666663,155.0,122.20833333333331,146.25,51.85416666666666
2023-04-17,36.7,21.95,28.76083333333333,41.26826158333333,2.6,0.9690001859802752,-0.5190000408183911,19.0392,1,0.8660254037844387,-0.4999999999999998,59.458333333333336,60.7625,85.94166666666666,87.56666666666666,43.625,37.55833333333333,158.5,155.0,128.58333333333334,41.175
2023-04-18,37.55,22.25,30.20208333333333,32.74595551666667,0.0,-2.13299896021043,-2.496000221125937,25.11758,0,0.8660254037844387,-0.4999999999999998,51.85416666666666,59.458333333333336,75.07916666666667,85.94166666666666,36.3625,43.625,146.25,158.5,115.20833333333331,37.88333333333333
2023-04-19,38.75,20.9,30.160833333333336,32.477674225,1.2,1.4880000576357586,0.3450000215867543,23.166218,1,0.8660254037844387,-0.4999999999999998,41.175,51.85416666666666,59.65416666666667,75.07916666666667,34.44583333333333,36.3625,128.58333333333334,146.25,140.5,53.46666666666667
2023-04-20,37.75,20.7,28.602500000000003,37.266881475,0.0,8.39399951170183,1.6200012865912354,23.623243,0,0.8660254037844387,-0.4999999999999998,37.88333333333333,41.175,54.72083333333333,59.65416666666667,25.741666666666664,34.44583333333333,115.20833333333331,128.58333333333334,124.875,31.9375
2023-04-21,36.95,18.6,27.216666666666665,39.5685548,0.0,10.298999229340575,-0.8729992793883383,21.602999,0,0.8660254037844387,-0.4999999999999998,53.46666666666667,37.88333333333333,77.84166666666667,54.72083333333333,25.0,25.741666666666664,140.5,115.20833333333331,87.625,25.425
2023-04-22,35.35,17.2,25.865,50.6123087,0.0,11.379000698422413,-1.5269942542353294,22.314192,0,0.8660254037844387,-0.4999999999999998,31.9375,53.46666666666667,47.725,77.84166666666667,19.995833333333334,25.0,124.875,140.5,86.75,25.8125
2023-04-23,36.45,18.85,26.85375,49.81560031666666,0.0,8.792999474595183,-2.852999939591442,22.59699,0,0.8660254037844387,-0.4999999999999998,25.425,31.9375,41.225,47.725,14.295833333333334,19.995833333333334,87.625,124.875,95.125,28.4875
2023-04-24,37.7,20.5,28.515,42.085852725,0.0,3.641999858361045,-0.120000231521556,22.35481,0,0.8660254037844387,-0.4999999999999998,25.8125,25.425,41.15,41.225,13.308333333333332,14.295833333333334,86.75,87.625,100.83333333333331,25.9625
2023-04-25,38.15,19.65,27.824166666666667,58.48976230416667,0.0,7.901999263654341,0.8940015756472175,27.729347,0,0.8660254037844387,-0.4999999999999998,28.4875,25.8125,44.30833333333334,41.15,15.691666666666668,13.308333333333332,95.125,86.75,72.75,19.504166666666663
2023-04-26,34.65,20.2,27.04958333333333,59.64281308333333,0.0,9.380999026985211,2.649001133682268,21.862406,0,0.8660254037844387,-0.4999999999999998,25.9625,28.4875,39.125,44.30833333333334,12.4625,15.691666666666668,100.83333333333331,95.125,68.70833333333333,25.495833333333334
2023-04-27,34.8,21.0,27.465,58.49546690833333,0.3,4.895999343767506,0.9930009644294736,18.25026,1,0.8660254037844387,-0.4999999999999998,19.504166666666663,25.9625,30.425,39.125,7.954166666666667,12.4625,72.75,100.83333333333331,100.75,36.03333333333333
2023-04-28,34.65,20.35,26.787916666666668,61.49898010833333,3.6,5.397000534678694,1.8360005612727976,22.963936,1,0.8660254037844387,-0.4999999999999998,25.495833333333334,19.504166666666663,39.7875,30.425,8.995833333333334,7.954166666666667,68.70833333333333,72.75,84.66666666666667,23.675
2023-04-29,34.3,19.55,26.68166666666667,56.37362411666666,0.7000000000000001,9.48299965787791,0.6569993107063663,19.959719,1,0.8660254037844387,-0.4999999999999998,36.03333333333333,25.495833333333334,54.69583333333333,39.7875,12.083333333333334,8.995833333333334,100.75,68.70833333333333,77.33333333333333,24.229166666666668
2023-04-30,34.8,18.65,26.00708333333333,58.7035371,0.0,10.523999558089484,-0.909003315922602,24.606731,0,0.8660254037844387,-0.4999999999999998,23.675,36.03333333333333,35.800000000000004,54.69583333333333,12.716666666666669,12.083333333333334,84.66666666666667,100.75,73.70833333333333,18.566666666666663
2023-05-01,33.75,19.4,26.00125,52.94819164166667,0.0,10.251000016877214,-0.2550011120285725,22.42427,0,0.49999999999999994,-0.8660254037844387,24.229166666666668,23.675,36.829166666666666,35.800000000000004,12.633333333333333,12.716666666666669,77.33333333333333,84.66666666666667,62.708333333333336,16.845833333333335
2023-05-02,32.8,19.4,25.699583333333333,62.576691575000005,2.2,7.967999755361096,-0.027000781600055,16.575644,1,0.49999999999999994,-0.8660254037844387,18.566666666666663,24.229166666666668,30.53333333333333,36.829166666666666,11.341666666666669,12.633333333333333,73.70833333333333,77.33333333333333,66.20833333333333,19.870833333333334
2023-05-03,32.8,18.9,25.501666666666665,63.20906866666667,1.5,8.559000068772805,-0.8249984194205321,18.161278,1,0.49999999999999994,-0.8660254037844387,16.845833333333335,18.566666666666663,28.675,30.53333333333333,12.354166666666666,11.341666666666669,62.708333333333336,73.70833333333333,82.5,26.40416666666667
2023-05-04,34.75,19.8,26.285833333333336,59.24099774166667,0.1,6.881999529080697,-0.6059994885161675,16.58346,1,0.49999999999999994,-0.8660254037844387,19.870833333333334,16.845833333333335,32.5125,28.675,10.454166666666667,12.354166666666666,66.20833333333333,62.708333333333336,97.79166666666669,35.833333333333336
2023-05-05,35.15,20.15,27.12708333333333,60.58381359166666,0.1,7.043999869755556,-0.2669986586717582,22.870626,1,0.49999999999999994,-0.8660254037844387,26.40416666666667,19.870833333333334,40.53333333333333,32.5125,11.929166666666667,10.454166666666667,82.5,66.20833333333333,109.41666666666669,40.11666666666667
2023-05-06,34.95,21.15,27.521666666666665,60.83280078333333,1.6,7.491000038599682,-2.243999577602888,21.096123,1,0.49999999999999994,-0.8660254037844387,35.833333333333336,26.40416666666667,54.64166666666667,40.53333333333333,9.841666666666669,11.929166666666667,97.79166666666669,82.5,121.20833333333331,45.270833333333336
2023-05-07,34.4,22.15,26.42,70.50080293333333,18.5,8.19300025967222,-3.0479985652067683,18.709612,1,0.49999999999999994,-0.8660254037844387,40.11666666666667,35.833333333333336,60.34583333333333,54.64166666666667,12.108333333333334,9.841666666666669,109.41666666666669,97.79166666666669,129.95833333333334,49.59583333333333
2023-05-08,37.15,22.55,26.835833333333333,71.754577975,33.7,6.356999838564436,-0.122998617239014,23.363974,1,0.49999999999999994,-0.8660254037844387,45.270833333333336,40.11666666666667,67.375,60.34583333333333,17.666666666666668,12.108333333333334,121.20833333333331,109.41666666666669,142.54166666666666,54.7875
2023-05-09,37.55,23.3,28.100416666666668,68.10926039166667,12.1,4.169999715505886,0.527999995569433,27.231804,1,0.49999999999999994,-0.8660254037844387,49.59583333333333,45.270833333333336,73.60833333333333,67.375,13.675,17.666666666666668,129.95833333333334,121.20833333333331,143.70833333333334,44.10416666666666
2023-05-10,39.9,22.75,30.491666666666667,51.24135351666666,0.0,3.986998750480002,-2.381999171459591,20.929596,0,0.49999999999999994,-0.8660254037844387,54.7875,49.59583333333333,80.43333333333334,73.60833333333333,16.925,13.675,142.54166666666666,129.95833333333334,121.91666666666669,38.47083333333333
2023-05-11,41.0,22.7,31.1375,45.6965139625,0.0,4.133999845296792,-1.6440010961927576,22.427162,0,0.49999999999999994,-0.8660254037844387,44.10416666666666,54.7875,65.075,80.43333333333334,19.39583333333333,16.925,143.70833333333334,142.54166666666666,108.45833333333331,27.308333333333334
2023-05-12,40.7,22.9,30.39625,48.9903342125,0.0,11.970001026970284,-2.45399593587952,25.318008,0,0.49999999999999994,-0.8660254037844387,38.47083333333333,44.10416666666666,56.67916666666667,65.075,17.0,19.39583333333333,121.91666666666669,143.70833333333334,81.20833333333333,19.879166666666663
2023-05-13,37.45,22.25,29.063333333333333,54.73437924166667,0.0,15.04499963571942,-0.5549976303521496,22.963936,0,0.49999999999999994,-0.8660254037844387,27.308333333333334,38.47083333333333,40.97083333333333,56.67916666666667,12.791666666666666,17.0,108.45833333333331,121.91666666666669,60.54166666666666,13.9125
2023-05-14,37.1,21.45,28.430416666666662,54.19707244166667,0.0,15.899999587618934,-1.2239973230535273,23.441502,0,0.49999999999999994,-0.8660254037844387,19.879166666666663,27.308333333333334,29.766666666666666,40.97083333333333,10.508333333333333,12.791666666666666,81.20833333333333,108.45833333333331,64.41666666666667,20.6875
2023-05-15,36.65,20.55,27.863333333333333,65.86772898333334,0.0,14.27399846973299,-2.1960004886159465,21.129883,0,0.49999999999999994,-0.8660254037844387,13.9125,19.879166666666663,21.154166666666665,29.766666666666666,10.3875,10.508333333333333,60.54166666666666,81.20833333333333,76.58333333333333,21.758333333333336
2023-05-16,36.3,20.65,27.755,61.73809944166667,0.0,13.47899894442145,-3.846003865190788,20.991426,0,0.49999999999999994,-0.8660254037844387,20.6875,13.9125,33.112500000000004,21.154166666666665,9.083333333333334,10.3875,64.41666666666667,60.54166666666666,78.58333333333333,21.2625
2023-05-17,37.95,21.7,29.07375,56.70547498333334,0.0,10.59900034797378,-2.246998432170664,23.34455,0,0.49999999999999994,-0.8660254037844387,21.758333333333336,20.6875,35.90833333333333,33.112500000000004,9.0625,9.083333333333334,76.58333333333333,64.41666666666667,88.75,23.320833333333336
2023-05-18,39.65,21.15,29.379166666666663,56.43829756666666,0.0,10.856998505392076,-3.0780026766300086,23.532547,0,0.49999999999999994,-0.8660254037844387,21.2625,21.758333333333336,36.94583333333333,35.90833333333333,10.4375,9.0625,78.58333333333333,76.58333333333333,93.25,23.4625
2023-05-19,39.7,21.65,29.82541666666667,54.130472391666665,0.0,11.069999569591172,-2.771999072092522,23.993399,0,0.49999999999999994,-0.8660254037844387,23.320833333333336,21.2625,39.895833333333336,36.94583333333333,10.979166666666666,10.4375,88.75,78.58333333333333,92.83333333333331,23.9
2023-05-20,38.0,20.7,28.8675,57.2527603,0.0,11.717999660749973,-2.4660001554233717,19.353138,0,0.49999999999999994,-0.8660254037844387,23.4625,23.320833333333336,38.07083333333333,39.895833333333336,14.883333333333333,10.979166666666666,93.25,88.75,99.41666666666669,30.52083333333333
2023-05-21,37.3,21.25,28.26125,61.07535093333333,0.0,10.652998501130714,-2.28900285374372,20.523157,0,0.49999999999999994,-0.8660254037844387,23.9,23.4625,40.17083333333333,38.07083333333333,14.820833333333333,14.883333333333333,92.83333333333331,93.25,99.16666666666669,25.991666666666664
2023-05-22,38.45,22.05,29.2225,54.32513184166667,0.0,9.246000678617436,-2.5769981139218903,23.166218,0,0.49999999999999994,-0.8660254037844387,30.52083333333333,23.9,49.6375,40.17083333333333,14.533333333333331,14.820833333333333,99.41666666666669,92.83333333333331,100.58333333333331,30.016666666666666
2023-05-23,40.35,22.4,30.0725,48.14592645416667,0.0,10.26900066016352,-2.9309976264605058,26.66188,0,0.49999999999999994,-0.8660254037844387,25.991666666666664,30.52083333333333,41.3875,49.6375,14.533333333333331,14.533333333333331,99.16666666666669,99.41666666666669,92.08333333333331,22.5
2023-05-24,37.8,22.3,28.68625,60.964980875,0.0,14.298000587556002,-2.028000084272052,21.129883,0,0.49999999999999994,-0.8660254037844387,30.016666666666666,25.991666666666664,46.11666666666667,41.3875,14.9625,14.533333333333331,100.58333333333331,99.16666666666669,61.875,11.504166666666668
2023-05-25,35.35,22.3,27.84958333333333,62.64752825,0.0,16.464001046978247,-0.6149889789123666,23.157824,0,0.49999999999999994,-0.8660254037844387,22.5,30.016666666666666,38.07083333333333,46.11666666666667,12.8625,14.9625,92.08333333333331,100.58333333333331,44.625,12.470833333333331
2023-05-26,34.5,20.85,26.951666666666664,68.746276475,4.5,16.6980008043676,0.2250024062011258,23.535301,1,0.49999999999999994,-0.8660254037844387,11.504166666666668,22.5,20.5125,38.07083333333333,5.716666666666666,12.8625,61.875,92.08333333333331,57.458333333333336,16.375
2023-05-27,35.45,21.15,27.396666666666665,63.38060604166667,0.0,14.855999776685094,-2.1869938676342007,21.313093,0,0.49999999999999994,-0.8660254037844387,12.470833333333331,11.504166666666668,19.866666666666667,20.5125,5.6875,5.716666666666666,44.625,61.875,66.125,17.483333333333334
2023-05-28,37.0,21.45,28.20375,61.66973848333334,0.0,13.04699970404408,-3.9750008660755474,20.316889,0,0.49999999999999994,-0.8660254037844387,16.375,12.470833333333331,27.133333333333336,19.866666666666667,6.770833333333333,5.6875,57.458333333333336,44.625,75.33333333333333,22.0625
2023-05-29,39.35,21.55,29.291666666666668,62.30280894166666,0.1,8.186999816552376,-2.813998427983757,24.766848,1,0.49999999999999994,-0.8660254037844387,17.483333333333334,16.375,32.00833333333333,27.133333333333336,8.020833333333334,6.770833333333333,66.125,57.458333333333336,84.66666666666667,24.370833333333334
2023-05-30,39.05,22.6,30.009166666666665,56.90698142916666,0.0,7.8030007184275645,-2.555998231295773,24.967497,0,0.49999999999999994,-0.8660254037844387,22.0625,17.483333333333334,39.204166666666666,32.00833333333333,12.154166666666669,8.020833333333334,75.33333333333333,66.125,94.20833333333331,30.541666666666668
2023-05-31,40.25,22.9,30.659166666666668,51.201425075,0.0,7.380000005759118,-3.587998381559815,21.933426,0,0.49999999999999994,-0.8660254037844387,24.370833333333334,22.0625,41.645833333333336,39.204166666666666,12.395833333333334,12.154166666666669,84.66666666666667,75.33333333333333,97.33333333333331,27.525
2023-06-01,39.85,22.0,30.049166666666668,54.54320379583333,0.0,11.996999723627342,-2.748000373792741,24.50381,0,1.2246467991473532e-16,-1.0,30.541666666666668,24.370833333333334,51.24166666666667,41.645833333333336,12.041666666666666,12.395833333333334,94.20833333333331,84.66666666666667,85.58333333333333,21.0625
2023-06-02,36.25,22.2,28.435416666666665,62.19163375,0.1,13.985999420398157,-3.5310019490849576,19.652176,1,1.2246467991473532e-16,-1.0,27.525,30.541666666666668,47.00416666666666,51.24166666666667,14.483333333333334,12.041666666666666,97.33333333333331,94.20833333333331,70.79166666666667,17.745833333333334
2023-06-03,36.45,22.7,28.660833333333336,64.51093894166667,3.6,13.70699868691796,-3.0060018083603057,21.889065,1,1.2246467991473532e-16,-1.0,21.0625,27.525,34.608333333333334,47.00416666666666,10.516666666666667,14.483333333333334,85.58333333333333,97.33333333333331,61.833333333333336,17.708333333333332
2023-06-04,34.2,22.0,27.245833333333334,70.522140425,9.3,11.415000204660036,-1.526998634172268,22.862123,1,1.2246467991473532e-16,-1.0,17.745833333333334,21.0625,30.5625,34.608333333333334,9.108333333333333,10.516666666666667,70.79166666666667,85.58333333333333,70.04166666666667,20.075
2023-06-05,35.1,21.75,27.66916666666667,68.40404330833333,1.9,13.187998444755577,-1.6440043187612916,19.930477,1,1.2246467991473532e-16,-1.0,17.708333333333332,17.745833333333334,30.52083333333333,30.5625,10.570833333333336,9.108333333333333,61.833333333333336,70.79166666666667,64.83333333333333,18.229166666666668
2023-06-06,36.4,22.55,28.64333333333333,63.204037666666665,0.0,12.699000831732407,-2.5319990705868864,18.388212,0,1.2246467991473532e-16,-1.0,20.075,17.708333333333332,36.4625,30.52083333333333,7.845833333333334,10.570833333333336,70.04166666666667,61.833333333333336,63.79166666666666,15.366666666666667
2023-06-07,36.75,22.45,28.88208333333333,60.42460100833333,0.0,13.790999381631613,0.2700028712898163,20.037485,0,1.2246467991473532e-16,-1.0,18.229166666666668,20.075,36.0875,36.4625,7.766666666666667,7.845833333333334,64.83333333333333,70.04166666666667,51.29166666666666,10.666666666666666
2023-06-08,36.9,23.05,28.62208333333333,65.68222931666666,1.4,12.21600014428826,1.811998087099296,20.966715,1,1.2246467991473532e-16,-1.0,15.366666666666667,18.229166666666668,32.045833333333334,36.0875,6.866666666666667,7.766666666666667,63.79166666666666,64.83333333333333,41.125,8.612499999999999
2023-06-09,37.6,23.3,28.666666666666668,63.94223265,2.3000000000000003,10.75799928039184,5.74200042568759,21.9718,1,1.2246467991473532e-16,-1.0,10.666666666666666,15.366666666666667,18.23333333333333,32.045833333333334,6.679166666666667,6.866666666666667,51.29166666666666,63.79166666666666,33.5,7.395833333333333
2023-06-10,35.85,22.9,28.219583333333333,64.69129633333334,15.8,7.466998736488673,8.8500010634209,24.485292,1,1.2246467991473532e-16,-1.0,8.612499999999999,10.666666666666666,12.979166666666666,18.23333333333333,7.9375,6.679166666666667,41.125,51.29166666666666,34.291666666666664,9.5125
2023-06-11,35.4,22.4,27.579583333333336,64.32842724166667,11.9,4.994999590913328,9.39600087908775,25.862436,1,1.2246467991473532e-16,-1.0,7.395833333333333,8.612499999999999,11.670833333333334,12.979166666666666,6.533333333333334,7.9375,33.5,41.125,40.66666666666666,10.116666666666667
2023-06-12,34.75,22.95,27.98166666666667,62.86672155833333,0.8999999999999999,8.6159981691685,12.90300074232982,28.551426,1,1.2246467991473532e-16,-1.0,9.5125,7.395833333333333,16.825,11.670833333333334,6.483333333333333,6.533333333333334,34.291666666666664,33.5,41.875,9.9
2023-06-13,32.55,22.85,27.05208333333333,69.64366519166667,6.0,13.2329970956984,12.54300218878952,28.312117,1,1.2246467991473532e-16,-1.0,10.116666666666667,9.5125,19.175,16.825,4.5,6.483333333333333,40.66666666666666,34.291666666666664,39.79166666666666,8.654166666666667
2023-06-14,33.5,22.65,26.44833333333333,73.98543324166667,11.0,15.60899882449034,11.30100031957337,30.121912,1,1.2246467991473532e-16,-1.0,9.9,10.116666666666667,18.60833333333333,19.175,4.333333333333333,4.5,41.875,40.66666666666666,37.41666666666666,9.295833333333333
2023-06-15,33.95,22.45,26.874166666666667,69.82726388333334,1.6,14.534999786344692,11.42999894073798,26.282463,1,1.2246467991473532e-16,-1.0,8.654166666666667,9.9,16.104166666666668,18.60833333333333,4.65,4.333333333333333,39.79166666666666,41.875,40.375,9.883333333333336
2023-06-16,32.75,23.0,26.767916666666668,72.36199415,3.4000000000000004,18.342000576428845,11.177997798797492,31.559086,1,1.2246467991473532e-16,-1.0,9.295833333333333,8.654166666666667,18.7875,16.104166666666668,4.520833333333333,4.65,37.41666666666666,39.79166666666666,37.04166666666666,9.733333333333333
2023-06-17,32.95,22.7,26.81208333333333,72.86066986666667,1.7000000000000002,18.830998820433624,7.185004090173,26.82906,1,1.2246467991473532e-16,-1.0,9.883333333333336,9.295833333333333,20.325,18.7875,4.908333333333333,4.520833333333333,40.375,37.41666666666666,46.54166666666666,11.8125
2023-06-18,33.1,22.5,26.486666666666668,74.05384757499999,4.7,18.65700048372436,1.463993115776782,26.282465,1,1.2246467991473532e-16,-1.0,9.733333333333333,9.883333333333336,19.54583333333333,20.325,5.183333333333334,4.908333333333333,37.04166666666666,40.375,54.333333333333336,15.408333333333331
2023-06-19,34.35,22.35,27.261666666666667,68.10738816666667,0.0,16.40100030570914,0.4830020445999421,23.795427,0,1.2246467991473532e-16,-1.0,11.8125,9.733333333333333,23.7125,19.54583333333333,6.375,5.183333333333334,46.54166666666666,37.04166666666666,57.79166666666666,15.379166666666668
2023-06-20,34.2,22.0,27.19,68.95180225833333,1.1,15.114000784399082,0.776995661823038,23.411074,1,1.2246467991473532e-16,-1.0,15.408333333333331,11.8125,34.483333333333334,23.7125,6.558333333333334,6.375,54.333333333333336,46.54166666666666,54.833333333333336,13.879166666666668
2023-06-21,34.15,22.45,27.282083333333333,69.10146965833333,6.2,15.153000602937272,0.7200002560566628,23.444265,1,1.2246467991473532e-16,-1.0,15.379166666666668,15.408333333333331,31.625,34.483333333333334,8.445833333333333,6.558333333333334,57.79166666666666,54.333333333333336,53.0,12.325
2023-06-22,34.25,22.75,27.482916666666664,67.51479980833334,4.1,14.39100048631044,1.3320003913196805,22.461807,1,1.2246467991473532e-16,-1.0,13.879166666666668,15.379166666666668,29.566666666666663,31.625,8.045833333333333,8.445833333333333,54.833333333333336,57.79166666666666,45.04166666666666,8.75
2023-06-23,32.95,22.65,26.964583333333334,71.31849860833333,8.3,13.997999137093927,4.20599912274746,21.349546,1,1.2246467991473532e-16,-1.0,12.325,13.879166666666668,24.929166666666664,29.566666666666663,7.345833333333334,8.045833333333333,53.0,54.833333333333336,28.791666666666668,6.029166666666666
2023-06-24,32.15,21.55,25.433333333333334,79.48289473333332,33.9,12.935999556767264,2.960998733291787,22.782625,1,1.2246467991473532e-16,-1.0,8.75,12.325,15.191666666666668,24.929166666666664,7.595833333333332,7.345833333333334,45.04166666666666,53.0,24.791666666666668,6.1625000000000005
2023-06-25,29.45,21.6,24.79375,79.94444886666666,9.5,15.584998813652597,5.202000330544219,24.569832,1,1.2246467991473532e-16,-1.0,6.029166666666666,8.75,9.208333333333334,15.191666666666668,8.616666666666667,7.595833333333332,28.791666666666668,45.04166666666666,27.83333333333333,7.383333333333333
2023-06-26,26.4,21.8,23.844583333333333,84.60795375,23.3,15.590998741225382,5.262001610709443,26.052162,1,1.2246467991473532e-16,-1.0,6.1625000000000005,6.029166666666666,10.029166666666669,9.208333333333334,8.683333333333334,8.616666666666667,24.791666666666668,28.791666666666668,28.125,4.841666666666667
2023-06-27,28.45,21.9,24.47,82.51822260833333,11.5,14.88299746601455,5.430004834071755,23.006226,1,1.2246467991473532e-16,-1.0,7.383333333333333,6.1625000000000005,11.754166666666668,10.029166666666669,11.2625,8.683333333333334,27.83333333333333,24.791666666666668,22.166666666666668,3.095833333333333
2023-06-28,28.9,22.3,24.509166666666665,84.71202575000001,78.0,16.943998052290816,6.036002155307472,26.903828,1,1.2246467991473532e-16,-1.0,4.841666666666667,7.383333333333333,7.475,11.754166666666668,8.108333333333333,11.2625,28.125,27.83333333333333,20.791666666666668,2.2875
2023-06-29,25.75,21.7,23.40041666666667,89.69019471666667,84.9,15.587999021263132,6.402002101482648,23.933908,1,1.2246467991473532e-16,-1.0,3.095833333333333,4.841666666666667,5.075,7.475,5.195833333333334,8.108333333333333,22.166666666666668,28.125,21.25,2.129166666666667
2023-06-30,26.65,21.5,23.65958333333333,88.60799278333334,94.1,19.202998357367964,6.426002790195315,30.312773,1,1.2246467991473532e-16,-1.0,2.2875,3.095833333333333,3.3083333333333336,5.075,5.641666666666667,5.195833333333334,20.791666666666668,22.166666666666668,21.58333333333333,3.775
2023-07-01,26.95,21.85,23.98333333333333,84.84310741666667,10.5,15.275998060372642,6.630003935767096,27.504095,1,-0.4999999999999997,-0.8660254037844388,2.129166666666667,2.2875,3.15,3.3083333333333336,4.5125,5.641666666666667,21.25,20.791666666666668,20.0,3.6458333333333335
2023-07-02,28.4,21.95,24.48,85.17585591666666,27.4,14.066997959093095,5.958004235161469,24.717085,1,-0.4999999999999997,-0.8660254037844388,3.775,2.129166666666667,6.233333333333333,3.15,4.820833333333334,4.5125,21.58333333333333,21.25,20.041666666666668,4.216666666666667
2023-07-03,30.55,22.35,25.260416666666668,83.894775275,24.9,11.16899905659471,4.5030014262176925,19.161337,1,-0.4999999999999997,-0.8660254037844388,3.6458333333333335,3.775,5.966666666666666,6.233333333333333,4.8375,4.820833333333334,20.0,21.58333333333333,21.041666666666668,4.916666666666667
2023-07-04,29.25,22.25,24.917916666666667,84.356383825,31.0,13.392000204835677,2.672997433694857,20.418695,1,-0.4999999999999997,-0.8660254037844388,4.216666666666667,3.6458333333333335,6.645833333333333,5.966666666666666,6.241666666666667,4.8375,20.041666666666668,20.0,24.916666666666668,6.025
2023-07-05,30.0,22.05,24.67375,85.389333725,47.7,10.790999223873728,3.2850008544364138,19.164717,1,-0.4999999999999997,-0.8660254037844388,4.916666666666667,4.216666666666667,8.029166666666667,6.645833333333333,6.629166666666666,6.241666666666667,21.041666666666668,20.041666666666668,22.58333333333333,2.6041666666666665
2023-07-06,27.4,21.9,24.012083333333333,85.91049952499999,40.6,14.738999315153466,9.19799870205967,29.337238,1,-0.4999999999999997,-0.8660254037844388,6.025,4.916666666666667,10.904166666666669,8.029166666666667,6.841666666666666,6.629166666666666,24.916666666666668,21.041666666666668,22.291666666666668,1.8541666666666667
2023-07-07,27.85,22.3,23.97958333333333,88.46514799166667,201.0,18.50399946357951,8.78400209751515,27.609911,1,-0.4999999999999997,-0.8660254037844388,2.6041666666666665,6.025,3.725,10.904166666666669,5.8875,6.841666666666666,22.58333333333333,24.916666666666668,23.166666666666668,4.095833333333333
2023-07-08,28.2,22.0,24.28833333333333,83.55971634999999,20.5,17.939998027388807,8.880004531492018,32.110706,1,-0.4999999999999997,-0.8660254037844388,1.8541666666666667,2.6041666666666665,2.7375000000000003,3.725,4.708333333333333,5.8875,22.291666666666668,22.58333333333333,21.0,5.245833333333334
2023-07-09,28.55,22.0,24.28,84.03889135,20.9,17.85599744542063,7.257008201569272,28.745949,1,-0.4999999999999997,-0.8660254037844388,4.095833333333333,1.8541666666666667,7.225,2.7375000000000003,4.170833333333333,4.708333333333333,23.166666666666668,22.291666666666668,25.041666666666668,6.704166666666667
2023-07-10,28.15,22.1,24.18375,83.60581525833332,6.7,16.82999830759917,5.481002751592621,26.072052,1,-0.4999999999999997,-0.8660254037844388,5.245833333333334,4.095833333333333,11.141666666666666,7.225,4.4375,4.170833333333333,21.0,23.166666666666668,29.125,6.870833333333334
2023-07-11,28.85,21.85,24.537916666666668,81.21863455833333,5.2,16.302000374204006,1.940989205448607,23.177402,1,-0.4999999999999997,-0.8660254037844388,6.704166666666667,5.245833333333334,14.0625,11.141666666666666,5.066666666666666,4.4375,25.041666666666668,21.0,29.666666666666668,6.804166666666667
2023-07-12,26.3,21.5,23.777083333333334,87.43357685833332,49.7,12.66900016673148,2.153998007766815,18.775301,1,-0.4999999999999997,-0.8660254037844388,6.870833333333334,6.704166666666667,14.358333333333334,14.0625,5.65,5.066666666666666,29.125,25.041666666666668,25.875,5.004166666666666
2023-07-13,29.0,21.95,24.515833333333333,82.6514023,14.8,13.79099792437711,4.689004439326341,21.829777,1,-0.4999999999999997,-0.8660254037844388,6.804166666666667,6.870833333333334,13.8625,14.358333333333334,6.175,5.65,29.666666666666668,29.125,19.416666666666668,3.145833333333333
2023-07-14,27.75,21.95,24.007916666666667,86.05703431666666,93.7,16.346998841809373,3.359996150406248,24.933735,1,-0.4999999999999997,-0.8660254037844388,5.004166666666666,6.804166666666667,9.154166666666669,13.8625,6.729166666666667,6.175,25.875,29.666666666666668,17.041666666666668,5.1125
2023-07-15,27.8,21.85,24.22208333333333,83.92311385833334,7.5,16.443000292559596,2.5889917350669758,25.959969,1,-0.4999999999999997,-0.8660254037844388,3.145833333333333,5.004166666666666,5.116666666666666,9.154166666666669,5.679166666666667,6.729166666666667,19.416666666666668,25.875,20.08333333333333,4.108333333333333
2023-07-16,28.55,21.5,24.00208333333333,84.76233621666667,28.6,15.743999629115404,4.034996170221652,25.455843,1,-0.4999999999999997,-0.8660254037844388,5.1125,3.145833333333333,9.958333333333334,5.116666666666666,5.479166666666667,5.679166666666667,17.041666666666668,19.416666666666668,17.875,2.5458333333333334
2023-07-17,26.85,21.65,23.841666666666665,85.23680266666666,15.6,17.735997839994738,5.220003190985807,27.595823,1,-0.4999999999999997,-0.8660254037844388,4.108333333333333,5.1125,6.95,9.958333333333334,6.041666666666667,5.479166666666667,20.08333333333333,17.041666666666668,18.291666666666668,2.0500000000000003
2023-07-18,26.1,22.0,23.3375,89.56534075833333,111.1,20.441998971627942,4.130994129672496,32.846916,1,-0.4999999999999997,-0.8660254037844388,2.5458333333333334,4.108333333333333,4.029166666666667,6.95,6.133333333333333,6.041666666666667,17.875,20.08333333333333,19.666666666666668,2.470833333333333
2023-07-19,25.25,22.15,23.2525,91.0561592,115.9,19.59599953213601,3.341989435722061,29.539747,1,-0.4999999999999997,-0.8660254037844388,2.0500000000000003,2.5458333333333334,2.9958333333333336,4.029166666666667,5.3875,6.133333333333333,18.291666666666668,17.875,20.45833333333333,2.7458333333333336
2023-07-20,27.4,22.05,23.984583333333333,85.79339364166667,14.5,22.07099968242376,3.8099880478933392,32.409996,1,-0.4999999999999997,-0.8660254037844388,2.470833333333333,2.0500000000000003,3.404166666666667,2.9958333333333336,5.804166666666667,5.3875,19.666666666666668,18.291666666666668,18.25,2.5458333333333334
2023-07-21,26.95,22.2,23.867083333333333,88.81840138333334,85.3,18.61500087518611,2.8769851892561817,25.323128,1,-0.4999999999999997,-0.8660254037844388,2.7458333333333336,2.470833333333333,4.016666666666667,3.404166666666667,5.2875,5.804166666666667,20.45833333333333,19.666666666666668,20.791666666666668,2.1708333333333334
2023-07-22,27.15,22.05,23.660833333333336,88.32645730833333,30.7,19.76099779706441,4.322997408394515,29.175552,1,-0.4999999999999997,-0.8660254037844388,2.5458333333333334,2.7458333333333336,4.029166666666667,4.016666666666667,5.854166666666667,5.2875,18.25,20.45833333333333,16.0,1.7125
2023-07-23,26.35,22.05,23.54416666666667,89.37678463333333,50.2,18.58199684301085,6.090006598579139,28.73242,1,-0.4999999999999997,-0.8660254037844388,2.1708333333333334,2.5458333333333334,3.329166666666667,4.029166666666667,5.4,5.854166666666667,20.791666666666668,18.25,18.08333333333333,2.5083333333333333
2023-07-24,26.75,22.1,23.760416666666668,87.33476754166666,50.7,18.404997788211077,4.707002033702138,29.157776,1,-0.4999999999999997,-0.8660254037844388,1.7125,2.1708333333333334,2.470833333333333,3.329166666666667,5.3375,5.4,16.0,20.791666666666668,18.70833333333333,1.9708333333333328
2023-07-25,25.55,21.65,23.332916666666662,89.125681725,63.0,16.91699966089258,2.8319928388654905,24.18707,1,-0.4999999999999997,-0.8660254037844388,2.5083333333333333,1.7125,3.8708333333333336,2.470833333333333,4.65,5.3375,18.08333333333333,16.0,19.45833333333333,2.7416666666666667
2023-07-26,26.4,22.0,23.46208333333333,89.1664627,146.9,18.732001169973238,1.7969850261630895,26.642431,1,-0.4999999999999997,-0.8660254037844388,1.9708333333333328,2.5083333333333333,2.9166666666666665,3.8708333333333336,5.0875,4.65,18.70833333333333,18.08333333333333,17.833333333333332,2.395833333333333
2023-07-27,25.15,21.5,22.93166666666667,90.92826464166666,69.8,20.532001255439614,1.6079839162331084,26.368616,1,-0.4999999999999997,-0.8660254037844388,2.7416666666666667,1.9708333333333328,3.983333333333333,2.9166666666666665,5.154166666666667,5.0875,19.45833333333333,18.70833333333333,16.958333333333332,1.8166666666666669
2023-07-28,26.6,21.2,23.15666666666667,89.25735078333334,28.4,19.719001212227926,1.3199930295817195,29.179993,1,-0.4999999999999997,-0.8660254037844388,2.395833333333333,2.7416666666666667,3.5375,3.983333333333333,5.304166666666666,5.154166666666667,17.833333333333332,19.45833333333333,16.833333333333332,5.333333333333333
2023-07-29,25.9,21.8,23.13833333333333,87.7890995,11.6,18.924001025168288,2.627983659966516,27.722336,1,-0.4999999999999997,-0.8660254037844388,1.8166666666666669,2.395833333333333,2.6375,3.5375,5.116666666666666,5.304166666666666,16.958333333333332,17.833333333333332,20.75,3.7916666666666665
2023-07-30,27.5,22.0,23.90125,85.00513604166666,16.2,19.74000064132504,3.1049839079235637,28.835976,1,-0.4999999999999997,-0.8660254037844388,5.333333333333333,1.8166666666666669,9.116666666666667,2.6375,5.279166666666667,5.116666666666666,16.833333333333332,16.958333333333332,17.583333333333332,2.775
2023-07-31,27.4,22.25,24.10375,85.14981620833333,14.3,19.77600035779649,3.365987117930127,29.16889,1,-0.4999999999999997,-0.8660254037844388,3.7916666666666665,5.333333333333333,6.75,9.116666666666667,4.466666666666667,5.279166666666667,20.75,16.833333333333332,18.58333333333333,3.3166666666666664
2023-08-01,27.15,21.6,24.000833333333333,84.66806679999999,13.1,22.419001124408567,3.656982797027761,30.978832,1,-0.8660254037844385,-0.5000000000000004,2.775,3.7916666666666665,4.708333333333333,6.75,4.491666666666666,4.466666666666667,17.583333333333332,20.75,19.875,3.945833333333333
2023-08-02,27.15,21.8,23.705416666666668,85.07296901666668,8.5,22.95300017551356,4.559988291925477,31.92654,1,-0.8660254037844385,-0.5000000000000004,3.3166666666666664,2.775,6.191666666666666,4.708333333333333,4.416666666666667,4.491666666666666,18.58333333333333,17.583333333333332,19.166666666666668,4.129166666666666
2023-08-03,26.85,21.65,23.696250000000003,85.17585313333333,12.1,23.085000114370533,4.68298798013517,34.213257,1,-0.8660254037844385,-0.5000000000000004,3.945833333333333,3.3166666666666664,7.524999999999999,6.191666666666666,4.341666666666667,4.416666666666667,19.875,18.58333333333333,18.541666666666668,3.9125
2023-08-04,27.4,21.85,23.9725,85.48218650833334,7.4,19.73699730096565,4.758001207844387,31.667723,1,-0.8660254037844385,-0.5000000000000004,4.129166666666666,3.945833333333333,7.954166666666667,7.524999999999999,4.791666666666667,4.341666666666667,19.166666666666668,19.875,19.875,5.329166666666667
2023-08-05,27.7,22.05,24.07875,85.59043673333333,14.9,19.553999097899062,3.8789928787281167,29.01743,1,-0.8660254037844385,-0.5000000000000004,3.9125,4.129166666666666,7.212499999999999,7.954166666666667,4.408333333333333,4.791666666666667,18.541666666666668,19.166666666666668,25.25,6.591666666666666
2023-08-06,27.65,21.9,23.96875,84.13226884166667,6.5,22.05600155296856,3.611979811169628,30.018473,1,-0.8660254037844385,-0.5000000000000004,5.329166666666667,3.9125,10.05,7.212499999999999,4.091666666666667,4.408333333333333,19.875,18.541666666666668,31.625,9.158333333333331
2023-08-07,28.0,21.9,24.098333333333336,82.65497859166666,3.0,20.67000007198112,3.968986706766708,30.453527,1,-0.8660254037844385,-0.5000000000000004,6.591666666666666,5.329166666666667,12.433333333333332,10.05,4.033333333333333,4.091666666666667,25.25,19.875,34.916666666666664,6.929166666666667
2023-08-08,28.1,21.45,24.102500000000003,82.46862444166666,5.9,17.777999228529215,3.443994657631452,26.27753,1,-0.8660254037844385,-0.5000000000000004,9.158333333333331,6.591666666666666,19.508333333333333,12.433333333333332,4.404166666666667,4.033333333333333,31.625,25.25,29.20833333333333,7.866666666666667
2023-08-09,28.45,21.85,24.34333333333333,82.19701171666667,5.9,16.239000299237805,1.6079946334691226,24.863468,1,-0.8660254037844385,-0.5000000000000004,6.929166666666667,9.158333333333331,15.025,19.508333333333333,4.845833333333333,4.404166666666667,34.916666666666664,31.625,33.75,8.283333333333333
2023-08-10,28.5,20.75,24.11875,82.313260025,9.1,15.2820004381363,0.9809952816636316,23.623243,1,-0.8660254037844385,-0.5000000000000004,7.866666666666667,6.929166666666667,16.712500000000002,15.025,5.470833333333334,4.845833333333333,29.20833333333333,34.916666666666664,36.29166666666666,8.641666666666667
2023-08-11,28.65,20.75,24.078333333333333,80.71228946666666,4.2,13.794000729808207,-0.0179916997671025,20.545246,1,-0.8660254037844385,-0.5000000000000004,8.283333333333333,7.866666666666667,17.283333333333335,16.712500000000002,6.658333333333334,5.470833333333334,33.75,29.20833333333333,38.91666666666666,8.6
2023-08-12,28.75,21.1,23.985416666666666,81.08197719166667,6.4,16.824001269206477,1.334989042704911,24.490587,1,-0.8660254037844385,-0.5000000000000004,8.641666666666667,8.283333333333333,18.78333333333333,17.283333333333335,5.8875,6.658333333333334,36.29166666666666,33.75,29.791666666666668,6.7
2023-08-13,27.65,21.5,24.05375,81.67601199166667,7.9,17.231999091256796,3.53999504777876,25.683926,1,-0.8660254037844385,-0.5000000000000004,8.6,8.641666666666667,18.55,18.78333333333333,5.7625,5.8875,38.91666666666666,36.29166666666666,31.25,9.5875
2023-08-14,28.5,20.9,24.148333333333333,80.39032339166667,4.5,16.148998368928456,4.692001339220199,25.212852,1,-0.8660254037844385,-0.5000000000000004,6.7,8.6,14.183333333333332,18.55,5.120833333333334,5.7625,29.791666666666668,38.91666666666666,42.708333333333336,9.608333333333333
2023-08-15,28.3,21.05,24.025,81.038898,2.9,14.192999429982695,3.830996584160992,23.377836,1,-0.8660254037844385,-0.5000000000000004,9.5875,6.7,20.258333333333333,14.183333333333332,4.775,5.120833333333334,31.25,29.791666666666668,42.04166666666666,10.2625
2023-08-16,29.2,20.4,24.242083333333333,80.41359959166667,4.4,15.402001114947469,0.2849991848021445,23.893261,1,-0.8660254037844385,-0.5000000000000004,9.608333333333333,9.5875,19.279166666666665,20.258333333333333,5.416666666666667,4.775,42.708333333333336,31.25,41.375,10.541666666666666
2023-08-17,28.25,20.8,23.985,79.94667289166667,0.8,16.533001259636798,-1.904990079155312,24.648829,1,-0.8660254037844385,-0.5000000000000004,10.2625,9.608333333333333,20.3125,19.279166666666665,5.9,5.416666666666667,42.04166666666666,42.708333333333336,42.625,9.983333333333333
2023-08-18,29.35,21.3,24.14708333333333,80.2016254,0.3,16.811999712388335,-2.186995867650836,24.031178,1,-0.8660254037844385,-0.5000000000000004,10.541666666666666,10.2625,20.7375,20.3125,5.825,5.9,41.375,42.04166666666666,41.583333333333336,9.195833333333333
2023-08-19,28.95,21.4,23.91166666666667,82.31475256666666,6.0,16.472999497394788,-2.1060011015495887,25.516865,1,-0.8660254037844385,-0.5000000000000004,9.983333333333333,10.541666666666666,19.741666666666667,20.7375,6.995833333333334,5.825,42.625,41.375,33.625,8.125
2023-08-20,27.8,20.75,23.710833333333333,83.90794854166667,7.5,15.456000769709584,-1.0649944719600688,24.336637,1,-0.8660254037844385,-0.5000000000000004,9.195833333333333,9.983333333333333,17.8625,19.741666666666667,7.383333333333333,6.995833333333334,41.583333333333336,42.625,38.333333333333336,9.283333333333331
2023-08-21,28.9,20.5,23.9325,81.58921059166667,5.1000000000000005,13.86000124414102,-0.3959900870502225,23.34455,1,-0.8660254037844385,-0.5000000000000004,8.125,9.195833333333333,15.870833333333332,17.8625,6.012499999999999,7.383333333333333,33.625,41.583333333333336,40.833333333333336,8.420833333333333
2023-08-22,29.45,20.5,23.997916666666665,84.06408405,24.7,13.41000022013234,1.0169954119174054,23.084955,1,-0.8660254037844385,-0.5000000000000004,9.283333333333331,8.125,20.5625,15.870833333333332,6.541666666666667,6.012499999999999,38.333333333333336,33.625,29.83333333333333,7.008333333333333
2023-08-23,29.05,21.2,24.240416666666665,79.4045535,1.4,15.903000862032592,2.5499859288080957,23.770906,1,-0.8660254037844385,-0.5000000000000004,8.420833333333333,9.283333333333331,15.179166666666667,20.5625,6.5125,6.541666666666667,40.833333333333336,38.333333333333336,27.416666666666668,5.6375
2023-08-24,29.2,21.95,24.559166666666663,80.59740885,6.5,15.020998802948576,4.2569980354172685,25.153671,1,-0.8660254037844385,-0.5000000000000004,7.008333333333333,8.420833333333333,13.641666666666666,15.179166666666667,5.616666666666667,6.5125,29.83333333333333,40.833333333333336,19.041666666666668,3.5666666666666664
2023-08-25,28.8,21.75,24.4275,83.75166527500001,14.9,13.490999422696026,4.968000116054807,24.36591,1,-0.8660254037844385,-0.5000000000000004,5.6375,7.008333333333333,10.091666666666669,13.641666666666666,6.245833333333334,5.616666666666667,27.416666666666668,29.83333333333333,17.0,4.579166666666667
2023-08-26,28.95,21.55,24.36625,82.0419978,7.800000000000001,15.1259979753549,5.007004839289441,25.323128,1,-0.8660254037844385,-0.5000000000000004,3.5666666666666664,5.6375,5.775,10.091666666666669,5.0125,6.245833333333334,19.041666666666668,27.416666666666668,19.416666666666668,4.358333333333333
2023-08-27,28.95,21.0,23.876666666666665,82.60054065833333,11.5,15.008999734922208,2.4629951011199385,25.929996,1,-0.8660254037844385,-0.5000000000000004,4.579166666666667,3.5666666666666664,7.591666666666666,5.775,4.633333333333334,5.0125,17.0,19.041666666666668,21.0,5.745833333333334
2023-08-28,29.25,20.8,24.02458333333333,81.79179243333333,13.4,15.192000205033002,2.432993671896999,23.933907,1,-0.8660254037844385,-0.5000000000000004,4.358333333333333,4.579166666666667,7.541666666666667,7.591666666666666,5.895833333333333,4.633333333333334,19.416666666666668,17.0,28.791666666666668,9.195833333333333
2023-08-29,29.35,19.8,24.17833333333333,80.802987575,10.6,11.19899917518989,-0.9000003475930868,18.057508,1,-0.8660254037844385,-0.5000000000000004,5.745833333333334,4.358333333333333,10.195833333333333,7.541666666666667,6.395833333333333,5.895833333333333,21.0,19.416666666666668,52.083333333333336,18.604166666666668
2023-08-30,30.9,20.5,24.81583333333333,78.40881590000001,0.1,7.277999331244611,-1.410002439432771,16.311613,1,-0.8660254037844385,-0.5000000000000004,9.195833333333333,5.745833333333334,17.054166666666667,10.195833333333333,7.9125,6.395833333333333,28.791666666666668,21.0,75.75,29.633333333333336
2023-08-31,30.95,21.1,25.315416666666668,79.90107507500001,5.2,5.133000133980688,-0.6239978637039165,18.129137,1,-0.8660254037844385,-0.5000000000000004,18.604166666666668,9.195833333333333,37.52916666666667,17.054166666666667,9.2375,7.9125,52.083333333333336,28.791666666666668,90.125,29.141666666666666
2023-09-01,32.35,21.45,25.74375,80.48475245833333,25.3,5.976000136056364,-0.7020004705502416,15.893093,1,-1.0,-1.8369701987210297e-16,29.633333333333336,18.604166666666668,55.51666666666667,37.52916666666667,8.854166666666666,9.2375,75.75,52.083333333333336,72.58333333333333,16.016666666666666
2023-09-02,30.4,21.0,24.7675,82.11688370833333,11.0,9.044999231249973,-0.0810008511399007,17.654686,1,-1.0,-1.8369701987210297e-16,29.141666666666666,29.633333333333336,52.10833333333333,55.51666666666667,6.8375,8.854166666666666,90.125,75.75,59.5,18.079166666666666
2023-09-03,31.15,20.9,24.529166666666665,81.53706123333333,35.6,10.61699955749477,-1.6979997172606578,18.448023,1,-1.0,-1.8369701987210297e-16,16.016666666666666,29.141666666666666,26.579166666666666,52.10833333333333,8.233333333333333,6.8375,72.58333333333333,90.125,63.66666666666666,20.995833333333334
2023-09-04,30.75,19.8,24.12208333333333,81.61306879166666,8.9,11.856000006003118,-2.6399982223272995,19.09358,1,-1.0,-1.8369701987210297e-16,18.079166666666666,16.016666666666666,31.683333333333334,26.579166666666666,10.554166666666667,8.233333333333333,59.5,72.58333333333333,73.45833333333333,23.2375
2023-09-05,30.3,20.2,24.61458333333333,77.78385746666666,1.6,11.633999485576329,-2.5290012008225915,17.917007,1,-1.0,-1.8369701987210297e-16,20.995833333333334,18.079166666666666,41.49166666666667,31.683333333333334,9.358333333333333,10.554166666666667,63.66666666666666,59.5,74.29166666666667,23.079166666666666
2023-09-06,30.2,20.85,24.80583333333333,78.33816337500001,4.0,15.521998872002078,-1.7310031333691418,22.450264,1,-1.0,-1.8369701987210297e-16,23.2375,20.995833333333334,42.4625,41.49166666666667,8.395833333333334,9.358333333333333,73.45833333333333,63.66666666666666,66.41666666666667,15.291666666666666
2023-09-07,28.5,21.35,23.917916666666667,82.95014085833333,19.3,18.38999973420537,1.2150079730269423,26.693459,1,-1.0,-1.8369701987210297e-16,23.079166666666666,23.2375,41.63333333333333,42.4625,8.983333333333333,8.395833333333334,74.29166666666667,73.45833333333333,40.04166666666666,4.079166666666667
2023-09-08,27.95,22.2,23.657083333333333,89.9226644,134.9,18.44400137635955,-0.767992734348572,27.086262,1,-1.0,-1.8369701987210297e-16,15.291666666666666,23.079166666666666,25.9375,41.63333333333333,7.654166666666666,8.983333333333333,66.41666666666667,74.29166666666667,23.0,6.291666666666667
2023-09-09,28.2,21.9,24.185416666666665,87.85133023333333,29.7,17.138999861029426,-0.3479946078757665,26.368616,1,-1.0,-1.8369701987210297e-16,4.079166666666667,15.291666666666666,6.2,25.9375,6.645833333333333,7.654166666666666,40.04166666666666,66.41666666666667,27.5,7.608333333333333
2023-09-10,28.5,21.7,24.29583333333333,83.69130461666667,4.0,17.2170007348016,0.8219982643367915,27.397867,1,-1.0,-1.8369701987210297e-16,6.291666666666667,4.079166666666667,10.583333333333334,6.2,6.2875000000000005,6.645833333333333,23.0,40.04166666666666,34.166666666666664,7.454166666666667
2023-09-11,28.7,20.4,24.08708333333333,83.65989388333334,10.0,15.95400111479825,-0.2009946670381867,25.630886,1,-1.0,-1.8369701987210297e-16,7.608333333333333,6.291666666666667,13.933333333333332,10.583333333333334,5.458333333333333,6.2875000000000005,27.5,23.0,35.958333333333336,10.245833333333334
2023-09-12,29.35,20.65,23.97125,81.04245796666667,8.9,15.006000634505911,0.3600052014241711,22.392462,1,-1.0,-1.8369701987210297e-16,7.454166666666667,7.608333333333333,12.1,13.933333333333332,5.666666666666667,5.458333333333333,34.166666666666664,27.5,40.958333333333336,9.158333333333331
2023-09-13,28.9,21.25,24.13208333333333,81.28404246666668,5.8,13.455000469928615,0.6810003760917317,22.007162,1,-1.0,-1.8369701987210297e-16,10.245833333333334,7.454166666666667,19.154166666666665,12.1,6.158333333333334,5.666666666666667,35.958333333333336,34.166666666666664,38.333333333333336,9.145833333333334
2023-09-14,29.45,20.4,24.0175,81.45118390833333,4.1000000000000005,12.231000261275517,0.5490068604226085,21.2522,1,-1.0,-1.8369701987210297e-16,9.158333333333331,10.245833333333334,16.779166666666665,19.154166666666665,6.4875,6.158333333333334,40.958333333333336,35.958333333333336,37.75,7.933333333333334
2023-09-15,29.25,20.75,24.491666666666667,78.99375743333333,1.8,15.374999657679252,1.464005735188252,22.033648,1,-1.0,-1.8369701987210297e-16,9.145833333333334,9.158333333333331,17.504166666666666,16.779166666666665,6.958333333333333,6.4875,38.333333333333336,40.958333333333336,25.666666666666668,5.7375
2023-09-16,27.4,21.7,23.85625,84.13944553333334,1.6,19.415998633837965,4.307995599323137,27.475807,1,-1.0,-1.8369701987210297e-16,7.933333333333334,9.145833333333334,14.7,17.504166666666666,6.079166666666667,6.958333333333333,37.75,38.333333333333336,25.58333333333333,6.6000000000000005
2023-09-17,27.65,21.15,23.7075,83.83561781666667,11.9,16.577997504890778,7.143007497963593,28.412645,1,-1.0,-1.8369701987210297e-16,5.7375,7.933333333333334,9.9,14.7,5.108333333333333,6.079166666666667,25.666666666666668,37.75,23.58333333333333,3.908333333333333
2023-09-18,28.75,21.5,24.157083333333333,82.67297044166666,18.9,13.75500172921276,8.86499596196543,26.099379,1,-1.0,-1.8369701987210297e-16,6.6000000000000005,5.7375,12.4625,9.9,4.495833333333333,5.108333333333333,25.58333333333333,25.666666666666668,18.375,3.8
2023-09-19,29.4,22.1,24.574583333333333,82.95588395,9.4,11.628000218526523,8.22299798991786,24.122686,1,-1.0,-1.8369701987210297e-16,3.908333333333333,6.6000000000000005,6.804166666666667,12.4625,4.75,4.495833333333333,23.58333333333333,25.58333333333333,19.125,4.770833333333333
2023-09-20,30.45,22.3,24.975,82.026865675,17.7,10.376998348520935,6.210001274144768,21.629978,1,-1.0,-1.8369701987210297e-16,3.8,3.908333333333333,6.1125,6.804166666666667,4.754166666666666,4.75,18.375,23.58333333333333,22.666666666666668,4.825
2023-09-21,30.15,22.3,24.660416666666663,86.339148925,95.3,9.49499933319131,2.688000515072912,16.171976,1,-1.0,-1.8369701987210297e-16,4.770833333333333,3.8,7.825,6.1125,5.379166666666666,4.754166666666666,19.125,18.375,22.416666666666668,6.825
2023-09-22,27.85,21.7,23.66375,91.27803231666668,201.7,4.68300012190459,0.2819998023034299,14.512064,1,-1.0,-1.8369701987210297e-16,4.825,4.770833333333333,7.329166666666667,7.825,5.929166666666667,5.379166666666666,22.666666666666668,19.125,30.125,6.55
2023-09-23,28.35,21.05,23.28125,91.67626218333334,130.1,7.68600014345839,0.9779998906063267,14.372974,1,-1.0,-1.8369701987210297e-16,6.825,4.825,10.25,7.329166666666667,9.216666666666669,5.929166666666667,22.416666666666668,22.666666666666668,30.666666666666668,8.674999999999999
2023-09-24,28.1,21.0,23.55583333333333,87.71182100833333,39.4,8.589000221830345,0.3570000900133516,14.512064,1,-1.0,-1.8369701987210297e-16,6.55,6.825,9.583333333333334,10.25,11.758333333333333,9.216666666666669,30.125,22.416666666666668,35.958333333333336,10.304166666666664
2023-09-25,29.05,20.75,23.9475,86.37583960833334,26.9,7.805999401739752,-0.8370001260894876,15.725037,1,-1.0,-1.8369701987210297e-16,8.674999999999999,6.55,12.391666666666666,9.583333333333334,9.891666666666667,11.758333333333333,30.666666666666668,30.125,54.66666666666666,18.091666666666665
2023-09-26,30.3,20.45,24.221666666666668,85.374730375,77.4,3.603000139935008,-1.7669997082756836,14.336861,1,-1.0,-1.8369701987210297e-16,10.304166666666664,8.674999999999999,15.520833333333334,12.391666666666666,9.883333333333333,9.891666666666667,35.958333333333336,30.666666666666668,67.20833333333333,24.46666666666667
2023-09-27,28.85,21.15,23.53333333333333,88.20888718333335,119.1,-1.136999321550628,-1.4970008103049386,12.7279215,1,-1.0,-1.8369701987210297e-16,18.091666666666665,10.304166666666664,26.429166666666664,15.520833333333334,11.975,9.883333333333333,54.66666666666666,35.958333333333336,81.0,22.570833333333336
2023-09-28,29.4,21.1,24.24958333333333,87.61680095833334,53.1,-3.651000011803216,-1.250998888111202,14.021525,1,-1.0,-1.8369701987210297e-16,24.46666666666667,18.091666666666665,35.32083333333333,26.429166666666664,15.154166666666669,11.975,67.20833333333333,54.66666666666666,66.125,16.116666666666667
2023-09-29,29.6,20.9,23.975,88.81671395,76.4,-7.221000322524866,-1.0109999990121623,15.629971,1,-1.0,-1.8369701987210297e-16,22.570833333333336,24.46666666666667,32.40416666666667,35.32083333333333,12.654166666666669,15.154166666666669,81.0,67.20833333333333,47.875,10.416666666666666
2023-09-30,29.7,20.75,23.91375,88.25561433333334,41.4,-10.24200014438978,-3.617998281354886,16.92383,1,-1.0,-1.8369701987210297e-16,16.116666666666667,22.570833333333336,23.179166666666664,32.40416666666667,11.25,12.654166666666669,66.125,81.0,57.208333333333336,24.15833333333333
2023-10-01,29.0,21.05,23.988333333333333,87.7441159,69.4,3.938998708437085,-3.215999627688417,21.94524,1,-0.8660254037844386,0.5000000000000001,10.416666666666666,16.116666666666667,14.704166666666666,23.179166666666664,5.379166666666666,11.25,47.875,66.125,79.20833333333333,27.5
2023-10-02,28.4,20.25,23.560416666666665,83.848337925,0.0,11.762999488497782,0.8850011944863511,18.057508,0,-0.8660254037844386,0.5000000000000001,24.15833333333333,10.416666666666666,36.79166666666666,14.704166666666666,9.833333333333334,5.379166666666666,57.208333333333336,47.875,91.70833333333331,36.329166666666666
2023-10-03,30.75,20.9,24.889166666666664,79.76575310833333,1.3,6.563999400188376,-1.0560001231630018,14.241629,1,-0.8660254037844386,0.5000000000000001,27.5,24.15833333333333,46.25833333333333,36.79166666666666,11.629166666666668,9.833333333333334,79.20833333333333,57.208333333333336,111.29166666666669,39.71666666666667
2023-10-04,31.1,19.8,24.580416666666668,80.73961895000001,0.1,5.489999768702977,-0.9449994708417556,13.1041975,1,-0.8660254037844386,0.5000000000000001,36.329166666666666,27.5,68.5,46.25833333333333,10.566666666666666,11.629166666666668,91.70833333333331,79.20833333333333,105.33333333333331,36.975
2023-10-05,30.7,18.95,24.4475,77.10768154166666,0.0,4.03199961846231,-0.8640001957011506,10.8955765,0,-0.8660254037844386,0.5000000000000001,39.71666666666667,36.329166666666666,73.51666666666667,68.5,10.041666666666666,10.566666666666666,111.29166666666669,91.70833333333331,109.54166666666669,39.55416666666667
2023-10-06,30.6,19.55,24.18,77.34967284166667,0.0,3.3179999455068883,-0.5189997045276684,13.009903,0,-0.8660254037844386,0.5000000000000001,36.975,39.71666666666667,67.72500000000001,73.51666666666667,8.579166666666667,10.041666666666666,105.33333333333331,111.29166666666669,113.875,41.36666666666667
2023-10-07,30.85,19.35,24.8625,72.115286325,0.0,0.2670007044855155,-0.5579995409654107,11.770403,0,-0.8660254037844386,0.5000000000000001,39.55416666666667,36.975,70.6375,67.72500000000001,12.316666666666668,8.579166666666667,109.54166666666669,105.33333333333331,118.33333333333331,45.520833333333336
2023-10-08,31.45,19.55,25.3925,69.94441570000001,0.0,0.08100019223509,-0.2039998979560491,9.19939,0,-0.8660254037844386,0.5000000000000001,41.36666666666667,39.55416666666667,70.39583333333333,70.6375,17.358333333333334,12.316666666666668,113.875,109.54166666666669,129.75,48.7375
2023-10-09,31.35,19.5,25.22,69.33902663333333,0.0,2.981999650169957,-1.302000057025289,12.24,0,-0.8660254037844386,0.5000000000000001,45.520833333333336,41.36666666666667,74.39999999999999,70.39583333333333,29.59583333333333,17.358333333333334,118.33333333333331,113.875,129.95833333333334,43.97083333333333
2023-10-10,31.6,19.75,25.472916666666663,67.20732819999999,0.0,1.2989994824624007,-2.450999361008219,15.580141,0,-0.8660254037844386,0.5000000000000001,48.7375,45.520833333333336,81.72916666666667,74.39999999999999,20.591666666666665,29.59583333333333,129.75,118.33333333333331,107.58333333333331,41.079166666666666
2023-10-11,30.25,19.9,25.08083333333333,72.190372425,0.2,0.1979997220119448,-0.4379990917746249,12.245294,1,-0.8660254037844386,0.5000000000000001,43.97083333333333,48.7375,72.29166666666667,81.72916666666667,15.433333333333332,20.591666666666665,129.95833333333334,129.75,128.58333333333334,46.395833333333336
2023-10-12,31.15,19.75,25.449166666666667,70.39075399166667,2.5,-2.304000245246704,0.039001628855049,12.287555,1,-0.8660254037844386,0.5000000000000001,41.079166666666666,43.97083333333333,66.825,72.29166666666667,18.675,15.433333333333332,107.58333333333331,129.95833333333334,127.58333333333331,42.80416666666667
2023-10-13,31.9,19.35,25.85333333333333,63.550393383333336,0.0,-2.7149997405263995,-0.4559991420018034,13.53236,0,-0.8660254037844386,0.5000000000000001,46.395833333333336,41.079166666666666,74.3125,66.825,24.325,18.675,128.58333333333334,107.58333333333331,96.83333333333331,32.2625
2023-10-14,31.5,18.95,25.02,62.60038036666666,0.0,-0.8909999319564268,-1.019998914563123,12.074766,0,-0.8660254037844386,0.5000000000000001,42.80416666666667,46.395833333333336,67.17916666666666,74.3125,26.35,24.325,127.58333333333331,128.58333333333334,108.04166666666669,44.895833333333336
2023-10-15,30.85,20.1,25.626666666666665,62.9279252,0.0,0.0570001175954412,-1.4009995510419122,10.195057,0,-0.8660254037844386,0.5000000000000001,32.2625,42.80416666666667,50.76666666666667,67.17916666666666,20.33333333333333,26.35,96.83333333333331,127.58333333333331,129.41666666666666,48.45416666666667
2023-10-16,31.2,20.05,25.685416666666665,63.51621871666667,1.8,-1.850999789754006,-1.1429986051875216,13.679999,1,-0.8660254037844386,0.5000000000000001,44.895833333333336,32.2625,70.925,50.76666666666667,23.954166666666666,20.33333333333333,108.04166666666669,96.83333333333331,132.41666666666666,50.29166666666666
2023-10-17,30.9,19.95,25.624166666666667,60.50319625,0.4,-2.1989997752746837,-1.046999639841139,12.10157,1,-0.8660254037844386,0.5000000000000001,48.45416666666667,44.895833333333336,77.46666666666667,70.925,21.616666666666664,23.954166666666666,129.41666666666666,108.04166666666669,140.16666666666666,51.26666666666667
2023-10-18,31.25,20.45,25.97875,59.867326275,0.1,-4.908000024812149,-2.1719999107669263,15.5843,1,-0.8660254037844386,0.5000000000000001,50.29166666666666,48.45416666666667,80.85833333333333,77.46666666666667,14.854166666666666,21.616666666666664,132.41666666666666,129.41666666666666,136.54166666666666,49.57083333333333
2023-10-19,31.45,19.75,24.824166666666667,69.98977761666667,4.7,-0.3810002794079583,-0.0029995856337137,17.193533,1,-0.8660254037844386,0.5000000000000001,51.26666666666667,50.29166666666666,82.64999999999999,80.85833333333333,17.208333333333332,14.854166666666666,140.16666666666666,132.41666666666666,143.91666666666666,60.46666666666667
2023-10-20,30.55,20.0,24.82583333333333,67.85238245,8.2,-2.0220005897585533,0.3300003416836828,14.799459,1,-0.8660254037844386,0.5000000000000001,49.57083333333333,51.26666666666667,79.64583333333333,82.64999999999999,13.129166666666668,17.208333333333332,136.54166666666666,140.16666666666666,150.5,56.17916666666667
2023-10-21,30.85,19.75,25.58875,64.9838074,2.0,-3.215999933325159,-0.5430009962882288,11.885453,1,-0.8660254037844386,0.5000000000000001,60.46666666666667,49.57083333333333,96.9625,79.64583333333333,16.7375,13.129166666666668,143.91666666666666,136.54166666666666,145.16666666666666,45.13333333333333
2023-10-22,31.65,18.85,25.65458333333333,59.962416133333335,0.3,-1.4609997813320652,-1.367999368130747,14.88242,1,-0.8660254037844386,0.5000000000000001,56.17916666666667,60.46666666666667,91.46666666666664,96.9625,11.9125,16.7375,150.5,143.91666666666666,122.5,44.5875
2023-10-23,31.85,18.6,25.666666666666668,53.746571808333336,0.0,-2.4180009200736587,-3.134999744320602,12.475961,0,-0.8660254037844386,0.5000000000000001,45.13333333333333,56.17916666666667,75.62916666666666,91.46666666666664,17.158333333333335,11.9125,145.16666666666666,150.5,109.33333333333331,33.516666666666666
2023-10-24,31.95,19.2,25.54875,49.73529788333334,0.0,-3.6119998914652394,-2.373000034205736,13.202726,0,-0.8660254037844386,0.5000000000000001,44.5875,45.13333333333333,77.00833333333334,75.62916666666666,19.683333333333334,17.158333333333335,122.5,145.16666666666666,95.33333333333331,34.37083333333333
2023-10-25,31.05,18.5,24.954166666666666,48.422438883333335,0.0,-3.560999535625203,-2.612999525743924,12.819235,0,-0.8660254037844386,0.5000000000000001,33.516666666666666,44.5875,58.9,77.00833333333334,15.033333333333331,19.683333333333334,109.33333333333331,122.5,94.66666666666669,28.954166666666666
2023-10-26,30.65,16.85,24.196250000000003,44.91949146666666,0.0,-5.54699937491157,-0.968999566830583,14.039999,0,-0.8660254037844386,0.5000000000000001,34.37083333333333,33.516666666666666,60.16666666666666,58.9,14.908333333333331,15.033333333333331,95.33333333333331,109.33333333333331,84.70833333333333,26.71666666666667
2023-10-27,30.9,16.55,23.84333333333333,45.60165745,0.0,-6.425999317282928,-1.4160006815601116,15.617529,0,-0.8660254037844386,0.5000000000000001,28.954166666666666,34.37083333333333,50.8125,60.16666666666666,11.433333333333332,14.908333333333331,94.66666666666669,95.33333333333331,90.91666666666669,34.733333333333334
2023-10-28,30.4,17.1,23.62333333333333,46.11778819166667,0.0,-3.977999559490911,-0.4499991971560302,12.0694,0,-0.8660254037844386,0.5000000000000001,26.71666666666667,28.954166666666666,46.51666666666667,50.8125,7.645833333333333,11.433333333333332,84.70833333333333,94.66666666666669,102.66666666666669,35.025
2023-10-29,30.6,17.3,23.766666666666666,47.11708335,0.0,-5.015999734523955,-1.4639991410276207,14.386494,0,-0.8660254037844386,0.5000000000000001,34.733333333333334,26.71666666666667,59.020833333333336,46.51666666666667,12.604166666666666,7.645833333333333,90.91666666666669,84.70833333333333,105.33333333333331,36.92916666666667
2023-10-30,31.0,17.7,24.14333333333333,53.525201941666666,0.0,-2.141999995394487,-0.734998873294891,14.512064,0,-0.8660254037844386,0.5000000000000001,35.025,34.733333333333334,58.458333333333336,59.020833333333336,13.945833333333333,12.604166666666666,102.66666666666669,90.91666666666669,117.375,41.7375
2023-10-31,30.9,17.3,23.91708333333333,52.502456975,0.0,-6.548999899631363,-0.8489989492140103,14.332341,0,-0.8660254037844386,0.5000000000000001,36.92916666666667,35.025,61.3125,58.458333333333336,11.816666666666668,13.945833333333333,105.33333333333331,102.66666666666669,108.375,37.141666666666666
2023-11-01,30.95,17.95,23.96708333333333,51.717957616666666,0.0,-4.889999561234007,-2.136000587327169,12.984975,0,-0.5000000000000004,0.8660254037844384,41.7375,36.92916666666667,68.66666666666667,61.3125,15.2,11.816666666666668,117.375,105.33333333333331,103.20833333333331,37.4375
2023-11-02,30.45,17.35,24.30666666666667,53.14889360833333,0.0,-3.141000022948804,-1.9080002689058209,13.1041975,0,-0.5000000000000004,0.8660254037844384,37.141666666666666,41.7375,59.92916666666667,68.66666666666667,9.316666666666666,15.2,108.375,117.375,116.54166666666669,44.79583333333333
2023-11-03,31.3,18.35,24.530416666666667,53.679773958333335,0.0,-4.286999441893109,-2.2529998810078,12.074766,0,-0.5000000000000004,0.8660254037844384,37.4375,37.141666666666666,57.19166666666666,59.92916666666667,12.408333333333331,9.316666666666666,103.20833333333331,108.375,134.625,53.69166666666666
2023-11-04,31.35,17.9,24.7325,56.032087491666665,0.1,-4.818000052115725,-0.7709989968699293,15.188415,1,-0.5000000000000004,0.8660254037844384,44.79583333333333,37.4375,68.04166666666667,57.19166666666666,14.4125,12.408333333333331,116.54166666666669,103.20833333333331,148.79166666666666,52.6375
2023-11-05,31.8,18.4,25.27208333333333,51.10606726666666,0.0,-7.937999844333151,-1.3979982378142366,13.722565,0,-0.5000000000000004,0.8660254037844384,53.69166666666666,44.79583333333333,84.8125,68.04166666666667,14.875,14.4125,134.625,116.54166666666669,118.625,35.78333333333333
2023-11-06,31.9,18.05,24.3825,51.7265546,0.0,-7.314000263484635,-2.522999231957588,15.137133,0,-0.5000000000000004,0.8660254037844384,52.6375,53.69166666666666,83.95833333333333,84.8125,11.220833333333331,14.875,148.79166666666666,134.625,108.54166666666669,43.77916666666667
2023-11-07,31.0,18.6,25.75125,58.93773201666667,0.4,-6.347999612684396,-0.2339988682890934,15.463246,1,-0.5000000000000004,0.8660254037844384,35.78333333333333,52.6375,57.375,83.95833333333333,7.691666666666666,11.220833333333331,118.625,148.79166666666666,101.375,22.1625
2023-11-08,31.2,18.7,24.04125,78.65652616666667,9.7,-5.549999814426798,2.34900041971684,17.22742,1,-0.5000000000000004,0.8660254037844384,43.77916666666667,35.78333333333333,69.47500000000001,57.375,10.920833333333334,7.691666666666666,108.54166666666669,118.625,69.625,23.575
2023-11-09,31.0,18.35,23.72833333333333,80.30446886666667,33.5,-4.955999358530398,1.7640019212416718,15.807239,1,-0.5000000000000004,0.8660254037844384,22.1625,43.77916666666667,32.28333333333333,69.47500000000001,5.916666666666667,10.920833333333334,101.375,108.54166666666669,77.5,23.433333333333334
2023-11-10,30.7,18.7,23.53083333333333,82.49778366666666,28.4,-2.468999892592901,0.4979985592913003,14.982228,1,-0.5000000000000004,0.8660254037844384,23.575,22.1625,34.975,32.28333333333333,10.833333333333334,5.916666666666667,69.625,101.375,83.66666666666667,36.65833333333333
2023-11-11,31.75,18.55,24.72125,64.03769006666667,0.0,-7.379999903732568,-2.003999829848471,14.113653,0,-0.5000000000000004,0.8660254037844384,23.433333333333334,23.575,34.7625,34.975,12.125,10.833333333333334,77.5,69.625,111.08333333333331,44.395833333333336
2023-11-12,32.0,18.3,24.7775,59.64459553333334,0.0,-4.260000575206036,-0.7199988960989593,13.556282,0,-0.5000000000000004,0.8660254037844384,36.65833333333333,23.433333333333334,57.4125,34.7625,13.070833333333333,12.125,83.66666666666667,77.5,132.875,55.79166666666666
2023-11-13,31.1,17.85,23.972916666666663,61.564985291666666,0.0,-2.9819992878419828,-0.1260009062662661,9.220499,0,-0.5000000000000004,0.8660254037844384,44.395833333333336,36.65833333333333,72.67916666666666,57.4125,17.779166666666665,13.070833333333333,111.08333333333331,83.66666666666667,152.29166666666666,55.73333333333333
2023-11-14,30.8,16.55,23.72083333333333,54.79655881666667,0.0,-2.516999771025104,-1.4129996615659215,10.390226,0,-0.5000000000000004,0.8660254037844384,55.79166666666666,44.395833333333336,93.15416666666664,72.67916666666666,21.90416666666667,17.779166666666665,132.875,111.08333333333331,138.08333333333334,49.4125
2023-11-15,29.85,15.5,22.770416666666662,52.20021250833334,0.0,-2.4209997765901585,-1.6440002855555336,11.246759,0,-0.5000000000000004,0.8660254037844384,55.73333333333333,55.79166666666666,92.14583333333331,93.15416666666664,24.9125,21.90416666666667,152.29166666666666,132.875,139.91666666666666,56.84583333333333
2023-11-16,29.9,15.2,22.965,55.55254204166667,0.0,-4.802999574660892,-1.9800001282055808,11.874544,0,-0.5000000000000004,0.8660254037844384,49.4125,55.73333333333333,81.44166666666666,92.14583333333331,23.241666666666664,24.9125,138.08333333333334,152.29166666666666,153.16666666666666,68.72916666666667
2023-11-17,29.6,16.2,22.81583333333333,55.34108883333333,0.0,-3.88199965681342,-1.5779992522843211,11.720751,0,-0.5000000000000004,0.8660254037844384,56.84583333333333,49.4125,94.54166666666669,81.44166666666666,20.2125,23.241666666666664,139.91666666666666,138.08333333333334,157.08333333333334,60.145833333333336
2023-11-18,30.7,15.05,22.84958333333333,58.81082444166667,0.0,1.886999939497935,-0.3629991487354775,11.252519,0,-0.5000000000000004,0.8660254037844384,68.72916666666667,56.84583333333333,114.0375,94.54166666666669,20.55,20.2125,153.16666666666666,139.91666666666666,148.79166666666666,52.3625
2023-11-19,31.6,17.0,24.62708333333333,59.41210094166667,0.0,-0.4169998882566679,0.0990006609777411,11.019764,0,-0.5000000000000004,0.8660254037844384,60.145833333333336,68.72916666666667,97.20833333333331,114.0375,18.4375,20.55,157.08333333333334,153.16666666666666,127.08333333333331,39.641666666666666
2023-11-20,31.05,18.75,24.90458333333333,60.16934474166667,0.0,-5.378999954814786,-0.267000352353525,14.336861,0,-0.5000000000000004,0.8660254037844384,52.3625,60.145833333333336,81.5125,97.20833333333331,20.48333333333333,18.4375,148.79166666666666,157.08333333333334,105.33333333333331,37.15416666666667
2023-11-21,30.65,17.3,23.872916666666665,54.730678000000005,0.0,-6.31499895721643,-2.66700018448883,14.799459,0,-0.5000000000000004,0.8660254037844384,39.641666666666666,52.3625,59.65833333333333,81.5125,14.7625,20.48333333333333,127.08333333333331,148.79166666666666,101.16666666666669,37.5375
2023-11-22,29.7,17.0,23.239166666666662,58.22449150833334,0.0,-1.535999731843405,-1.9589992487692576,11.503113,0,-0.5000000000000004,0.8660254037844384,37.15416666666667,39.641666666666666,55.78333333333333,59.65833333333333,8.970833333333333,14.7625,105.33333333333331,127.08333333333331,107.20833333333331,34.9125
2023-11-23,30.35,16.35,23.65958333333333,58.39881449166667,0.0,-2.624999847204327,-1.235999796337342,11.119281,0,-0.5000000000000004,0.8660254037844384,37.5375,37.15416666666667,54.9625,55.78333333333333,15.691666666666668,8.970833333333333,101.16666666666669,105.33333333333331,82.58333333333333,21.070833333333333
2023-11-24,30.8,17.3,23.49875,66.94474803333334,2.1,-5.41799996109153,-0.1619992736117408,15.876775,1,-0.5000000000000004,0.8660254037844384,34.9125,37.5375,50.91666666666666,54.9625,18.120833333333334,15.691666666666668,107.20833333333331,101.16666666666669,66.125,19.95833333333333
2023-11-25,29.85,18.55,24.18375,71.06655574999999,7.7,-5.975999656615167,2.02200019696918,14.917212,1,-0.5000000000000004,0.8660254037844384,21.070833333333333,34.9125,30.98333333333333,50.91666666666666,11.45,18.120833333333334,82.58333333333333,107.20833333333331,70.45833333333333,23.15833333333333
2023-11-26,31.3,18.4,22.6775,80.42988271666667,93.7,-2.9879990387491366,2.928000170022848,19.966211,1,-0.5000000000000004,0.8660254037844384,19.95833333333333,21.070833333333333,29.195833333333336,30.98333333333333,11.5875,11.45,66.125,82.58333333333333,79.08333333333333,29.683333333333334
2023-11-27,28.1,17.95,22.62125,80.00415878333334,6.3,0.7080007801447934,1.4819991847720848,14.693999,1,-0.5000000000000004,0.8660254037844384,23.15833333333333,19.95833333333333,35.3125,29.195833333333336,12.0125,11.5875,70.45833333333333,66.125,92.58333333333331,27.8
2023-11-28,28.7,17.9,22.439166666666665,81.96694313333334,3.5,1.8240002394621764,1.157999413651653,12.620554,1,-0.5000000000000004,0.8660254037844384,29.683333333333334,23.15833333333333,44.68333333333334,35.3125,16.758333333333333,12.0125,79.08333333333333,70.45833333333333,72.25,22.816666666666663
2023-11-29,28.85,17.2,22.258333333333333,77.42728249166666,1.5,1.8659997257468448,0.854999756905111,12.096214,1,-0.5000000000000004,0.8660254037844384,27.8,29.683333333333334,40.78333333333333,44.68333333333334,25.291666666666668,16.758333333333333,92.58333333333331,79.08333333333333,81.91666666666667,28.308333333333334
2023-11-30,29.45,16.3,22.52208333333333,76.1764573,5.0,1.5150004565097803,3.248999484716287,15.827721,1,-0.5000000000000004,0.8660254037844384,22.816666666666663,27.8,34.00833333333333,40.78333333333333,17.395833333333332,25.291666666666668,72.25,92.58333333333331,81.91666666666667,23.8375
2023-12-01,29.4,16.9,22.429166666666667,72.24976473333332,1.3,0.6599996391445904,1.2840005764695328,10.587917,1,-2.4492935982947064e-16,1.0,28.308333333333334,22.816666666666663,42.37083333333333,34.00833333333333,24.40416666666667,17.395833333333332,81.91666666666667,72.25,65.875,18.820833333333333
2023-12-02,30.7,17.55,23.59958333333333,69.16696424166666,1.1,-6.776999535636537,3.125999383121059,16.800856,1,-2.4492935982947064e-16,1.0,23.8375,28.308333333333334,35.266666666666666,42.37083333333333,21.0,24.40416666666667,81.91666666666667,81.91666666666667,74.66666666666667,26.254166666666663
2023-12-03,29.95,17.85,23.8575,69.86756240833333,0.1,-8.258999184944239,0.453001556468329,15.941944,1,-2.4492935982947064e-16,1.0,18.820833333333333,23.8375,28.254166666666663,35.266666666666666,9.079166666666667,21.0,65.875,81.91666666666667,75.58333333333333,20.933333333333334
2023-12-04,30.65,17.3,23.898333333333333,66.3620971,0.0,-6.042000116230159,-1.1940005282905284,13.708391,0,-2.4492935982947064e-16,1.0,26.254166666666663,18.820833333333333,38.87083333333333,28.254166666666663,9.858333333333333,9.079166666666667,74.66666666666667,65.875,69.16666666666667,23.02083333333333
2023-12-05,30.45,17.85,23.26875,68.149868025,0.0,-5.44499994867571,-2.930999946736868,12.88981,0,-2.4492935982947064e-16,1.0,20.933333333333334,26.254166666666663,30.541666666666668,38.87083333333333,11.2875,9.858333333333333,75.58333333333333,74.66666666666667,80.08333333333333,26.308333333333334
2023-12-06,28.65,16.9,22.184166666666663,74.54450638333333,2.5,-5.289000331981934,-1.328999371738603,10.990322,1,-2.4492935982947064e-16,1.0,23.02083333333333,20.933333333333334,33.63333333333333,30.541666666666668,8.695833333333333,11.2875,69.16666666666667,75.58333333333333,74.20833333333333,27.3
2023-12-07,27.65,16.85,21.70958333333333,75.94390648333334,2.7,-2.576999530018474,-0.272999329617904,8.707238,1,-2.4492935982947064e-16,1.0,26.308333333333334,23.02083333333333,38.1625,33.63333333333333,8.783333333333333,8.695833333333333,80.08333333333333,69.16666666666667,91.625,30.620833333333334
2023-12-08,28.25,15.95,22.165000000000003,69.49045939166668,1.2,-3.4199994996245886,-1.124999520247036,10.009036,1,-2.4492935982947064e-16,1.0,27.3,26.308333333333334,39.579166666666666,38.1625,14.541666666666666,8.783333333333333,74.20833333333333,80.08333333333333,90.41666666666669,28.504166666666663
2023-12-09,29.1,15.65,22.33083333333333,69.20871805833333,0.0,-6.233999730631136,-0.8700002050583517,11.503113,0,-2.4492935982947064e-16,1.0,30.620833333333334,27.3,44.49583333333334,39.579166666666666,18.879166666666663,14.541666666666666,91.625,74.20833333333333,76.20833333333333,26.625
2023-12-10,29.3,16.05,22.3825,64.5362055,0.0,-2.931000303167788,-0.1709997232354904,12.72283,0,-2.4492935982947064e-16,1.0,28.504166666666663,30.620833333333334,41.15416666666667,44.49583333333334,18.891666666666666,18.879166666666663,90.41666666666669,91.625,91.66666666666669,33.575
2023-12-11,29.4,15.7,22.610416666666666,63.275155275,0.0,-0.3480002345464103,-1.0319999820938095,11.113451,0,-2.4492935982947064e-16,1.0,26.625,28.504166666666663,38.4375,41.15416666666667,12.4,18.891666666666666,76.20833333333333,90.41666666666669,106.375,41.18333333333333
2023-12-12,29.3,15.6,22.125833333333333,63.81169225833333,0.0,1.13399980071044,-0.9119996186261612,10.464798,0,-2.4492935982947064e-16,1.0,33.575,26.625,48.35833333333333,38.4375,21.508333333333336,12.4,91.66666666666669,76.20833333333333,115.0,37.8875
2023-12-13,29.0,14.95,21.91166666666667,58.10230335000001,0.0,-6.537000631516845,-0.1289992542003406,13.089354,0,-2.4492935982947064e-16,1.0,41.18333333333333,33.575,59.30416666666667,48.35833333333333,25.17083333333333,21.508333333333336,106.375,91.66666666666669,90.25,25.741666666666664
2023-12-14,28.0,15.4,21.35083333333333,60.76217608333333,0.0,-7.682999731333518,1.4340000814583305,14.84318,0,-2.4492935982947064e-16,1.0,37.8875,41.18333333333333,57.79166666666666,59.30416666666667,20.179166666666667,25.17083333333333,115.0,106.375,79.91666666666667,27.9625
2023-12-15,27.3,14.7,20.579166666666666,56.717357225,0.0,-7.448999590211096,1.0380009787999696,14.654254,0,-2.4492935982947064e-16,1.0,25.741666666666664,37.8875,46.325,57.79166666666666,7.508333333333333,20.179166666666667,90.25,115.0,96.70833333333331,41.99166666666667
2023-12-16,27.4,13.55,20.418333333333333,64.582242775,0.0,-6.611999470156387,-1.0379992553867514,13.004921,0,-2.4492935982947064e-16,1.0,27.9625,25.741666666666664,42.75416666666666,46.325,8.1,7.508333333333333,79.91666666666667,90.25,126.25,49.875
2023-12-17,27.6,14.45,21.527083333333334,67.9533136,0.1,-8.699999936416278,-0.5970007562235627,15.379206,1,-2.4492935982947064e-16,1.0,41.99166666666667,27.9625,63.26666666666667,42.75416666666666,10.045833333333333,8.1,96.70833333333331,79.91666666666667,135.125,48.05416666666667
2023-12-18,26.95,16.35,21.5725,63.27240210833334,0.0,-11.595000256421631,-0.7949990142805846,19.443333,0,-2.4492935982947064e-16,1.0,49.875,41.99166666666667,75.01666666666667,63.26666666666667,6.820833333333333,10.045833333333333,126.25,96.70833333333331,127.66666666666669,42.2625
2023-12-19,26.35,13.7,20.289583333333333,61.83014070833334,0.0,-10.25099981264588,-0.5969992624715842,16.923828,0,-2.4492935982947064e-16,1.0,48.05416666666667,49.875,72.56666666666666,75.01666666666667,5.195833333333334,6.820833333333333,135.125,126.25,102.625,33.204166666666666
2023-12-20,27.2,13.35,20.154166666666665,60.10469833333333,0.0,-7.895999909437147,-0.8370000325327672,14.869351,0,-2.4492935982947064e-16,1.0,42.2625,48.05416666666667,64.01666666666667,72.56666666666666,5.554166666666667,5.195833333333334,127.66666666666669,135.125,102.0,40.74583333333333
2023-12-21,29.35,14.4,21.405,59.91402683333333,0.0,-5.486999713456384,-0.4139995606861188,11.620809,0,-2.4492935982947064e-16,1.0,33.204166666666666,42.2625,50.59583333333333,64.01666666666667,7.954166666666667,5.554166666666667,102.625,127.66666666666669,127.79166666666669,50.64166666666667
2023-12-22,29.6,13.25,21.70083333333333,59.6299484,0.0,-2.186999649239053,-1.8840002434633647,10.948973,0,-2.4492935982947064e-16,1.0,40.74583333333333,33.204166666666666,62.56666666666666,50.59583333333333,11.595833333333331,7.954166666666667,102.0,102.625,129.0,38.19166666666667
2023-12-23,29.4,13.75,21.282083333333333,48.35276590833334,0.0,-5.411999520771882,-0.9330005636029266,12.783802,0,-2.4492935982947064e-16,1.0,50.64166666666667,40.74583333333333,78.40833333333333,62.56666666666666,17.654166666666665,11.595833333333331,127.79166666666669,102.0,110.0,46.1625
2023-12-24,29.1,14.45,21.049166666666668,57.55332243333333,0.0,-7.475999732811749,-0.9120005379633388,12.313893,0,-2.4492935982947064e-16,1.0,38.19166666666667,50.64166666666667,58.7625,78.40833333333333,15.091666666666669,17.654166666666665,129.0,127.79166666666669,135.66666666666666,51.475
2023-12-25,29.6,13.8,21.540416666666665,59.24863416666666,0.0,-6.224999858962294,-1.2660001712314004,11.183201,0,-2.4492935982947064e-16,1.0,46.1625,38.19166666666667,71.97083333333333,58.7625,11.966666666666669,15.091666666666669,110.0,129.0,138.95833333333334,43.75833333333333
2023-12-26,30.55,14.45,22.320416666666667,53.687313025,0.0,-2.574000490918278,-1.3079992623528038,12.496718,0,-2.4492935982947064e-16,1.0,51.475,46.1625,80.86666666666666,71.97083333333333,13.175,11.966666666666669,135.66666666666666,110.0,114.25,47.25416666666666
2023-12-27,30.05,15.45,22.07333333333333,55.13125611666667,0.0,-7.419000266380425,-0.6689992992961286,12.144331,0,-2.4492935982947064e-16,1.0,43.75833333333333,51.475,68.04583333333333,80.86666666666666,16.820833333333333,13.175,138.95833333333334,135.66666666666666,143.66666666666666,53.10416666666666
2023-12-28,30.2,14.6,22.267916666666668,63.06267685833333,0.0,-5.438998910403052,-0.8700006077481485,12.387348,0,-2.4492935982947064e-16,1.0,47.25416666666666,43.75833333333333,73.52499999999999,68.04583333333333,15.954166666666666,16.820833333333333,114.25,138.95833333333334,128.25,38.425
2023-12-29,30.0,14.3,21.46833333333333,56.51175381666667,0.0,-4.461000050328337,0.6990006765390109,11.770403,0,-2.4492935982947064e-16,1.0,53.10416666666666,47.25416666666666,82.61666666666666,73.52499999999999,11.945833333333333,15.954166666666666,143.66666666666666,114.25,93.95833333333331,30.729166666666668
2023-12-30,29.6,15.05,22.054583333333333,55.73833768333333,0.0,-2.2439994668701724,-1.4189989767275024,11.440978,0,-2.4492935982947064e-16,1.0,38.425,53.10416666666666,58.26666666666667,82.61666666666666,11.966666666666669,11.945833333333333,128.25,143.66666666666666,87.625,27.825
2023-12-31,30.1,14.25,22.30125,59.01994521666666,0.0,-3.627000102953188,0.4080008070239833,12.682018,0,-2.4492935982947064e-16,1.0,30.729166666666668,38.425,46.06666666666666,58.26666666666667,17.295833333333334,11.966666666666669,93.95833333333331,128.25,92.79166666666669,37.34166666666667
2024-01-01,29.45,14.1,21.640416666666667,55.3394375,0.0,-1.4160006454964993,-0.4410003363900693,11.525623,0,0.49999999999999994,0.8660254037844387,27.825,30.729166666666668,41.77916666666667,46.06666666666666,20.6375,17.295833333333334,87.625,93.95833333333331,119.91666666666669,47.59583333333333
2024-01-02,29.95,15.0,22.28875,57.98107770833334,0.0,-1.326000318939896,0.5099993879141034,11.503113,0,0.49999999999999994,0.8660254037844387,37.34166666666667,27.825,56.60833333333333,41.77916666666667,24.604166666666668,20.6375,92.79166666666669,87.625,134.5,50.19166666666666
2024-01-03,29.9,15.4,22.06,63.239018875000006,0.0,1.4219999901123237,0.2280001260218501,10.315115,0,0.49999999999999994,0.8660254037844387,47.59583333333333,37.34166666666667,72.65833333333333,56.60833333333333,27.2375,24.604166666666668,119.91666666666669,92.79166666666669,148.75,55.62083333333334
2024-01-04,30.0,13.0,21.5675,55.64348126666667,0.0,3.537000350824199,-1.0649993446203525,13.698934,0,0.49999999999999994,0.8660254037844387,50.19166666666666,47.59583333333333,76.72916666666667,72.65833333333333,26.558333333333334,27.2375,134.5,119.91666666666669,130.41666666666666,48.8625
2024-01-05,29.65,13.7,21.409166666666668,59.09415764166667,0.0,1.6169991441323934,-1.0379997637859215,13.684735,0,0.49999999999999994,0.8660254037844387,55.62083333333334,50.19166666666666,85.43333333333334,76.72916666666667,21.525,26.558333333333334,148.75,134.5,134.08333333333334,48.47083333333333
2024-01-06,29.6,16.1,22.3225,63.54673631666667,0.5,-3.73499883938146,-0.23099962486106,13.049689,1,0.49999999999999994,0.8660254037844387,48.8625,55.62083333333334,74.24583333333334,85.43333333333334,23.075,21.525,130.41666666666666,148.75,108.375,27.8625
2024-01-07,29.5,16.4,22.699583333333333,60.94782121666666,3.9,-6.144000385372266,2.0609993243537468,15.1884165,1,0.49999999999999994,0.8660254037844387,48.47083333333333,48.8625,74.26666666666667,74.24583333333334,20.254166666666663,23.075,134.08333333333334,130.41666666666666,76.29166666666667,24.27083333333333
2024-01-08,29.7,17.1,23.46375,57.09034165833334,1.1,-7.275000134848032,2.904002161165909,17.551615,1,0.49999999999999994,0.8660254037844387,27.8625,48.47083333333333,43.10416666666666,74.26666666666667,13.4125,20.254166666666663,108.375,134.08333333333334,77.25,20.404166666666665
2024-01-09,28.35,17.25,21.764166666666664,75.67595373333333,6.5,-7.355999970391492,1.695001014084582,17.906157,1,0.49999999999999994,0.8660254037844387,24.27083333333333,27.8625,37.66666666666666,43.10416666666666,9.4,13.4125,76.29166666666667,108.375,69.45833333333333,28.079166666666666
2024-01-10,28.35,16.5,20.874166666666667,83.38786648333333,19.5,-3.726000176538256,-0.3749997357263875,11.966953,1,0.49999999999999994,0.8660254037844387,20.404166666666665,24.27083333333333,31.2125,37.66666666666666,7.6125,9.4,77.25,76.29166666666667,84.125,24.629166666666663
2024-01-11,28.7,16.05,22.50958333333333,65.927912875,0.4,-2.987999835600672,-1.3290005651543866,10.44,1,0.49999999999999994,0.8660254037844387,28.079166666666666,20.404166666666665,42.625,31.2125,11.020833333333334,7.6125,69.45833333333333,77.25,77.20833333333333,26.575
2024-01-12,29.5,15.25,22.47833333333333,60.21870313333333,0.0,-3.200999226177094,-0.5490004523446135,11.620809,0,0.49999999999999994,0.8660254037844387,24.629166666666663,28.079166666666666,37.1875,42.625,10.4625,11.020833333333334,84.125,69.45833333333333,88.25,27.53333333333333
2024-01-13,30.45,15.1,22.91166666666667,52.583957141666666,0.0,0.6000002339210765,-1.2600003070937071,12.287555,0,0.49999999999999994,0.8660254037844387,26.575,24.629166666666663,39.50416666666667,37.1875,16.683333333333334,10.4625,77.20833333333333,84.125,72.70833333333333,20.704166666666666
2024-01-14,30.6,13.4,22.696250000000003,51.7899144,0.0,2.022000029463655,-2.2559996758696585,15.30741,0,0.49999999999999994,0.8660254037844387,27.53333333333333,26.575,40.9,39.50416666666667,22.979166666666668,16.683333333333334,88.25,77.20833333333333,67.95833333333333,19.691666666666663
2024-01-15,29.0,10.85,19.960833333333333,53.38504339166666,0.0,5.3549993833875655,-0.9569998420965472,14.658676,0,0.49999999999999994,0.8660254037844387,20.704166666666666,27.53333333333333,30.620833333333334,40.9,19.216666666666665,22.979166666666668,72.70833333333333,88.25,82.33333333333333,26.9625
2024-01-16,29.5,10.95,19.902083333333334,59.99809350833333,0.0,4.137000080327232,0.972000265584532,15.379206,0,0.49999999999999994,0.8660254037844387,19.691666666666663,20.704166666666666,28.808333333333334,30.620833333333334,20.08333333333333,19.216666666666665,67.95833333333333,72.70833333333333,92.83333333333331,31.2375
2024-01-17,29.6,12.4,19.8675,67.17889110833333,0.0,6.665999426826744,2.424000109441049,18.043148,0,0.49999999999999994,0.8660254037844387,26.9625,19.691666666666663,39.079166666666666,28.808333333333334,20.0375,20.08333333333333,82.33333333333333,67.95833333333333,101.95833333333331,38.4875
2024-01-18,27.85,12.05,19.19708333333333,67.68463024166667,0.0,6.101999250352754,1.9650001504547363,14.255272,0,0.49999999999999994,0.8660254037844387,31.2375,26.9625,47.3375,39.079166666666666,12.479166666666666,20.0375,92.83333333333331,82.33333333333333,112.79166666666669,36.2875
2024-01-19,29.2,12.25,20.36916666666667,63.33198240833334,0.0,5.442000243108301,2.444998935255205,16.171976,0,0.49999999999999994,0.8660254037844387,38.4875,31.2375,59.94583333333333,47.3375,13.583333333333334,12.479166666666666,101.95833333333331,92.83333333333331,85.95833333333333,28.566666666666663
2024-01-20,29.2,14.85,21.159166666666668,62.90658675,0.0,8.084999670169688,1.1190008513065908,18.214718,0,0.49999999999999994,0.8660254037844387,36.2875,38.4875,58.47916666666666,59.94583333333333,15.441666666666668,13.583333333333334,112.79166666666669,101.95833333333331,102.5,38.96666666666667
2024-01-21,28.95,14.5,20.88833333333333,61.90560205,0.0,-2.0279999377419577,-0.6119998496817628,10.594036,0,0.49999999999999994,0.8660254037844387,28.566666666666663,36.2875,44.7,58.47916666666666,13.441666666666668,15.441666666666668,85.95833333333333,112.79166666666669,99.125,34.958333333333336
2024-01-22,30.25,13.5,20.69458333333333,63.11041976666666,0.0,3.162000171789977,0.9569991759625772,16.946787,0,0.49999999999999994,0.8660254037844387,38.96666666666667,28.566666666666663,58.833333333333336,44.7,17.641666666666666,13.441666666666668,102.5,85.95833333333333,112.625,43.5
2024-01-23,28.05,13.25,20.260416666666668,48.17744244166667,0.0,-2.10599982026239,-2.3400000136258754,11.542478,0,0.49999999999999994,0.8660254037844387,34.958333333333336,38.96666666666667,53.18333333333334,58.833333333333336,12.958333333333334,17.641666666666666,99.125,102.5,98.04166666666669,26.6125
2024-01-24,27.7,11.8,19.366666666666667,44.48757825833333,0.0,-6.534000366644746,-1.5119991627651497,13.493999,0,0.49999999999999994,0.8660254037844387,43.5,34.958333333333336,66.12083333333334,53.18333333333334,17.9875,12.958333333333334,112.625,99.125,80.29166666666667,24.45833333333333
2024-01-25,27.6,11.55,19.936666666666667,45.474453450000006,0.0,-4.275000071441157,-0.7019999364695598,12.682018,0,0.49999999999999994,0.8660254037844387,26.6125,43.5,39.8125,66.12083333333334,17.629166666666666,17.9875,98.04166666666669,112.625,95.625,43.225
2024-01-26,29.85,12.1,21.11208333333333,44.85239864166667,0.0,-2.934000350695574,-1.166999817655178,11.304229,0,0.49999999999999994,0.8660254037844387,24.45833333333333,26.6125,36.60416666666666,39.8125,13.75,17.629166666666666,80.29166666666667,98.04166666666669,137.54166666666666,51.90833333333333
2024-01-27,29.85,14.85,22.184166666666663,44.44340161666666,0.0,-1.7339999563068702,-1.6170000997260443,14.003028,0,0.49999999999999994,0.8660254037844387,43.225,24.45833333333333,66.4375,36.60416666666666,17.629166666666666,13.75,95.625,80.29166666666667,139.625,51.208333333333336
2024-01-28,31.2,13.6,22.53333333333333,48.57804135833333,0.0,1.1039994538972102,-0.86999937763696,14.869351,0,0.49999999999999994,0.8660254037844387,51.90833333333333,43.225,79.88333333333334,66.4375,22.4875,17.629166666666666,137.54166666666666,95.625,147.125,54.22916666666666
2024-01-29,30.95,14.95,23.1525,44.893747866666665,0.0,1.4939995699787156,-1.839000333290428,13.0447235,0,0.49999999999999994,0.8660254037844387,51.208333333333336,51.90833333333333,77.74166666666666,79.88333333333334,23.40416666666667,22.4875,139.625,137.54166666666666,140.75,51.208333333333336
2024-01-30,30.55,14.05,22.5175,48.661560441666666,0.0,2.7960004218075984,-0.3929996174793196,14.685176,0,0.49999999999999994,0.8660254037844387,54.22916666666666,51.208333333333336,82.59583333333333,77.74166666666666,22.59166666666667,23.40416666666667,147.125,139.625,145.375,47.5625
2024-01-31,31.5,13.55,21.91125,50.258878725,0.0,7.415999902505404,1.476000000242158,19.855558,0,0.49999999999999994,0.8660254037844387,51.208333333333336,54.22916666666666,78.81666666666666,82.59583333333333,18.229166666666668,22.59166666666667,140.75,147.125,127.875,42.1
2024-02-01,28.7,12.6,20.41375,57.85028455,0.0,6.570000672218593,-2.29499884533015,16.267857,0,0.8660254037844386,0.5000000000000001,47.5625,51.208333333333336,74.02916666666667,78.81666666666666,12.0,18.229166666666668,145.375,140.75,103.33333333333331,35.416666666666664
2024-02-02,28.95,12.6,21.56958333333333,50.44056706666667,0.0,-5.885998899412271,-2.09999925911417,12.229406,0,0.8660254037844386,0.5000000000000001,42.1,47.5625,67.55833333333334,74.02916666666667,11.2375,12.0,127.875,145.375,94.33333333333331,30.079166666666666
2024-02-03,31.2,15.15,23.65875,45.491245983333336,0.0,-6.170999807885749,-1.3499986925251684,14.869351,0,0.8660254037844386,0.5000000000000001,35.416666666666664,42.1,58.770833333333336,67.55833333333334,15.108333333333334,11.2375,103.33333333333331,127.875,96.20833333333331,41.175
2024-02-04,33.1,15.2,24.4675,50.62461990833334,0.0,0.8489997892631465,-0.6569987978741092,9.47012,0,0.8660254037844386,0.5000000000000001,30.079166666666666,35.416666666666664,48.72916666666666,58.770833333333336,12.691666666666668,15.108333333333334,94.33333333333331,103.33333333333331,142.375,50.93333333333334
2024-02-05,34.0,17.9,25.27375,46.46165509166666,0.0,5.436000328403302,-1.7069990285431296,16.78156,0,0.8660254037844386,0.5000000000000001,41.175,30.079166666666666,64.99583333333334,48.72916666666666,12.204166666666666,12.691666666666668,96.20833333333331,94.33333333333331,128.04166666666666,40.675
2024-02-06,34.6,17.05,25.414583333333333,45.67065145,0.0,4.521000592201059,-1.90499930070238,18.532135,0,0.8660254037844386,0.5000000000000001,50.93333333333334,41.175,80.82083333333334,64.99583333333334,14.845833333333331,12.204166666666666,142.375,96.20833333333331,106.58333333333331,30.508333333333336
2024-02-07,34.2,16.15,24.8225,41.559294475,0.0,1.7640002920114763,-2.939999497167909,18.079027,0,0.8660254037844386,0.5000000000000001,40.675,50.93333333333334,67.69166666666666,80.82083333333334,18.508333333333333,14.845833333333331,128.04166666666666,142.375,80.04166666666667,25.78333333333333
2024-02-08,32.9,13.55,23.445833333333333,37.636450675,0.0,0.7200006503059487,-1.8059996682446828,10.464797,0,0.8660254037844386,0.5000000000000001,30.508333333333336,40.675,51.0,67.69166666666666,16.55,18.508333333333333,106.58333333333331,128.04166666666666,90.45833333333331,31.3375
2024-02-09,33.7,14.2,23.33791666666667,37.50136250416666,0.0,5.723999825376722,-1.8959996667772192,18.25026,0,0.8660254037844386,0.5000000000000001,25.78333333333333,30.508333333333336,44.7875,51.0,16.116666666666667,16.55,80.04166666666667,106.58333333333331,95.04166666666669,32.80833333333333
2024-02-10,34.2,12.95,23.39958333333333,37.88900335833333,0.0,6.161999547174878,-1.4789985764068825,20.275385,0,0.8660254037844386,0.5000000000000001,31.3375,25.78333333333333,50.3,44.7875,20.04583333333333,16.116666666666667,90.45833333333331,80.04166666666667,100.08333333333331,34.09583333333333
2024-02-11,32.9,12.65,23.32208333333333,38.61816186666667,0.0,5.048999714087714,-1.4789986800724146,18.709612,0,0.8660254037844386,0.5000000000000001,32.80833333333333,31.3375,54.91666666666666,50.3,15.675,20.04583333333333,95.04166666666669,90.45833333333331,93.375,30.8875
2024-02-12,33.1,14.55,23.798333333333336,32.5594729,0.0,6.4410000456354135,-0.4499978681358844,19.839235,0,0.8660254037844386,0.5000000000000001,34.09583333333333,32.80833333333333,55.85,54.91666666666666,15.716666666666669,15.675,100.08333333333331,95.04166666666669,98.16666666666669,36.975
2024-02-13,33.8,15.0,23.77833333333333,29.706625716666668,0.0,4.244999943273675,0.1920002132791622,19.562946,0,0.8660254037844386,0.5000000000000001,30.8875,34.09583333333333,50.32916666666667,55.85,16.48333333333333,15.716666666666669,93.375,100.08333333333331,107.20833333333331,41.1
2024-02-14,32.9,14.5,23.925416666666667,32.427087075,0.0,-1.0830000304657368,-2.1240001392284684,10.8955765,0,0.8660254037844386,0.5000000000000001,36.975,30.8875,59.175,50.32916666666667,15.616666666666667,16.48333333333333,98.16666666666669,93.375,103.70833333333331,33.141666666666666
2024-02-15,33.65,18.2,24.867083333333333,39.164815525,0.0,-0.5640001318077814,0.300000129396171,13.202726,0,0.8660254037844386,0.5000000000000001,41.1,36.975,64.00833333333334,59.175,20.45833333333333,15.616666666666667,107.20833333333331,98.16666666666669,98.0,32.4625
2024-02-16,35.65,17.85,26.1875,38.727962391666665,0.0,0.188999783697143,1.5179994861226664,18.861387,0,0.8660254037844386,0.5000000000000001,33.141666666666666,41.1,52.11666666666667,64.00833333333334,22.104166666666668,20.45833333333333,103.70833333333331,107.20833333333331,92.95833333333331,31.495833333333334
2024-02-17,34.5,16.5,25.31583333333333,35.96045864166667,0.0,3.2609998605782478,9.501737938677481e-08,12.72283,0,0.8660254037844386,0.5000000000000001,32.4625,33.141666666666666,48.5375,52.11666666666667,20.525,22.104166666666668,98.0,103.70833333333331,117.25,47.30416666666667
2024-02-18,34.55,16.75,25.49416666666667,37.478000225,0.0,4.466999625028252,-0.8160009076145506,16.09969,0,0.8660254037844386,0.5000000000000001,31.495833333333334,32.4625,46.8875,48.5375,20.195833333333333,20.525,92.95833333333331,98.0,114.125,33.15833333333334
2024-02-19,34.1,16.05,25.41958333333333,26.573937116666663,0.0,5.897999946782523,-2.1090009839736603,17.072504,0,0.8660254037844386,0.5000000000000001,47.30416666666667,31.495833333333334,70.50833333333334,46.8875,14.854166666666666,20.195833333333333,117.25,92.95833333333331,78.375,21.808333333333334
2024-02-20,33.65,15.1,24.370416666666664,39.650412404166666,0.0,7.992000108929517,-1.6919992248531122,21.518847,0,0.8660254037844386,0.5000000000000001,33.15833333333334,47.30416666666667,48.8,70.50833333333334,14.3875,14.854166666666666,114.125,117.25,71.91666666666667,21.2625
2024-02-21,31.85,14.3,22.94125,59.134381008333335,0.0,11.339999183006494,-3.0420030649070955,18.86139,0,0.8660254037844386,0.5000000000000001,21.808333333333334,33.15833333333334,32.00416666666667,48.8,14.645833333333334,14.3875,78.375,114.125,73.79166666666667,26.241666666666664
2024-02-22,30.75,13.5,22.09958333333333,50.41687619166667,0.0,10.811999477278988,-3.768001748529986,18.998316,0,0.8660254037844386,0.5000000000000001,21.2625,21.808333333333334,33.95,32.00416666666667,12.083333333333334,14.645833333333334,71.91666666666667,78.375,85.70833333333333,27.275
2024-02-23,31.55,13.3,22.399166666666662,47.74191185,0.0,3.6120001117875424,-0.8249991803468608,12.88981,0,0.8660254037844386,0.5000000000000001,26.241666666666664,21.2625,56.55833333333334,33.95,11.1625,12.083333333333334,73.79166666666667,71.91666666666667,90.25,23.53333333333333
2024-02-24,32.95,13.4,23.52458333333333,23.808296516666665,0.0,2.666999226136753,-2.6130011997413485,18.03237,0,0.8660254037844386,0.5000000000000001,27.275,26.241666666666664,63.6875,56.55833333333334,13.570833333333333,11.1625,85.70833333333333,73.79166666666667,83.75,24.004166666666663
2024-02-25,33.2,15.25,24.02125,25.3597299625,0.0,-1.6439999228063755,-1.6229995839148332,13.979872,0,0.8660254037844386,0.5000000000000001,23.53333333333333,27.275,39.2375,63.6875,14.75,13.570833333333333,90.25,85.70833333333333,100.16666666666669,40.86666666666667
2024-02-26,35.25,15.3,26.27625,42.17871086666666,0.0,2.597999597187447,0.9359998204290392,24.119999,0,0.8660254037844386,0.5000000000000001,24.004166666666663,23.53333333333333,36.30416666666667,39.2375,17.770833333333332,14.75,83.75,90.25,134.41666666666666,53.575
2024-02-27,35.4,19.15,27.480416666666667,34.77892275833334,0.0,1.562999272339686,-2.3070004876217207,21.9718,0,0.8660254037844386,0.5000000000000001,40.86666666666667,24.004166666666663,62.083333333333336,36.30416666666667,18.866666666666667,17.770833333333332,100.16666666666669,83.75,125.54166666666669,39.93333333333333
2024-02-28,34.15,19.15,27.31625,37.745311875,0.0,-3.080999384379292,-1.7100004542929004,12.303366,0,0.8660254037844386,0.5000000000000001,53.575,40.86666666666667,84.3625,62.083333333333336,11.204166666666666,18.866666666666667,134.41666666666666,100.16666666666669,102.125,29.291666666666668
2024-02-29,35.3,20.25,27.699583333333333,35.310674275,0.0,-2.661000315835113,1.0199989497666222,18.775303,0,0.8660254037844386,0.5000000000000001,39.93333333333333,53.575,62.4375,84.3625,15.4,11.204166666666666,125.54166666666669,134.41666666666666,102.54166666666669,43.025
2024-03-01,35.8,19.75,27.709166666666665,37.38123045,0.0,5.543999535944321,1.1700009531924056,15.986595,0,1.0,6.123233995736766e-17,29.291666666666668,39.93333333333333,47.225,62.4375,13.029166666666669,15.4,102.125,125.54166666666669,118.58333333333331,37.7625
2024-03-02,34.95,17.7,25.33083333333333,55.845336208333336,0.0,12.1109989811455,2.103001065780188,25.49908,0,1.0,6.123233995736766e-17,43.025,29.291666666666668,66.04166666666667,47.225,19.2875,13.029166666666669,102.54166666666669,102.125,81.875,21.379166666666663
2024-03-03,31.1,14.0,22.836666666666662,64.26147798333334,0.0,11.90999899155397,-1.1939974706631682,22.19773,0,1.0,6.123233995736766e-17,37.7625,43.025,59.11666666666667,66.04166666666667,9.095833333333331,19.2875,118.58333333333331,102.54166666666669,74.54166666666667,23.67083333333333
2024-03-04,32.95,14.6,23.242916666666662,37.2586576625,0.0,6.002999259986525,-2.901001404792792,18.844202,0,1.0,6.123233995736766e-17,21.379166666666663,37.7625,33.733333333333334,59.11666666666667,8.799999999999999,9.095833333333331,81.875,118.58333333333331,82.16666666666667,28.15416666666667
2024-03-05,34.6,14.45,24.2625,39.87198928333333,0.0,4.6800000879648,-0.4589986061012178,22.7057,0,1.0,6.123233995736766e-17,23.67083333333333,21.379166666666663,47.73333333333333,33.733333333333334,12.945833333333333,8.799999999999999,74.54166666666667,81.875,94.625,32.38333333333333
2024-03-06,34.95,15.15,24.41625,27.758041266666662,0.0,6.984000126579149,-1.0470001055791276,22.725668,0,1.0,6.123233995736766e-17,28.15416666666667,23.67083333333333,45.833333333333336,47.73333333333333,13.645833333333334,12.945833333333333,82.16666666666667,74.54166666666667,93.20833333333331,26.620833333333334
2024-03-07,35.25,13.3,26.120833333333334,24.223458729166666,0.0,3.3480003080812155,-3.4109994228218925,19.373219,0,1.0,6.123233995736766e-17,32.38333333333333,28.15416666666667,50.90416666666667,45.833333333333336,12.95,13.645833333333334,94.625,82.16666666666667,70.83333333333333,18.879166666666663
2024-03-08,36.1,17.5,27.06291666666667,21.1432395875,0.0,0.594000356817993,-2.7959996119933006,20.799152,0,1.0,6.123233995736766e-17,26.620833333333334,32.38333333333333,43.56666666666666,50.90416666666667,14.183333333333332,12.95,93.20833333333331,94.625,73.375,17.8625
2024-03-09,35.3,16.5,26.527916666666663,25.133295758333336,0.0,3.234000205419826,-1.9199995001531516,18.626305,0,1.0,6.123233995736766e-17,18.879166666666663,26.620833333333334,38.22083333333333,43.56666666666666,11.891666666666666,14.183333333333332,70.83333333333333,93.20833333333331,79.95833333333333,22.183333333333334
2024-03-10,36.45,17.7,27.01333333333333,25.117516675,0.0,5.172000280087584,-1.6769989361686546,19.483284,0,1.0,6.123233995736766e-17,17.8625,18.879166666666663,31.266666666666666,38.22083333333333,12.145833333333334,11.891666666666666,73.375,70.83333333333333,81.875,26.741666666666664
2024-03-11,36.45,17.55,27.7925,27.385283641666668,0.0,2.850000014622605,-2.486999697949976,21.096123,0,1.0,6.123233995736766e-17,22.183333333333334,17.8625,36.52916666666667,31.266666666666666,12.616666666666667,12.145833333333334,79.95833333333333,73.375,90.41666666666669,27.675
2024-03-12,37.2,18.3,28.101666666666667,28.5322782875,0.0,7.4849996706100494,-2.346000140972258,21.09305,0,1.0,6.123233995736766e-17,26.741666666666664,22.183333333333334,48.85416666666666,36.52916666666667,13.816666666666668,12.616666666666667,81.875,79.95833333333333,81.83333333333333,24.8125
2024-03-13,35.7,16.45,26.22958333333333,32.758251979166666,0.0,8.83800175425562,-3.983996764368996,18.723461,0,1.0,6.123233995736766e-17,27.675,26.741666666666664,49.67083333333333,48.85416666666666,12.883333333333333,13.816666666666668,90.41666666666669,81.875,84.25,29.504166666666663
2024-03-14,35.6,16.0,25.670416666666664,30.11859654583333,0.0,7.87799803338479,-2.766000988793836,19.083395,0,1.0,6.123233995736766e-17,24.8125,27.675,45.8,49.67083333333333,12.65,12.883333333333333,81.83333333333333,90.41666666666669,95.20833333333331,32.175000000000004
2024-03-15,35.05,16.4,25.5975,33.31191920416667,0.0,7.613999573940693,-1.1460000887697208,20.991426,0,1.0,6.123233995736766e-17,29.504166666666663,24.8125,61.575,45.8,13.354166666666666,12.65,84.25,81.83333333333333,107.95833333333331,37.0125
2024-03-16,36.0,16.6,26.629583333333336,33.22577338333333,0.0,7.958999224664648,-0.0180002355331524,22.206486,0,1.0,6.123233995736766e-17,32.175000000000004,29.504166666666663,66.81666666666666,61.575,12.6375,13.354166666666666,95.20833333333331,84.25,107.70833333333331,36.125
2024-03-17,36.25,18.3,26.93958333333333,26.04225598333333,0.0,9.329999721404516,-0.6479998980827489,23.936617,0,1.0,6.123233995736766e-17,37.0125,32.175000000000004,63.458333333333336,66.81666666666666,10.995833333333332,12.6375,107.95833333333331,95.20833333333331,110.08333333333331,33.42916666666667
2024-03-18,35.75,17.7,26.616666666666667,25.20304025,0.0,9.49200027985204,-1.5269952995700122,21.746504,0,1.0,6.123233995736766e-17,36.125,37.0125,60.770833333333336,63.458333333333336,11.708333333333334,10.995833333333332,107.70833333333331,107.95833333333331,108.33333333333331,32.67916666666667
2024-03-19,35.4,18.1,26.9675,27.14060119166667,0.0,6.620999644150228,-5.301000044621846,17.673029,0,1.0,6.123233995736766e-17,33.42916666666667,36.125,55.6,60.770833333333336,9.5125,11.708333333333334,110.08333333333331,107.70833333333331,90.29166666666669,22.454166666666666
2024-03-20,35.95,18.25,27.846666666666668,16.622360945833332,0.0,-5.775000939981123,-3.473998703526252,18.171976,0,1.0,6.123233995736766e-17,32.67916666666667,33.42916666666667,54.725,55.6,10.133333333333333,9.5125,108.33333333333331,110.08333333333331,76.58333333333333,26.6375
2024-03-21,36.45,17.85,27.18708333333333,29.547420058333334,0.0,0.1769985332978905,1.5420002869546012,18.0,0,1.0,6.123233995736766e-17,22.454166666666666,32.67916666666667,35.229166666666664,54.725,15.55,10.133333333333333,90.29166666666669,108.33333333333331,129.54166666666666,43.81666666666666
2024-03-22,37.25,18.9,27.918333333333333,38.38821444583333,0.0,6.968999206682745,-1.4910007917882495,20.808498,0,1.0,6.123233995736766e-17,26.6375,22.454166666666666,40.704166666666666,35.229166666666664,12.7,15.55,76.58333333333333,90.29166666666669,140.75,42.16666666666666
2024-03-23,37.55,19.35,28.56458333333333,26.262303904166668,0.0,6.56999774096414,-1.0710005871975108,22.881956,0,1.0,6.123233995736766e-17,43.81666666666666,26.6375,66.57083333333334,40.704166666666666,8.941666666666666,12.7,129.54166666666666,76.58333333333333,113.125,31.075
2024-03-24,37.85,20.7,29.24125,32.395766,0.0,8.855999567154601,-2.108998536619552,18.998316,0,1.0,6.123233995736766e-17,42.16666666666666,43.81666666666666,67.8,66.57083333333334,8.975,8.941666666666666,140.75,129.54166666666666,103.58333333333331,31.604166666666668
2024-03-25,39.0,20.75,29.76833333333333,36.36876348333333,0.0,3.4020000041578604,-1.5089996583666998,19.64228,0,1.0,6.123233995736766e-17,31.075,42.16666666666666,50.20416666666667,67.8,9.929166666666667,8.975,113.125,140.75,109.04166666666669,34.00416666666667
2024-03-26,39.65,21.0,29.870416666666664,35.491686020833335,0.0,3.515999964382108,-0.6120014582045644,19.64558,0,1.0,6.123233995736766e-17,31.604166666666668,31.075,50.62083333333334,50.20416666666667,9.958333333333334,9.929166666666667,103.58333333333331,113.125,114.5,35.65416666666667
2024-03-27,40.5,21.95,30.171666666666667,34.4561757625,0.0,6.447000086132367,0.1170010127077475,23.4,0,1.0,6.123233995736766e-17,34.00416666666667,31.604166666666668,53.95416666666667,50.62083333333334,11.258333333333333,9.958333333333334,109.04166666666669,103.58333333333331,124.25,36.8625
2024-03-28,39.25,22.15,30.35458333333333,37.220894325,0.0,7.173000451482027,-0.6930005540218738,22.963936,0,1.0,6.123233995736766e-17,35.65416666666667,34.00416666666667,59.65416666666667,53.95416666666667,9.65,11.258333333333333,114.5,109.04166666666669,120.66666666666669,39.59583333333333
2024-03-29,39.75,23.2,30.482916666666664,40.729369858333335,0.5,6.842999835275579,-0.302998782095257,21.602999,1,1.0,6.123233995736766e-17,36.8625,35.65416666666667,60.87083333333334,59.65416666666667,10.166666666666666,9.65,124.25,114.5,119.79166666666669,42.270833333333336
2024-03-30,38.6,23.35,30.78666666666667,34.24636110833333,0.0,5.598000035210825,-1.1430001662795914,20.929596,0,1.0,6.123233995736766e-17,39.59583333333333,36.8625,64.53333333333333,60.87083333333334,8.645833333333334,10.166666666666666,120.66666666666669,124.25,109.58333333333331,36.9375
2024-03-31,38.9,22.9,30.87541666666667,26.994775891666663,0.0,3.509999917738664,-2.1540003719636065,23.950148,0,1.0,6.123233995736766e-17,42.270833333333336,39.59583333333333,70.55,64.53333333333333,8.791666666666666,8.645833333333334,119.79166666666669,120.66666666666669,112.95833333333331,32.050000000000004
2024-04-01,40.6,20.65,29.845,24.41617020833333,0.0,5.819999883121948,-1.2089993895652615,25.294964,0,0.8660254037844387,-0.4999999999999998,36.9375,42.270833333333336,62.575,70.55,8.979166666666666,8.791666666666666,109.58333333333331,119.79166666666669,114.04166666666669,36.55
2024-04-02,39.6,20.8,29.85708333333333,29.260203429166666,0.0,7.694999912538445,-1.6079979824456254,22.077717,0,0.8660254037844387,-0.4999999999999998,32.050000000000004,36.9375,51.37083333333334,62.575,10.970833333333331,8.979166666666666,112.95833333333331,109.58333333333331,120.375,34.97083333333333
2024-04-03,40.1,20.5,29.45375,32.2492035625,0.0,8.687999014307076,-0.9870004387755856,23.565567,0,0.8660254037844387,-0.4999999999999998,36.55,32.050000000000004,60.49583333333334,51.37083333333334,8.533333333333333,10.970833333333331,114.04166666666669,112.95833333333331,111.08333333333331,31.17083333333333
2024-04-04,39.45,21.2,30.00583333333333,31.3678275125,0.0,8.559000053748663,-3.821998340561173,22.415602,0,0.8660254037844387,-0.4999999999999998,34.97083333333333,36.55,58.35833333333334,60.49583333333334,8.895833333333334,8.533333333333333,120.375,114.04166666666669,102.45833333333331,28.59166666666667
2024-04-05,40.35,21.05,30.657083333333333,26.663379366666668,0.0,6.11400021641928,-3.2849999025058705,24.079666,0,0.8660254037844387,-0.4999999999999998,31.17083333333333,34.97083333333333,51.71666666666667,58.35833333333334,8.516666666666667,8.895833333333334,111.08333333333331,120.375,85.91666666666667,22.416666666666668
2024-04-06,39.65,22.3,30.76875,23.43161070833333,0.0,4.0349998002455445,-4.158000444785904,25.772078,0,0.8660254037844387,-0.4999999999999998,28.59166666666667,31.17083333333333,47.79166666666666,51.71666666666667,9.85,8.516666666666667,102.45833333333331,111.08333333333331,82.70833333333333,25.34583333333333
2024-04-07,38.4,19.7,29.301666666666662,19.707254029166663,0.0,10.87200000934263,-3.1619994921539045,28.006058,0,0.8660254037844387,-0.4999999999999998,22.416666666666668,28.59166666666667,38.43333333333333,47.79166666666666,9.275,9.85,85.91666666666667,102.45833333333331,84.58333333333333,18.383333333333333
2024-04-08,38.5,20.15,29.15625,27.5981120125,0.0,5.7570001066193575,-2.219999048172275,17.782686,0,0.8660254037844387,-0.4999999999999998,25.34583333333333,22.416666666666668,45.43333333333334,38.43333333333333,10.041666666666666,9.275,82.70833333333333,85.91666666666667,99.66666666666669,27.3625
2024-04-09,38.75,20.9,29.8225,30.56580489166667,0.0,9.905998931407868,-1.446001316391016,22.007162,0,0.8660254037844387,-0.4999999999999998,18.383333333333333,25.34583333333333,30.479166666666668,45.43333333333334,9.945833333333333,10.041666666666666,84.58333333333333,82.70833333333333,111.41666666666669,31.916666666666668
2024-04-10,39.05,20.65,29.691666666666663,30.538977183333333,0.0,8.294999377622025,-0.9299994821782565,23.34455,0,0.8660254037844387,-0.4999999999999998,27.3625,18.383333333333333,45.075,30.479166666666668,8.8375,9.945833333333333,99.66666666666669,84.58333333333333,109.41666666666669,33.25833333333333
2024-04-11,39.1,21.8,29.797916666666666,28.30214217083333,0.0,6.314999245390005,-0.5519997013803726,24.336637,0,0.8660254037844387,-0.4999999999999998,31.916666666666668,27.3625,53.208333333333336,45.075,8.766666666666667,8.8375,111.41666666666669,99.66666666666669,99.16666666666669,28.48333333333333
2024-04-12,38.6,20.65,29.0475,31.009746725,0.0,7.922999814945284,1.418999342511959,23.623243,0,0.8660254037844387,-0.4999999999999998,33.25833333333333,31.916666666666668,54.68333333333334,53.208333333333336,9.291666666666666,8.766666666666667,109.41666666666669,111.41666666666669,91.125,25.816666666666663
2024-04-13,38.6,18.45,28.2125,40.247612616666665,0.0,7.512000233254401,1.619999086367829,21.96295,0,0.8660254037844387,-0.4999999999999998,28.48333333333333,33.25833333333333,45.10833333333333,54.68333333333334,9.229166666666666,9.291666666666666,99.16666666666669,109.41666666666669,102.16666666666669,26.691666666666663
2024-04-14,39.4,18.85,29.69,44.7661298625,0.0,6.044999626171797,-1.749000786942496,25.14852,0,0.8660254037844387,-0.4999999999999998,25.816666666666663,28.48333333333333,40.425,45.10833333333333,9.295833333333333,9.229166666666666,91.125,99.16666666666669,102.625,30.3625
2024-04-15,40.4,23.1,32.599583333333335,37.175759,0.4,1.0290002993357752,-0.8220008399778346,21.218632,1,0.8660254037844387,-0.4999999999999998,26.691666666666663,25.816666666666663,45.4125,40.425,8.816666666666666,9.295833333333333,102.16666666666669,91.125,105.125,39.69166666666667
2024-04-16,39.6,26.65,33.635416666666664,30.111114391666668,0.0,0.6599999961944323,-3.5549989516807736,15.463246,0,0.8660254037844387,-0.4999999999999998,30.3625,26.691666666666663,49.45416666666667,45.4125,8.558333333333334,8.816666666666666,102.625,102.16666666666669,114.625,45.475
2024-04-17,40.75,24.35,32.17875,45.30446873333334,1.0,4.059000310120009,-1.1879993831602709,22.505037,1,0.8660254037844387,-0.4999999999999998,39.69166666666667,30.3625,63.47083333333333,49.45416666666667,9.516666666666667,8.558333333333334,105.125,102.625,120.66666666666669,31.316666666666663
2024-04-18,41.1,24.8,31.707083333333333,45.54684941666667,0.5,6.693000153003134,-0.8849982338134289,26.807312,1,0.8660254037844387,-0.4999999999999998,45.475,39.69166666666667,78.02916666666667,63.47083333333333,9.5375,9.516666666666667,114.625,105.125,106.66666666666669,31.116666666666664
2024-04-19,40.8,24.3,31.56291666666667,37.104075,0.1,7.062000169883551,-1.9290005495000533,26.282465,1,0.8660254037844387,-0.4999999999999998,31.316666666666663,45.475,56.51666666666667,78.02916666666667,9.829166666666667,9.5375,120.66666666666669,114.625,99.91666666666669,33.44166666666667
2024-04-20,39.6,22.6,30.37208333333333,46.188462191666666,0.2,7.422000366861857,-0.3239992526375037,19.346441,1,0.8660254037844387,-0.4999999999999998,31.116666666666664,31.316666666666663,52.29583333333333,56.51666666666667,7.075,9.829166666666667,106.66666666666669,120.66666666666669,96.83333333333331,30.1
2024-04-21,39.75,22.9,30.55583333333333,32.997616875,0.3,4.868999342057925,-1.035000196812942,22.206486,1,0.8660254037844387,-0.4999999999999998,33.44166666666667,31.116666666666664,59.79583333333333,52.29583333333333,8.116666666666667,7.075,99.91666666666669,106.66666666666669,97.625,32.225
2024-04-22,39.8,22.35,30.695833333333333,34.59034905833333,0.0,8.411999769464058,-1.5839991908751048,19.45333,0,0.8660254037844387,-0.4999999999999998,30.1,33.44166666666667,50.65,59.79583333333333,8.404166666666667,8.116666666666667,96.83333333333331,99.91666666666669,105.45833333333331,33.825
2024-04-23,40.05,22.65,30.991666666666667,34.340355575,0.0,7.082999483186051,-1.5030003447175664,23.263912,0,0.8660254037844387,-0.4999999999999998,32.225,30.1,53.95416666666667,50.65,9.883333333333333,8.404166666666667,97.625,96.83333333333331,104.125,35.325
2024-04-24,39.95,23.25,31.237916666666667,39.935662375,0.0,4.892999094727241,0.1440006753456356,17.418196,0,0.8660254037844387,-0.4999999999999998,33.825,32.225,56.02916666666667,53.95416666666667,8.987499999999999,9.883333333333333,105.45833333333331,97.625,110.58333333333331,35.454166666666666
2024-04-25,39.4,23.75,31.13458333333333,34.599076425,7.2,4.953000063003641,0.191999274215818,23.424908,1,0.8660254037844387,-0.4999999999999998,35.325,33.825,58.3625,56.02916666666667,9.270833333333334,8.987499999999999,104.125,105.45833333333331,106.33333333333331,34.987500000000004
2024-04-26,39.95,24.4,31.442083333333336,35.5897783,0.5,7.25399903890307,-2.8589992867650795,24.967499,1,0.8660254037844387,-0.4999999999999998,35.454166666666666,35.325,57.92083333333333,58.3625,8.4375,9.270833333333334,110.58333333333331,104.125,110.33333333333331,39.82083333333333
2024-04-27,40.75,24.75,32.541666666666664,32.742413925,0.0,0.2220000364833153,-1.0169991744685325,16.179985,0,0.8660254037844387,-0.4999999999999998,34.987500000000004,35.454166666666666,56.2875,57.92083333333333,8.262500000000001,8.4375,106.33333333333331,110.58333333333331,107.08333333333331,30.745833333333334
2024-04-28,41.4,25.1,33.46333333333333,26.49591889583333,0.0,2.8469989060380287,-3.686997946448167,24.387177,0,0.8660254037844387,-0.4999999999999998,39.82083333333333,34.987500000000004,63.55833333333333,56.2875,8.262500000000001,8.262500000000001,110.33333333333331,106.33333333333331,101.83333333333331,28.3375
2024-04-29,41.65,23.85,33.287083333333335,21.582256416666667,0.0,6.338999818564853,-1.7939990588890238,21.407139,0,0.8660254037844387,-0.4999999999999998,30.745833333333334,39.82083333333333,47.7875,63.55833333333333,7.1375,8.262500000000001,107.08333333333331,110.33333333333331,99.08333333333331,25.075
2024-04-30,41.45,23.7,32.77166666666667,23.22721495833333,0.0,10.365000468129317,-3.5760021567831437,20.929594,0,0.8660254037844387,-0.4999999999999998,28.3375,30.745833333333334,44.14166666666667,47.7875,7.0,7.1375,101.83333333333331,107.08333333333331,93.625,22.4375
2024-05-01,38.9,20.3,30.17708333333333,27.424613445833334,0.0,14.444998524206296,-1.2150033224346606,24.280659,0,0.49999999999999994,-0.8660254037844387,25.075,28.3375,41.0875,44.14166666666667,9.408333333333331,7.0,99.08333333333331,101.83333333333331,101.5,23.625
2024-05-02,39.4,18.95,28.905416666666667,37.90366910416667,0.0,10.823998306923016,-1.905003921126343,19.191748,0,0.49999999999999994,-0.8660254037844387,22.4375,25.075,43.47083333333333,41.0875,8.879166666666666,9.408333333333331,93.625,99.08333333333331,120.16666666666669,27.225
2024-05-03,40.45,19.45,29.60875,38.61143862166667,0.0,9.348000311729487,-2.1509987543255824,18.556595,0,0.49999999999999994,-0.8660254037844387,23.625,22.4375,48.05833333333334,43.47083333333333,7.591666666666666,8.879166666666666,101.5,93.625,132.41666666666666,29.8
2024-05-04,40.1,21.75,30.320833333333333,43.1785558,0.0,10.959001093105131,-2.7689979193785206,19.191748,0,0.49999999999999994,-0.8660254037844387,27.225,23.625,50.025,48.05833333333334,7.587499999999999,7.591666666666666,120.16666666666669,101.5,99.70833333333331,23.229166666666668
2024-05-05,39.85,21.6,30.604166666666668,44.338832075,0.0,11.460001621246526,-4.064995006593843,23.532547,0,0.49999999999999994,-0.8660254037844387,29.8,27.225,52.15,50.025,7.570833333333334,7.587499999999999,132.41666666666666,120.16666666666669,76.25,20.03333333333333
2024-05-06,38.5,20.35,29.20958333333333,52.78423108333333,0.0,13.319998437738944,-3.030002368493761,21.794127,0,0.49999999999999994,-0.8660254037844387,23.229166666666668,29.8,39.87083333333333,52.15,7.991666666666667,7.570833333333334,99.70833333333331,132.41666666666666,76.75,17.650000000000002
2024-05-07,38.0,20.35,28.50958333333333,59.09599943333333,0.0,12.578998984290577,-2.3520002674122784,25.233406,0,0.49999999999999994,-0.8660254037844387,20.03333333333333,23.229166666666668,35.40416666666667,39.87083333333333,8.9,7.991666666666667,76.25,99.70833333333331,77.25,17.675
2024-05-08,39.9,21.2,29.074583333333333,59.098294,0.0,9.42299967667476,-0.8639969357341722,26.220753,0,0.49999999999999994,-0.8660254037844387,17.650000000000002,20.03333333333333,38.54583333333333,35.40416666666667,7.904166666666666,8.9,76.75,76.25,86.16666666666667,20.60833333333333
2024-05-09,38.05,22.5,29.321250000000003,59.54478,2.2,11.045999903322542,-1.1849979118524356,23.313995,1,0.49999999999999994,-0.8660254037844387,17.675,17.650000000000002,39.8,38.54583333333333,6.291666666666667,7.904166666666666,77.25,76.75,91.79166666666669,29.120833333333334
2024-05-10,36.9,23.4,28.55583333333333,60.136609025,46.5,7.208999711032673,-1.652999156552556,17.873556,1,0.49999999999999994,-0.8660254037844387,20.60833333333333,17.675,40.5,39.8,7.212499999999999,6.291666666666667,86.16666666666667,77.25,104.33333333333331,34.11666666666667
2024-05-11,37.6,23.5,29.175833333333333,58.51745915833333,11.4,5.145000433633923,0.0899979186212498,26.420174,1,0.49999999999999994,-0.8660254037844387,29.120833333333334,20.60833333333333,50.325,40.5,10.508333333333333,7.212499999999999,91.79166666666669,86.16666666666667,100.79166666666669,34.041666666666664
2024-05-12,36.75,23.65,28.75041666666667,48.89176755833333,11.5,1.160999642521123,-1.6679986565641622,18.59845,1,0.49999999999999994,-0.8660254037844387,34.11666666666667,29.120833333333334,57.03333333333333,50.325,9.904166666666669,10.508333333333333,104.33333333333331,91.79166666666669,101.79166666666669,37.975
2024-05-13,35.55,22.75,27.805416666666662,64.24626258333333,38.7,3.27000012471316,-0.4799999826219768,24.066206,1,0.49999999999999994,-0.8660254037844387,34.041666666666664,34.11666666666667,54.42916666666667,57.03333333333333,10.895833333333334,9.904166666666669,100.79166666666669,104.33333333333331,113.20833333333331,37.04166666666666
2024-05-14,38.1,22.15,29.88625,50.486516325,0.2,-0.4109995787265253,-2.499000324403698,20.570463,1,0.49999999999999994,-0.8660254037844387,37.975,34.041666666666664,65.73333333333333,54.42916666666667,10.041666666666666,10.895833333333334,101.79166666666669,100.79166666666669,110.45833333333331,34.7125
2024-05-15,38.25,22.7,30.125833333333333,47.63780114166666,0.3,3.0899993460543658,-2.531999135131336,21.096123,1,0.49999999999999994,-0.8660254037844387,37.04166666666666,37.975,61.6375,65.73333333333333,10.429166666666664,10.041666666666666,113.20833333333331,101.79166666666669,100.25,30.02916666666667
2024-05-16,39.1,22.35,28.924166666666668,60.94933130833333,20.4,2.2679995119971914,0.3450001347640535,18.532133,1,0.49999999999999994,-0.8660254037844387,34.7125,37.04166666666666,56.43333333333334,61.6375,10.2625,10.429166666666664,110.45833333333331,113.20833333333331,115.45833333333331,43.54583333333333
2024-05-17,38.05,22.25,29.02083333333333,56.688533383333336,11.9,1.646999828873439,-3.273000707787927,25.711662,1,0.49999999999999994,-0.8660254037844387,30.02916666666667,34.7125,46.15,56.43333333333334,7.895833333333333,10.2625,100.25,110.45833333333331,142.83333333333334,55.833333333333336
2024-05-18,39.15,23.95,30.595416666666665,51.40156845,1.5,4.161000166118157,-2.0939980421902966,19.35314,1,0.49999999999999994,-0.8660254037844387,43.54583333333333,30.02916666666667,69.17916666666666,46.15,11.770833333333334,7.895833333333333,115.45833333333331,100.25,143.5,40.56666666666667
2024-05-19,39.0,24.6,30.805416666666662,60.20860075833333,3.2,8.525999101912598,-1.0859983070849106,21.897945,1,0.49999999999999994,-0.8660254037844387,55.833333333333336,43.54583333333333,94.06666666666666,69.17916666666666,8.329166666666667,11.770833333333334,142.83333333333334,115.45833333333331,125.95833333333331,34.895833333333336
2024-05-20,40.8,23.4,30.39708333333333,62.428704175,2.5,9.678000390488355,-1.505997975986599,26.052162,1,0.49999999999999994,-0.8660254037844387,40.56666666666667,55.833333333333336,69.88333333333334,94.06666666666666,7.325,8.329166666666667,143.5,142.83333333333334,104.16666666666669,23.53333333333333
2024-05-21,41.65,24.2,31.721666666666668,56.44505577083333,0.0,6.411000082407436,-1.6710004075522835,24.609364,0,0.49999999999999994,-0.8660254037844387,34.895833333333336,40.56666666666667,58.84583333333333,69.88333333333334,7.166666666666667,7.325,125.95833333333331,143.5,110.08333333333331,31.370833333333334
2024-05-22,40.4,24.35,31.48375,58.86228224166667,2.2,6.072000467956285,-1.025999101057982,20.3774,1,0.49999999999999994,-0.8660254037844387,23.53333333333333,34.895833333333336,43.708333333333336,58.84583333333333,6.729166666666667,7.166666666666667,104.16666666666669,125.95833333333331,123.375,31.604166666666668
2024-05-23,39.75,23.75,29.985,67.55611770833333,14.6,11.003999626767902,0.3780003773051331,24.64094,1,0.49999999999999994,-0.8660254037844387,31.370833333333334,23.53333333333333,61.520833333333336,43.708333333333336,5.4,6.729166666666667,110.08333333333331,104.16666666666669,98.33333333333331,23.641666666666666
2024-05-24,36.65,23.05,29.09208333333333,62.655785433333335,3.2,15.569998928880644,-0.8940012611337311,27.44749,1,0.49999999999999994,-0.8660254037844387,31.604166666666668,31.370833333333334,61.24166666666667,61.520833333333336,6.583333333333333,5.4,123.375,110.08333333333331,69.75,16.129166666666666
2024-05-25,35.3,23.65,28.172916666666666,68.01727372500001,0.0,19.419001145654622,-0.1799973012831217,27.534704,0,0.49999999999999994,-0.8660254037844387,23.641666666666666,31.604166666666668,45.87916666666666,61.24166666666667,6.625,6.583333333333333,98.33333333333331,123.375,61.04166666666666,18.075
2024-05-26,35.05,23.75,28.50333333333333,69.32001548333332,0.0,21.03000131940608,-2.045992453917924,26.903828,0,0.49999999999999994,-0.8660254037844387,16.129166666666666,23.641666666666666,36.325,45.87916666666666,5.220833333333333,6.625,69.75,98.33333333333331,63.208333333333336,17.224999999999998
2024-05-27,33.2,23.75,27.446250000000003,73.62632915,0.2,21.15000189473792,0.0689972954675604,29.44307,1,0.49999999999999994,-0.8660254037844387,18.075,16.129166666666666,40.99166666666667,36.325,4.533333333333333,5.220833333333333,61.04166666666666,69.75,60.16666666666666,16.591666666666665
2024-05-28,34.45,22.7,27.828333333333333,68.35670465,0.0,22.21200112749711,0.8190115058211895,32.24161,0,0.49999999999999994,-0.8660254037844387,17.224999999999998,18.075,37.85416666666666,40.99166666666667,4.708333333333333,4.533333333333333,63.208333333333336,61.04166666666666,61.833333333333336,16.9875
2024-05-29,35.05,22.4,27.9475,67.12333495833333,0.0,20.17200122213753,2.25598283586144,28.820242,0,0.49999999999999994,-0.8660254037844387,16.591666666666665,17.224999999999998,40.37916666666667,37.85416666666666,3.3208333333333333,4.708333333333333,60.16666666666666,63.208333333333336,58.458333333333336,15.454166666666666
2024-05-30,36.5,23.0,28.73125,65.064229825,0.0,17.373002035936928,-0.8969882594072816,23.535301,0,0.49999999999999994,-0.8660254037844387,16.9875,16.591666666666665,40.625,40.37916666666667,3.4958333333333336,3.3208333333333333,61.833333333333336,60.16666666666666,53.833333333333336,13.108333333333334
2024-05-31,36.4,23.35,29.109583333333333,66.84193281666667,0.3999999999999999,16.51499998852466,-2.094000209465698,23.143827,1,0.49999999999999994,-0.8660254037844387,15.454166666666666,16.9875,36.24166666666667,40.625,3.5541666666666667,3.4958333333333336,58.458333333333336,61.833333333333336,50.54166666666666,11.441666666666668
2024-06-01,36.35,23.9,29.260416666666668,64.588236825,1.3,15.483001021182424,-0.3419949531708449,21.602999,1,1.2246467991473532e-16,-1.0,13.108333333333334,15.454166666666666,33.07083333333333,36.24166666666667,4.3625,3.5541666666666667,53.833333333333336,58.458333333333336,48.833333333333336,13.845833333333331
2024-06-02,36.65,23.55,29.65333333333333,56.06376671666667,0.1,12.750000381339268,-0.5459948189522694,20.774214,1,1.2246467991473532e-16,-1.0,11.441666666666668,13.108333333333334,27.52083333333333,33.07083333333333,4.391666666666667,4.3625,50.54166666666666,53.833333333333336,58.91666666666666,17.8
2024-06-03,38.1,23.8,29.3075,64.75174555,11.3,9.044999370349757,0.4410022328543785,23.444265,1,1.2246467991473532e-16,-1.0,13.845833333333331,11.441666666666668,31.120833333333334,27.52083333333333,5.15,4.391666666666667,48.833333333333336,50.54166666666666,63.708333333333336,16.1625
2024-06-04,31.35,23.3,26.029166666666665,82.932711425,93.2,8.306999748516128,0.6690016966587197,17.208603,1,1.2246467991473532e-16,-1.0,17.8,13.845833333333331,37.0875,31.120833333333334,6.308333333333334,5.15,58.91666666666666,48.833333333333336,49.583333333333336,10.291666666666666
2024-06-05,33.45,23.2,26.56833333333333,80.24874129999999,35.1,9.833999917643071,0.3479989026879849,26.576681,1,1.2246467991473532e-16,-1.0,16.1625,17.8,31.258333333333336,37.0875,7.066666666666666,6.308333333333334,63.708333333333336,58.91666666666666,43.41666666666666,14.145833333333334
2024-06-06,33.7,22.95,26.976666666666667,79.89673791666668,52.8,10.194000449072728,-0.4829963207384738,18.161278,1,1.2246467991473532e-16,-1.0,10.291666666666666,16.1625,17.3875,31.258333333333336,7.608333333333333,7.066666666666666,49.583333333333336,63.708333333333336,63.5,21.625
2024-06-07,34.85,22.8,26.54875,78.22809136666666,52.7,7.19399922622309,-1.8029998594168668,20.598795,1,1.2246467991473532e-16,-1.0,14.145833333333334,10.291666666666666,22.6875,17.3875,8.8625,7.608333333333333,43.41666666666666,49.583333333333336,74.625,25.825
2024-06-08,33.8,22.9,26.12333333333333,79.95167835833333,55.8,8.154000213911846,-3.0419987137539555,19.852295,1,1.2246467991473532e-16,-1.0,21.625,14.145833333333334,41.09583333333333,22.6875,7.683333333333334,8.8625,63.5,43.41666666666666,79.79166666666667,23.933333333333334
2024-06-09,27.95,22.45,24.74625,84.33938345833333,75.6,12.026999923963093,-2.564995534941505,16.92383,1,1.2246467991473532e-16,-1.0,25.825,21.625,43.94583333333333,41.09583333333333,7.470833333333334,7.683333333333334,74.625,63.5,69.79166666666667,19.1375
2024-06-10,28.85,21.5,24.43458333333333,85.17783362499999,22.1,12.467999597266868,-1.1849980368770707,18.775301,1,1.2246467991473532e-16,-1.0,23.933333333333334,25.825,41.145833333333336,43.94583333333333,7.441666666666666,7.470833333333334,79.79166666666667,74.625,53.708333333333336,9.620833333333334
2024-06-11,28.75,22.4,24.6075,86.12055005833332,117.0,12.617998798715613,-1.110002101366376,20.60823,1,1.2246467991473532e-16,-1.0,19.1375,23.933333333333334,31.104166666666668,41.145833333333336,7.320833333333333,7.441666666666666,69.79166666666667,79.79166666666667,45.958333333333336,9.833333333333334
2024-06-12,29.05,22.45,25.1325,83.58287513333333,46.4,12.381000252593084,1.8659960791422925,19.959719,1,1.2246467991473532e-16,-1.0,9.620833333333334,19.1375,16.529166666666665,31.104166666666668,7.166666666666667,7.320833333333333,53.708333333333336,69.79166666666667,35.166666666666664,7.083333333333333
2024-06-13,29.9,22.4,25.22125,82.309121975,33.4,12.662999247399531,2.3849979896777205,20.519999,1,1.2246467991473532e-16,-1.0,9.833333333333334,9.620833333333334,16.658333333333335,16.529166666666665,6.8125,7.166666666666667,45.958333333333336,53.708333333333336,30.041666666666668,7.7
2024-06-14,28.85,22.8,25.008750000000003,80.41489648333332,10.9,12.128998955112944,3.1529992282048207,20.991426,1,1.2246467991473532e-16,-1.0,7.083333333333333,9.833333333333334,11.154166666666669,16.658333333333335,6.4,6.8125,35.166666666666664,45.958333333333336,31.83333333333333,7.391666666666667
2024-06-15,30.45,22.3,25.110833333333336,82.09858355833333,32.9,9.500999500590533,4.527000248721205,18.218275,1,1.2246467991473532e-16,-1.0,7.7,7.083333333333333,13.795833333333334,11.154166666666669,5.65,6.4,30.041666666666668,35.166666666666664,38.66666666666666,11.225
2024-06-16,31.7,22.4,25.451666666666664,82.169223625,43.2,8.106000187836212,0.132001230716481,18.331741,1,1.2246467991473532e-16,-1.0,7.391666666666667,7.7,11.670833333333334,13.795833333333334,6.795833333333333,5.65,31.83333333333333,30.041666666666668,48.833333333333336,12.5375
2024-06-17,31.0,22.7,25.71333333333333,80.69771645833333,28.6,10.04699973548404,1.2180005466627244,19.134262,1,1.2246467991473532e-16,-1.0,11.225,7.391666666666667,19.4625,11.670833333333334,7.1875,6.795833333333333,38.66666666666666,31.83333333333333,47.083333333333336,9.595833333333331
2024-06-18,30.1,22.4,25.37833333333333,81.312909875,67.1,14.969999127387176,5.001000032091459,23.540806,1,1.2246467991473532e-16,-1.0,12.5375,11.225,27.504166666666663,19.4625,7.220833333333334,7.1875,48.833333333333336,38.66666666666666,37.375,8.204166666666667
2024-06-19,28.45,22.35,24.936666666666667,81.90543058333333,9.0,15.533996725672466,5.946008540684421,24.448214,1,1.2246467991473532e-16,-1.0,9.595833333333331,12.5375,18.8875,27.504166666666663,5.804166666666667,7.220833333333334,47.083333333333336,48.833333333333336,27.95833333333333,4.879166666666666
2024-06-20,29.5,22.65,25.017916666666668,84.33296620833333,17.6,15.215999175667246,6.768002645244897,25.729298,1,1.2246467991473532e-16,-1.0,8.204166666666667,9.595833333333331,17.070833333333333,18.8875,5.125,5.804166666666667,37.375,47.083333333333336,23.95833333333333,8.012500000000001
2024-06-21,30.3,22.2,25.485,81.05665390833333,4.3,16.052999992384226,4.256994971674674,24.609364,1,1.2246467991473532e-16,-1.0,4.879166666666666,8.204166666666667,9.5125,17.070833333333333,4.991666666666666,5.125,27.95833333333333,37.375,37.458333333333336,9.845833333333331
2024-06-22,30.9,22.45,25.90666666666667,78.435944525,3.5,13.09800042653965,1.2510043097323378,20.532627,1,1.2246467991473532e-16,-1.0,8.012500000000001,4.879166666666666,19.925,9.5125,4.604166666666667,4.991666666666666,23.95833333333333,27.95833333333333,47.708333333333336,12.345833333333331
2024-06-23,31.1,22.7,25.59333333333333,80.98467265,17.7,8.729999716284828,0.987000931901696,16.954432,1,1.2246467991473532e-16,-1.0,9.845833333333331,8.012500000000001,27.808333333333334,19.925,5.683333333333334,4.604166666666667,37.458333333333336,23.95833333333333,44.125,9.966666666666669
2024-06-24,31.4,22.5,25.86833333333333,79.92071043333334,32.8,6.611998927347519,4.764000396976939,16.595179,1,1.2246467991473532e-16,-1.0,12.345833333333331,9.845833333333331,37.05416666666667,27.808333333333334,6.095833333333334,5.683333333333334,47.708333333333336,37.458333333333336,36.79166666666666,5.641666666666667
2024-06-25,30.85,22.9,25.67708333333333,81.755437375,47.5,6.7979993458594565,10.871999970064795,24.693481,1,1.2246467991473532e-16,-1.0,9.966666666666669,12.345833333333331,18.379166666666663,37.05416666666667,6.6375,6.095833333333334,44.125,47.708333333333336,25.83333333333333,2.9166666666666665
2024-06-26,30.35,23.1,25.42125,84.93896356666666,51.7,11.963998259654696,9.97500081800106,29.024128,1,1.2246467991473532e-16,-1.0,5.641666666666667,9.966666666666669,8.533333333333333,18.379166666666663,5.770833333333333,6.6375,36.79166666666666,44.125,23.791666666666668,3.795833333333333
2024-06-27,28.5,22.6,24.82,83.94078350833334,14.9,14.384996944338326,11.862002640563704,29.598919,1,1.2246467991473532e-16,-1.0,2.9166666666666665,5.641666666666667,4.2625,8.533333333333333,5.195833333333334,5.770833333333333,25.83333333333333,36.79166666666666,23.33333333333333,3.5416666666666665
2024-06-28,27.8,22.5,24.809166666666663,84.77003273333334,49.9,14.204997902868577,11.811000802613773,29.808346,1,1.2246467991473532e-16,-1.0,3.795833333333333,2.9166666666666665,6.158333333333334,4.2625,4.575,5.195833333333334,23.791666666666668,25.83333333333333,20.95833333333333,4.720833333333333
2024-06-29,29.65,22.65,25.3025,82.00722724166667,11.2,12.19499850907996,10.542000966914792,28.79325,1,1.2246467991473532e-16,-1.0,3.5416666666666665,3.795833333333333,6.1375,6.158333333333334,4.329166666666667,4.575,23.33333333333333,23.791666666666668,21.291666666666668,3.7458333333333336
2024-06-30,28.7,22.4,24.933333333333334,84.48782875,26.9,15.918000527538064,11.117997989033048,27.579382,1,1.2246467991473532e-16,-1.0,4.720833333333333,3.5416666666666665,8.566666666666666,6.1375,4.483333333333333,4.329166666666667,20.95833333333333,23.33333333333333,19.791666666666668,3.733333333333334
2024-07-01,28.25,21.6,24.151666666666664,86.287256325,44.1,17.513999498064262,13.857000292578464,32.664917,1,-0.4999999999999997,-0.8660254037844388,3.7458333333333336,4.720833333333333,6.933333333333334,8.566666666666666,4.508333333333334,4.483333333333333,21.291666666666668,20.95833333333333,21.58333333333333,4.216666666666667
2024-07-02,28.15,21.6,24.16958333333333,86.25022724166666,49.6,17.561998249499744,9.663003091114936,29.627365,1,-0.4999999999999997,-0.8660254037844388,3.733333333333334,3.7458333333333336,7.4375,6.933333333333334,3.5500000000000003,4.508333333333334,19.791666666666668,21.291666666666668,21.45833333333333,4.979166666666667
2024-07-03,28.0,22.55,24.829166666666666,83.86227565833333,4.0,16.587001804234472,9.776994835793149,27.07669,1,-0.4999999999999997,-0.8660254037844388,4.216666666666667,3.733333333333334,7.962499999999999,7.4375,4.283333333333333,3.5500000000000003,21.58333333333333,19.791666666666668,18.125,3.295833333333333
2024-07-04,27.9,22.35,24.645,85.135191075,8.5,14.400000824800404,8.321997811220287,25.478743,1,-0.4999999999999997,-0.8660254037844388,4.979166666666667,4.216666666666667,10.366666666666667,7.962499999999999,4.425,4.283333333333333,21.45833333333333,21.58333333333333,16.375,3.279166666666667
2024-07-05,28.45,22.15,24.74375,83.73829115,22.8,16.397999010900005,9.084001360492804,28.03612,1,-0.4999999999999997,-0.8660254037844388,3.295833333333333,4.979166666666667,6.070833333333333,10.366666666666667,5.029166666666667,4.425,18.125,21.45833333333333,20.541666666666668,4.508333333333334
2024-07-06,28.25,21.95,24.50375,84.05160776666666,24.5,17.078997750588943,8.556005804363304,30.758411,1,-0.4999999999999997,-0.8660254037844388,3.279166666666667,3.295833333333333,6.2250000000000005,6.070833333333333,5.154166666666667,5.029166666666667,16.375,18.125,18.916666666666668,4.104166666666667
2024-07-07,26.05,21.9,23.899166666666662,87.31089287500001,29.6,12.122998143244304,5.031001794912956,20.696085,1,-0.4999999999999997,-0.8660254037844388,4.508333333333334,3.279166666666667,8.866666666666667,6.2250000000000005,5.079166666666667,5.154166666666667,20.541666666666668,16.375,19.70833333333333,4.325
2024-07-08,27.4,21.6,23.852500000000003,88.89103581666667,375.1,9.866998503294097,4.290001812824357,19.9954,1,-0.4999999999999997,-0.8660254037844388,4.104166666666667,4.508333333333334,7.1625000000000005,8.866666666666667,8.033333333333333,5.079166666666667,18.916666666666668,20.541666666666668,21.625,5.675
2024-07-09,28.55,21.75,24.055416666666662,84.90095439166666,40.1,12.101998789758058,5.127001930426942,19.969458,1,-0.4999999999999997,-0.8660254037844388,4.325,4.104166666666667,7.354166666666667,7.1625000000000005,9.091666666666669,8.033333333333333,19.70833333333333,18.916666666666668,25.541666666666668,6.454166666666667
2024-07-10,28.7,21.9,24.723333333333336,81.61883319166667,13.3,12.48600038282962,6.632999061735318,21.575987,1,-0.4999999999999997,-0.8660254037844388,5.675,4.325,12.991666666666667,7.354166666666667,5.816666666666666,9.091666666666669,21.625,19.70833333333333,28.08333333333333,5.3500000000000005
2024-07-11,27.8,21.7,23.99333333333333,87.544070675,53.6,15.461999927787792,4.943997516341698,24.693481,1,-0.4999999999999997,-0.8660254037844388,6.454166666666667,5.675,14.304166666666667,12.991666666666667,5.6125,5.816666666666666,25.541666666666668,21.625,19.625,2.908333333333333
2024-07-12,26.8,22.3,23.985,88.48112805833333,94.3,16.8329981393602,4.755000420283192,25.567604,1,-0.4999999999999997,-0.8660254037844388,5.3500000000000005,6.454166666666667,11.025,14.304166666666667,5.420833333333333,5.6125,28.08333333333333,25.541666666666668,18.666666666666668,2.033333333333333
2024-07-13,27.1,22.0,23.847916666666663,87.744898575,120.7,19.331996692122345,6.258006877584398,29.035288,1,-0.4999999999999997,-0.8660254037844388,2.908333333333333,5.3500000000000005,5.016666666666667,11.025,5.3,5.420833333333333,19.625,28.08333333333333,17.833333333333332,2.3375
2024-07-14,25.05,22.1,23.171666666666667,92.59124094166668,367.3,12.482999909014504,1.0109982686383023,20.532627,1,-0.4999999999999997,-0.8660254037844388,2.033333333333333,2.908333333333333,3.0583333333333336,5.016666666666667,4.504166666666666,5.3,18.666666666666668,19.625,19.416666666666668,5.995833333333334
2024-07-15,29.25,22.1,24.45833333333333,85.25720634166667,13.9,12.980999459126163,0.6300013214667172,20.5484,1,-0.4999999999999997,-0.8660254037844388,2.3375,2.033333333333333,3.575,3.0583333333333336,7.570833333333333,4.504166666666666,17.833333333333332,18.666666666666668,25.25,3.970833333333333
2024-07-16,30.05,21.85,24.714166666666664,82.297211475,8.7,12.582001129995588,8.21699911991789,28.954834,1,-0.4999999999999997,-0.8660254037844388,5.995833333333334,2.3375,12.504166666666668,3.575,7.979166666666667,7.570833333333333,19.416666666666668,17.833333333333332,20.125,2.529166666666667
2024-07-17,27.25,22.05,24.0675,88.13293996666667,74.5,14.025000444805936,6.16799940232192,25.318008,1,-0.4999999999999997,-0.8660254037844388,3.970833333333333,5.995833333333334,5.933333333333334,12.504166666666668,6.533333333333334,7.979166666666667,25.25,19.416666666666668,19.875,2.1
2024-07-18,26.65,22.6,24.12208333333333,87.4293728,33.0,19.139995452016727,5.652009594362036,27.887802,1,-0.4999999999999997,-0.8660254037844388,2.529166666666667,3.970833333333333,3.866666666666666,5.933333333333334,6.3875,6.533333333333334,20.125,25.25,21.95833333333333,1.6375
2024-07-19,25.85,22.5,23.83,88.40977159166667,36.2,16.046997977918803,6.261003644016858,29.522196,1,-0.4999999999999997,-0.8660254037844388,2.1,2.529166666666667,3.145833333333333,3.866666666666666,5.5125,6.3875,19.875,20.125,20.666666666666668,1.9208333333333327
2024-07-20,26.5,22.25,23.62333333333333,89.008596675,118.2,18.935996479733088,6.990009729705638,30.312773,1,-0.4999999999999997,-0.8660254037844388,1.6375,2.1,2.4,3.145833333333333,5.833333333333333,5.5125,21.95833333333333,19.875,20.5,1.9458333333333333
2024-07-21,27.3,22.25,24.07208333333333,87.242646275,52.0,20.30699423442548,6.921016040850031,29.09103,1,-0.4999999999999997,-0.8660254037844388,1.9208333333333327,1.6375,2.725,2.4,5.15,5.833333333333333,20.666666666666668,21.95833333333333,22.25,1.7458333333333331
2024-07-22,24.6,22.25,23.41875,91.00499933333334,94.7,21.848995391664847,7.59301288356558,31.170673,1,-0.4999999999999997,-0.8660254037844388,1.9458333333333333,1.9208333333333327,2.85,2.725,4.983333333333333,5.15,20.5,20.666666666666668,19.0,1.4458333333333335
2024-07-23,24.1,22.1,23.070833333333333,91.958487025,143.3,22.00799501821677,6.74101102772347,29.869154,1,-0.4999999999999997,-0.8660254037844388,1.7458333333333331,1.9458333333333333,2.654166666666667,2.85,4.6625000000000005,4.983333333333333,22.25,20.5,19.08333333333333,2.3625000000000003
2024-07-24,24.85,22.25,23.27458333333333,90.61840685833334,144.4,23.36999473103888,6.8370127264106095,32.933605,1,-0.4999999999999997,-0.8660254037844388,1.4458333333333335,1.7458333333333331,2.1625,2.654166666666667,4.8500000000000005,4.6625000000000005,19.0,22.25,21.33333333333333,3.220833333333333
2024-07-25,23.75,21.3,22.56958333333333,91.74691015833334,253.7,22.32899899343371,3.95099311793806,29.869154,1,-0.4999999999999997,-0.8660254037844388,2.3625000000000003,1.4458333333333335,3.5875,2.1625,4.4875,4.8500000000000005,19.08333333333333,19.0,25.45833333333333,6.2125
2024-07-26,25.5,21.9,23.40583333333333,89.5475016,71.3,23.039999728548132,4.529988807356365,28.528723,1,-0.4999999999999997,-0.8660254037844388,3.220833333333333,2.3625000000000003,5.0,3.5875,4.483333333333333,4.4875,21.33333333333333,19.08333333333333,20.416666666666668,5.795833333333333
2024-07-27,25.45,22.1,23.267083333333336,90.556545975,55.3,23.514002246615465,3.722976318572533,36.57501,1,-0.4999999999999997,-0.8660254037844388,6.2125,3.220833333333333,12.4125,5.0,4.420833333333333,4.483333333333333,25.45833333333333,21.33333333333333,21.83333333333333,3.208333333333333
2024-07-28,25.5,22.2,23.46916666666667,90.08781363333334,55.7,20.27099934222388,3.809989742716089,29.301878,1,-0.4999999999999997,-0.8660254037844388,5.795833333333333,6.2125,13.279166666666669,12.4125,4.345833333333333,4.420833333333333,20.416666666666668,25.45833333333333,17.875,3.575
2024-07-29,26.65,21.8,23.517083333333336,89.69464319166667,53.0,16.655998255749434,4.746000204396967,27.792374,1,-0.4999999999999997,-0.8660254037844388,3.208333333333333,5.795833333333333,5.533333333333334,13.279166666666669,6.595833333333334,4.345833333333333,21.83333333333333,20.416666666666668,19.33333333333333,4.5375000000000005
2024-07-30,27.75,21.55,24.266666666666666,85.50476590833334,39.6,15.014997267799874,6.078006475983231,26.476522,1,-0.4999999999999997,-0.8660254037844388,3.575,3.208333333333333,6.404166666666666,5.533333333333334,6.0125,6.595833333333334,17.875,21.83333333333333,19.45833333333333,3.995833333333333
2024-07-31,26.3,21.85,23.895416666666662,87.81276956666667,79.4,14.50499857623634,3.872998747328952,24.36591,1,-0.4999999999999997,-0.8660254037844388,4.5375000000000005,3.575,10.791666666666666,6.404166666666666,5.4625,6.0125,19.33333333333333,17.875,18.916666666666668,3.2
2024-08-01,26.8,22.05,24.009166666666665,85.76377271666667,20.6,18.716995978513637,5.790010088351919,29.168886,1,-0.8660254037844385,-0.5000000000000004,3.995833333333333,4.5375000000000005,7.508333333333333,10.791666666666666,6.033333333333334,5.4625,19.45833333333333,19.33333333333333,18.541666666666668,2.3833333333333333
2024-08-02,27.0,21.6,23.7575,86.37614291666667,48.0,20.71199604390866,7.542010953684165,30.735231,1,-0.8660254037844385,-0.5000000000000004,3.2,3.995833333333333,5.520833333333333,7.508333333333333,5.770833333333333,6.033333333333334,18.916666666666668,19.45833333333333,18.291666666666668,2.2416666666666667
2024-08-03,25.9,21.95,23.482916666666664,87.93879529166666,53.6,21.21599380317716,7.215016860978792,30.625402,1,-0.8660254037844385,-0.5000000000000004,2.3833333333333333,3.2,3.929166666666666,5.520833333333333,4.0,5.770833333333333,18.541666666666668,18.916666666666668,16.166666666666668,2.1333333333333333
2024-08-04,26.0,22.0,23.21708333333333,90.92588911666668,133.1,18.743997578275344,6.066005550086514,29.951483,1,-0.8660254037844385,-0.5000000000000004,2.2416666666666667,2.3833333333333333,3.583333333333333,3.929166666666666,4.2875000000000005,4.0,18.291666666666668,18.541666666666668,17.333333333333332,5.3125
2024-08-05,27.5,21.95,23.985416666666666,85.72307788333333,16.9,16.63799793334109,6.264005818324836,26.983194,1,-0.8660254037844385,-0.5000000000000004,2.1333333333333333,2.2416666666666667,3.1625,3.583333333333333,5.216666666666667,4.2875000000000005,16.166666666666668,18.291666666666668,23.0,4.645833333333333
2024-08-06,28.25,21.85,24.3675,83.199366325,10.0,16.118999740057113,3.4379943950472,26.220753,1,-0.8660254037844385,-0.5000000000000004,5.3125,2.1333333333333333,10.041666666666666,3.1625,4.704166666666667,5.216666666666667,17.333333333333332,16.166666666666668,19.33333333333333,4.654166666666667
2024-08-07,27.7,22.05,24.18958333333333,83.9881982,11.7,16.02299999650661,1.5449975099091295,24.863468,1,-0.8660254037844385,-0.5000000000000004,4.645833333333333,5.3125,9.0625,10.041666666666666,6.0125,4.704166666666667,23.0,17.333333333333332,22.875,6.504166666666666
2024-08-08,27.8,21.65,23.99083333333333,83.95234108333334,11.8,13.917000495579943,2.06999520252426,22.81957,1,-0.8660254037844385,-0.5000000000000004,4.654166666666667,4.645833333333333,10.666666666666666,9.0625,5.504166666666666,6.0125,19.33333333333333,23.0,29.75,6.0
2024-08-09,24.95,21.45,23.162916666666668,89.64885516666666,31.6,12.839999244521213,2.5409984803465004,20.240196,1,-0.8660254037844385,-0.5000000000000004,6.504166666666666,4.654166666666667,13.6,10.666666666666666,5.745833333333334,5.504166666666666,22.875,19.33333333333333,25.541666666666668,6.3375
2024-08-10,28.85,21.45,24.13958333333333,85.759688475,18.4,14.919000569774656,1.8119901939524223,23.084955,1,-0.8660254037844385,-0.5000000000000004,6.0,6.504166666666666,12.645833333333334,13.6,6.075,5.745833333333334,29.75,22.875,24.58333333333333,5.9375
2024-08-11,27.75,21.25,24.0225,83.96955000833333,7.3,14.46599983802188,2.174993030877926,24.119999,1,-0.8660254037844385,-0.5000000000000004,6.3375,6.0,12.879166666666668,12.645833333333334,5.3,6.075,25.541666666666668,29.75,26.791666666666668,7.8625
2024-08-12,28.35,21.15,24.20958333333333,84.14472917500001,7.7,12.068999822377528,1.355999511400682,21.611998,1,-0.8660254037844385,-0.5000000000000004,5.9375,6.3375,10.541666666666666,12.879166666666668,5.408333333333334,5.3,24.58333333333333,25.541666666666668,42.04166666666666,12.0375
2024-08-13,29.6,20.8,24.707083333333333,82.43221915000001,3.0,9.438000203767936,-0.3929980367004208,17.418196,1,-0.8660254037844385,-0.5000000000000004,7.8625,5.9375,13.279166666666669,10.541666666666666,6.895833333333333,5.408333333333334,26.791666666666668,24.58333333333333,55.208333333333336,17.470833333333335
2024-08-14,29.8,20.9,24.64,82.81094482499999,4.5,8.711999043104154,-1.854001043731951,18.899143,1,-0.8660254037844385,-0.5000000000000004,12.0375,7.8625,24.370833333333334,13.279166666666669,8.0375,6.895833333333333,42.04166666666666,26.791666666666668,67.41666666666667,20.683333333333334
2024-08-15,30.75,20.8,24.860833333333336,82.30978130833334,2.0,8.71799938367293,-0.7409979225268251,18.792551,1,-0.8660254037844385,-0.5000000000000004,17.470833333333335,12.0375,37.829166666666666,24.370833333333334,9.320833333333333,8.0375,55.208333333333336,42.04166666666666,62.625,15.558333333333332
2024-08-16,30.4,20.85,25.002916666666668,81.68592875833333,8.1,9.431999677197345,-0.9299996005349354,18.35647,1,-0.8660254037844385,-0.5000000000000004,20.683333333333334,17.470833333333335,46.64166666666667,37.829166666666666,9.504166666666666,9.320833333333333,67.41666666666667,55.208333333333336,60.333333333333336,20.191666666666663
2024-08-17,29.6,22.0,24.984583333333333,84.175209925,22.2,3.020999676082295,-1.1009999383491011,12.758432,1,-0.8660254037844385,-0.5000000000000004,15.558333333333332,20.683333333333334,33.8375,46.64166666666667,9.254166666666666,9.504166666666666,62.625,67.41666666666667,63.625,16.183333333333334
2024-08-18,28.8,22.1,24.479166666666668,89.70222877500001,167.4,1.1189998742843286,-0.797999790491184,9.47012,1,-0.8660254037844385,-0.5000000000000004,20.191666666666663,15.558333333333332,39.391666666666666,33.8375,11.541666666666666,9.254166666666666,60.333333333333336,62.625,62.54166666666666,17.516666666666666
2024-08-19,30.5,21.9,25.180416666666662,86.2264069,59.4,0.8789998877197431,-0.4529996313705334,12.538134,1,-0.8660254037844385,-0.5000000000000004,16.183333333333334,20.191666666666663,24.42083333333333,39.391666666666666,10.666666666666666,11.541666666666666,63.625,60.333333333333336,58.66666666666666,15.958333333333334
2024-08-20,30.1,21.65,24.97583333333333,85.80542783333334,50.0,0.8369994910496473,-0.4259997970548216,13.324863,1,-0.8660254037844385,-0.5000000000000004,17.516666666666666,16.183333333333334,24.98333333333333,24.42083333333333,10.670833333333334,10.666666666666666,62.54166666666666,63.625,53.41666666666666,13.495833333333332
2024-08-21,30.45,21.8,24.99458333333333,86.493287925,88.2,-0.5670000866889121,1.188000710557603,16.08761,1,-0.8660254037844385,-0.5000000000000004,15.958333333333334,17.516666666666666,22.754166666666663,24.98333333333333,9.558333333333334,10.670833333333334,58.66666666666666,62.54166666666666,62.54166666666666,18.704166666666666
2024-08-22,29.5,22.35,25.05375,86.91796264166666,56.9,2.639999922888536,-0.0989987345819234,12.181625,1,-0.8660254037844385,-0.5000000000000004,13.495833333333332,15.958333333333334,19.08333333333333,22.754166666666663,8.141666666666667,9.558333333333334,53.41666666666666,58.66666666666666,50.25,7.108333333333333
2024-08-23,28.15,21.9,24.269583333333333,89.23483546666667,137.4,7.122000336058917,5.288999450099954,19.453327,1,-0.8660254037844385,-0.5000000000000004,18.704166666666666,13.495833333333332,26.75,19.08333333333333,10.375,8.141666666666667,62.54166666666666,53.41666666666666,21.791666666666668,3.204166666666667
2024-08-24,24.15,21.85,22.7725,92.987523675,258.5,15.914998134395365,3.5370017497287285,22.104116,1,-0.8660254037844385,-0.5000000000000004,7.108333333333333,18.704166666666666,10.154166666666669,26.75,9.720833333333331,10.375,50.25,62.54166666666666,18.916666666666668,1.8375
2024-08-25,25.3,20.5,22.55958333333333,89.78295516666667,95.6,20.59499694024505,6.612004980266632,30.5173,1,-0.8660254037844385,-0.5000000000000004,3.204166666666667,7.108333333333333,4.579166666666667,10.154166666666669,8.408333333333333,9.720833333333331,21.791666666666668,50.25,21.125,2.833333333333333
2024-08-26,24.85,20.75,22.666666666666668,88.17028229166667,34.4,17.279997417240292,8.74800621368053,27.44749,1,-0.8660254037844385,-0.5000000000000004,1.8375,3.204166666666667,2.7291666666666665,4.579166666666667,3.883333333333333,8.408333333333333,18.916666666666668,21.791666666666668,18.58333333333333,2.1750000000000003
2024-08-27,26.5,20.8,23.17375,86.47334253333334,35.800000000000004,13.941000343069351,10.733998048727637,30.027107,1,-0.8660254037844385,-0.5000000000000004,2.833333333333333,1.8375,4.3625,2.7291666666666665,4.458333333333333,3.883333333333333,21.125,18.916666666666668,17.416666666666668,4.045833333333333
2024-08-28,27.25,21.3,23.655,84.77934423333333,21.9,16.815001512018824,10.112996115941636,31.235058,1,-0.8660254037844385,-0.5000000000000004,2.1750000000000003,2.833333333333333,3.408333333333333,4.3625,4.045833333333333,4.458333333333333,18.58333333333333,21.125,19.291666666666668,5.770833333333333
2024-08-29,27.65,21.7,24.08708333333333,84.69886572499999,8.6,13.81500088259314,7.121997288757518,25.683926,1,-0.8660254037844385,-0.5000000000000004,4.045833333333333,2.1750000000000003,7.491666666666667,3.408333333333333,4.020833333333333,4.045833333333333,17.416666666666668,18.58333333333333,24.75,5.320833333333334
2024-08-30,27.7,21.9,24.14708333333333,84.89175655833333,10.6,12.386998988381483,3.312001919688299,21.485697,1,-0.8660254037844385,-0.5000000000000004,5.770833333333333,4.045833333333333,12.583333333333334,7.491666666666667,4.7625,4.020833333333333,19.291666666666668,17.416666666666668,23.33333333333333,6.470833333333334
2024-08-31,26.1,21.05,23.41875,87.8984689,31.3,11.541000180161028,-1.2359954671195106,18.089775,1,-0.8660254037844385,-0.5000000000000004,5.320833333333334,5.770833333333333,13.5,12.583333333333334,5.1125,4.7625,24.75,19.291666666666668,33.083333333333336,8.795833333333333
2024-09-01,26.05,21.7,23.211666666666662,89.16158744166667,14.4,15.707999023273924,-2.459995240348421,22.963936,1,-1.0,-1.8369701987210297e-16,6.470833333333334,5.320833333333334,13.541666666666666,13.5,6.083333333333333,5.1125,23.33333333333333,24.75,32.625,5.2
2024-09-02,23.75,21.25,22.52833333333333,93.15395930833331,266.6,14.808000032785383,0.453000600445047,19.917469,1,-1.0,-1.8369701987210297e-16,8.795833333333333,6.470833333333334,18.316666666666663,13.541666666666666,8.941666666666666,6.083333333333333,33.083333333333336,23.33333333333333,18.33333333333333,4.375
2024-09-03,26.5,21.4,23.66708333333333,87.318908275,47.9,15.290999374155708,2.303997157256032,22.3229,1,-1.0,-1.8369701987210297e-16,5.2,8.795833333333333,9.970833333333331,18.316666666666663,9.15,8.941666666666666,32.625,33.083333333333336,21.58333333333333,5.7
2024-09-04,26.75,21.95,23.891666666666666,85.90476293333333,8.700000000000001,16.55700036969797,1.895989463079426,24.50381,1,-1.0,-1.8369701987210297e-16,4.375,5.2,7.870833333333334,9.970833333333331,5.9375,9.15,18.33333333333333,32.625,24.291666666666668,5.2875000000000005
2024-09-05,27.45,21.95,23.85125,86.99151044166666,82.7,16.236000004920452,2.8649904372601216,24.122683,1,-1.0,-1.8369701987210297e-16,5.7,4.375,11.2875,7.870833333333334,5.404166666666666,5.9375,21.58333333333333,18.33333333333333,22.0,5.866666666666667
2024-09-06,26.65,21.2,23.55708333333333,86.57667310000001,9.4,15.91800023920489,1.7009912993262974,25.56,1,-1.0,-1.8369701987210297e-16,5.2875000000000005,5.7,9.295833333333333,11.2875,5.604166666666667,5.404166666666666,24.291666666666668,21.58333333333333,28.041666666666668,6.1375
2024-09-07,27.75,21.9,24.102916666666665,84.21297331666666,8.5,14.043000554195872,1.418992153343464,24.187069,1,-1.0,-1.8369701987210297e-16,5.866666666666667,5.2875000000000005,11.220833333333331,9.295833333333333,5.8500000000000005,5.604166666666667,22.0,24.291666666666668,24.0,5.9625
2024-09-08,28.35,21.65,24.12541666666667,83.81634999166666,7.5,13.317000636827457,1.0229938268495196,19.917469,1,-1.0,-1.8369701987210297e-16,6.1375,5.866666666666667,10.8625,11.220833333333331,5.9375,5.8500000000000005,28.041666666666668,22.0,24.875,5.445833333333333
2024-09-09,28.6,21.85,24.104166666666668,84.72188979166667,15.8,13.458000323453142,0.7859940610993258,21.647945,1,-1.0,-1.8369701987210297e-16,5.9625,6.1375,9.9375,10.8625,5.929166666666667,5.9375,24.0,28.041666666666668,23.166666666666668,5.5125
2024-09-10,28.2,21.6,23.70375,86.48764273333333,54.5,12.029999711413035,2.888995620561809,19.48661,1,-1.0,-1.8369701987210297e-16,5.445833333333333,5.9625,8.316666666666666,9.9375,6.304166666666667,5.929166666666667,24.875,24.0,22.916666666666668,4.258333333333334
2024-09-11,28.15,21.65,23.927916666666665,83.803176125,11.5,13.388998901945818,4.911002786255572,21.188072,1,-1.0,-1.8369701987210297e-16,5.5125,5.445833333333333,8.4125,8.316666666666666,6.433333333333334,6.304166666666667,23.166666666666668,24.875,23.25,9.5125
2024-09-12,28.15,21.05,23.67,82.30213749166666,1.7,15.164997254101246,5.031005735824199,25.277023,1,-1.0,-1.8369701987210297e-16,4.258333333333334,5.5125,6.2125,8.4125,5.675,6.433333333333334,22.916666666666668,23.166666666666668,48.333333333333336,11.4875
2024-09-13,27.6,20.2,23.202916666666667,83.01412996666666,3.0,13.133997103331994,3.7440050965782192,22.027763,1,-1.0,-1.8369701987210297e-16,9.5125,4.258333333333334,20.866666666666667,6.2125,5.695833333333333,5.675,23.25,22.916666666666668,40.125,8.058333333333334
2024-09-14,27.5,20.05,23.18583333333333,82.79240238333334,4.5,13.109998036514616,4.602004107774207,23.051247,1,-1.0,-1.8369701987210297e-16,11.4875,9.5125,30.29583333333333,20.866666666666667,5.620833333333334,5.695833333333333,48.333333333333336,23.25,30.45833333333333,8.0
2024-09-15,27.25,19.8,22.92625,84.851982775,9.2,12.21600048389048,1.2270019898697295,22.392462,1,-1.0,-1.8369701987210297e-16,8.058333333333334,11.4875,16.029166666666665,30.29583333333333,5.95,5.620833333333334,40.125,48.333333333333336,45.625,12.4125
2024-09-16,28.5,19.4,23.741666666666667,80.0251924,5.0,10.511999545650722,-1.2329988679596071,17.114204,1,-1.0,-1.8369701987210297e-16,8.0,8.058333333333334,14.095833333333331,16.029166666666665,6.8,5.95,30.45833333333333,40.125,56.54166666666666,20.7875
2024-09-17,28.6,18.95,22.863333333333333,80.16388149166667,6.5,10.128000015710992,-2.069998892210552,17.072504,1,-1.0,-1.8369701987210297e-16,12.4125,8.0,24.2625,14.095833333333331,7.316666666666666,6.8,45.625,30.45833333333333,75.95833333333333,24.23333333333333
2024-09-18,28.6,18.6,23.04458333333333,78.98222800833334,0.1,8.66400044890587,0.1500013034838253,14.05845,1,-1.0,-1.8369701987210297e-16,20.7875,12.4125,42.4875,24.2625,9.395833333333334,7.316666666666666,56.54166666666666,45.625,72.0,22.191666666666663
2024-09-19,29.2,20.15,23.904166666666665,80.00642965,0.7,6.818999507250478,-0.4439985699932951,15.315873,1,-1.0,-1.8369701987210297e-16,24.23333333333333,20.7875,52.125,42.4875,9.975,9.395833333333334,75.95833333333333,56.54166666666666,76.75,24.8625
2024-09-20,28.7,21.4,23.97625,85.21117245833334,32.2,7.982999859329223,-1.3499993546310307,14.88242,1,-1.0,-1.8369701987210297e-16,22.191666666666663,24.23333333333333,43.45,52.125,11.1,9.975,72.0,75.95833333333333,76.83333333333333,26.308333333333334
2024-09-21,30.1,20.8,24.082083333333333,84.57024185,24.0,8.550000293615742,-2.15999880350846,17.782688,1,-1.0,-1.8369701987210297e-16,24.8625,22.191666666666663,43.49583333333334,43.45,11.7875,11.1,76.75,72.0,83.95833333333333,29.525
2024-09-22,30.5,20.9,24.374166666666667,84.44663085833334,42.4,6.617999950758565,-4.385998531618662,15.815435,1,-1.0,-1.8369701987210297e-16,26.308333333333334,24.8625,43.24583333333334,43.49583333333334,11.008333333333333,11.7875,76.83333333333333,76.75,83.79166666666667,23.479166666666668
2024-09-23,29.3,21.2,23.87625,89.70010125,164.70000000000002,4.251000045607173,-1.835998828149829,14.20062,1,-1.0,-1.8369701987210297e-16,29.525,26.308333333333334,48.25416666666666,43.24583333333334,10.2,11.008333333333333,83.95833333333333,76.83333333333333,61.54166666666666,14.158333333333331
2024-09-24,29.7,21.8,24.30875,89.685459375,97.2,4.169999559373168,-1.791000818589772,15.124284,1,-1.0,-1.8369701987210297e-16,23.479166666666668,29.525,35.25833333333333,48.25416666666666,9.925,10.2,83.79166666666667,83.95833333333333,44.875,5.55
2024-09-25,27.9,21.35,23.57208333333333,91.91168344166668,223.3,6.527999556026335,0.9284997514932456,15.481048,1,-1.0,-1.8369701987210297e-16,14.158333333333331,23.479166666666668,20.72083333333333,35.25833333333333,10.0125,9.925,61.54166666666666,83.79166666666667,24.625,3.6625
2024-09-26,26.15,21.3,23.10708333333333,88.67267985,35.5,13.697999736035287,7.4025003154255105,22.702845,1,-1.0,-1.8369701987210297e-16,5.55,14.158333333333331,7.916666666666667,20.72083333333333,10.645833333333334,10.0125,44.875,61.54166666666666,20.875,5.416666666666667
2024-09-27,26.25,21.75,23.267916666666668,88.00877291666667,17.4,16.57349918742715,8.079001812944753,28.11056,1,-1.0,-1.8369701987210297e-16,3.6625,5.55,5.2625,7.916666666666667,5.166666666666667,10.645833333333334,24.625,44.875,23.08333333333333,4.233333333333333
2024-09-28,27.95,21.05,23.89958333333333,85.66019199166666,6.1000000000000005,12.443997513695365,4.068006038075966,20.656126,1,-1.0,-1.8369701987210297e-16,5.416666666666667,3.6625,8.8375,5.2625,4.729166666666667,5.166666666666667,20.875,24.625,32.75,11.325
2024-09-29,28.8,20.35,23.966666666666665,85.93288585,10.3,8.926499893802212,0.718498470429766,17.11515,1,-1.0,-1.8369701987210297e-16,4.233333333333333,5.416666666666667,6.625,8.8375,5.629166666666666,4.729166666666667,23.08333333333333,20.875,55.29166666666666,20.9625
2024-09-30,30.35,20.7,24.97416666666667,81.90599183333333,0.0,4.169999749921585,-1.0034998602358216,10.483357,0,-1.0,-1.8369701987210297e-16,11.325,4.233333333333333,17.566666666666666,6.625,9.4875,5.629166666666666,32.75,23.08333333333333,90.91666666666669,33.1875
2024-10-01,30.95,21.5,25.67708333333333,82.95885068333334,1.1,1.3859995791914934,0.7094998767866544,10.070353,1,-0.8660254037844386,0.5000000000000001,20.9625,11.325,31.745833333333334,17.566666666666666,21.695833333333336,9.4875,55.29166666666666,32.75,94.70833333333331,31.3375
2024-10-02,31.05,21.25,24.75708333333333,87.54308001666666,18.0,6.338999845818355,0.6225002272813378,14.892213,1,-0.8660254037844386,0.5000000000000001,33.1875,20.9625,48.6875,31.745833333333334,20.10833333333333,21.695833333333336,90.91666666666669,55.29166666666666,82.41666666666667,21.891666666666666
2024-10-03,30.15,20.5,24.324166666666667,85.75467881666667,10.9,9.007500046613782,0.2265012526649163,16.563911,1,-0.8660254037844386,0.5000000000000001,31.3375,33.1875,45.54166666666666,48.6875,19.28333333333333,20.10833333333333,94.70833333333331,90.91666666666669,65.125,18.4375
2024-10-04,29.05,19.95,23.77375,85.925161725,4.4,8.497499702467625,-0.1739996155120616,16.451052,1,-0.8660254037844386,0.5000000000000001,21.891666666666666,31.3375,32.7,45.54166666666666,7.945833333333333,19.28333333333333,82.41666666666667,94.70833333333331,64.125,22.22083333333333
2024-10-05,29.85,19.6,23.9825,81.829767075,0.0,4.729499560545886,-1.4025004934117604,13.149859,0,-0.8660254037844386,0.5000000000000001,18.4375,21.891666666666666,27.8125,32.7,9.2125,7.945833333333333,65.125,82.41666666666667,95.0,41.55416666666667
2024-10-06,29.6,20.35,24.425416666666667,81.63466223333333,4.0,-7.025999542613895,-1.0499998493011946,17.515581,1,-0.8660254037844386,0.5000000000000001,22.22083333333333,18.4375,33.80833333333333,27.8125,14.295833333333334,9.2125,64.125,65.125,111.66666666666669,39.74583333333333
2024-10-07,30.8,20.55,25.38,74.50615378333333,0.0,-8.196000165337413,-0.182998961583735,17.280937,0,-0.8660254037844386,0.5000000000000001,41.55416666666667,22.22083333333333,63.6,33.80833333333333,11.908333333333331,14.295833333333334,95.0,64.125,109.54166666666669,41.016666666666666
2024-10-08,30.7,20.9,25.40458333333333,75.626383125,2.2,-6.505499914836302,-0.8309998620527349,12.682018,1,-0.8660254037844386,0.5000000000000001,39.74583333333333,41.55416666666667,62.41666666666666,63.6,9.4125,11.908333333333331,111.66666666666669,95.0,110.20833333333331,31.9625
2024-10-09,28.05,20.7,24.051666666666662,83.51360435,20.1,-5.515500108858841,0.9809998372330312,13.891522,1,-0.8660254037844386,0.5000000000000001,41.016666666666666,39.74583333333333,64.24583333333334,62.41666666666666,14.504166666666668,9.4125,109.54166666666669,111.66666666666669,69.5,12.425
2024-10-10,28.95,21.0,23.845,84.82794789166665,25.4,-11.047500555411888,3.1634976947985565,24.162947,1,-0.8660254037844386,0.5000000000000001,31.9625,41.016666666666666,48.7,64.24583333333334,8.966666666666667,14.504166666666668,110.20833333333331,109.54166666666669,47.0,11.095833333333331
2024-10-11,29.4,20.5,24.102500000000003,84.94437853333334,49.7,-8.149500735261489,2.4494996189059024,22.127556,1,-0.8660254037844386,0.5000000000000001,12.425,31.9625,18.0625,48.7,6.275,8.966666666666667,69.5,110.20833333333331,50.54166666666666,14.4625
2024-10-12,29.75,20.75,24.202916666666667,86.10107974166667,31.3,-6.619500374364879,1.92299947623646,17.356705,1,-0.8660254037844386,0.5000000000000001,11.095833333333331,12.425,16.120833333333334,18.0625,7.479166666666667,6.275,47.0,69.5,54.91666666666666,14.291666666666666
2024-10-13,30.05,20.05,24.02541666666667,86.033548975,32.8,-4.510500223930402,2.0805000600539785,16.674063,1,-0.8660254037844386,0.5000000000000001,14.4625,11.095833333333331,21.025,16.120833333333334,10.325,7.479166666666667,50.54166666666666,47.0,56.75,15.216666666666669
2024-10-14,29.4,19.65,24.078333333333333,84.47456554166666,30.5,-5.846998960553212,1.4520030424904455,19.623302,1,-0.8660254037844386,0.5000000000000001,14.291666666666666,14.4625,20.89583333333333,21.025,11.933333333333332,10.325,54.91666666666666,50.54166666666666,58.833333333333336,19.08333333333333
2024-10-15,28.9,20.35,23.929166666666667,85.651698525,25.5,-4.446000100233151,0.2055019100127378,12.2519045,1,-0.8660254037844386,0.5000000000000001,15.216666666666669,14.291666666666666,22.125,20.89583333333333,13.891666666666666,11.933333333333332,56.75,54.91666666666666,71.625,22.89583333333333
2024-10-16,29.9,21.1,24.37125,84.455754825,59.7,-5.785500184560759,0.5850001749959303,14.975741,1,-0.8660254037844386,0.5000000000000001,19.08333333333333,15.216666666666669,27.52083333333333,22.125,11.516666666666666,13.891666666666666,58.833333333333336,56.75,70.54166666666667,19.9
2024-10-17,28.95,21.45,23.91708333333333,87.51756003333334,35.9,-8.06700038444787,-1.4369987907483193,14.897651,1,-0.8660254037844386,0.5000000000000001,22.89583333333333,19.08333333333333,32.99583333333333,27.52083333333333,17.654166666666665,11.516666666666666,71.625,58.833333333333336,58.54166666666666,12.979166666666666
2024-10-18,29.8,20.7,24.260416666666668,86.71225479166667,84.9,-8.72249895012198,2.2725019978699104,21.173542,1,-0.8660254037844386,0.5000000000000001,19.9,22.89583333333333,28.67083333333333,32.99583333333333,10.245833333333334,17.654166666666665,70.54166666666667,71.625,53.29166666666666,13.141666666666666
2024-10-19,29.85,20.5,23.695416666666667,88.47028395833333,86.60000000000001,-3.1890000151647584,1.3755001060007346,12.979984,1,-0.8660254037844386,0.5000000000000001,12.979166666666666,19.9,19.141666666666666,28.67083333333333,9.541666666666666,10.245833333333334,58.54166666666666,70.54166666666667,47.083333333333336,11.020833333333334
2024-10-20,28.2,20.65,23.44125,87.68949610833333,31.3,-4.201500307339274,-0.9044993377452684,12.487641,1,-0.8660254037844386,0.5000000000000001,13.141666666666666,12.979166666666666,18.9625,19.141666666666666,7.225,9.541666666666666,53.29166666666666,58.54166666666666,49.708333333333336,13.35
2024-10-21,27.8,19.4,23.5025,85.79559312500001,32.4,-5.656500122157016,0.7439985914984244,12.708816,1,-0.8660254037844386,0.5000000000000001,11.020833333333334,13.141666666666666,15.804166666666667,18.9625,10.05,7.225,47.083333333333336,53.29166666666666,57.29166666666666,17.254166666666666
2024-10-22,28.45,19.3,24.03333333333333,84.07558059166666,1.2000000000000002,-4.9920001848494975,0.0134995157590013,8.863972,1,-0.8660254037844386,0.5000000000000001,13.35,11.020833333333334,19.35,15.804166666666667,8.508333333333333,10.05,49.708333333333336,47.083333333333336,69.20833333333333,26.1
2024-10-23,29.3,19.3,24.08333333333333,81.39040985,1.6,-6.547499940080244,-1.7819987749815511,11.953409,1,-0.8660254037844386,0.5000000000000001,17.254166666666666,13.35,24.85833333333333,19.35,9.525,8.508333333333333,57.29166666666666,49.708333333333336,97.58333333333331,47.18333333333334
2024-10-24,29.3,18.1,23.84583333333333,71.46113639166667,0.0,-3.880500143887197,-1.0364994539058727,11.098865,0,-0.8660254037844386,0.5000000000000001,26.1,17.254166666666666,37.7375,24.85833333333333,11.641666666666666,9.525,69.20833333333333,57.29166666666666,147.95833333333334,55.12916666666666
2024-10-25,29.45,16.3,23.532916666666665,61.872757325,0.0,-0.8385009388914649,-2.3789997702448407,12.57426,0,-0.8660254037844386,0.5000000000000001,47.18333333333334,26.1,75.02499999999999,37.7375,18.325,11.641666666666666,97.58333333333331,69.20833333333333,125.5,39.7625
2024-10-26,29.75,16.55,23.08791666666667,69.95500215,0.0,-0.9254997748806582,-2.2544999190071557,11.753876,0,-0.8660254037844386,0.5000000000000001,55.12916666666666,47.18333333333334,91.7625,75.02499999999999,29.754166666666663,18.325,147.95833333333334,97.58333333333331,116.29166666666669,43.833333333333336
2024-10-27,31.05,17.3,24.024166666666662,67.71367263333333,0.0,1.3664993641540115,-2.4449997356807365,12.522619,0,-0.8660254037844386,0.5000000000000001,39.7625,55.12916666666666,63.04583333333333,91.7625,23.8625,29.754166666666663,125.5,147.95833333333334,131.08333333333334,49.24583333333334
2024-10-28,31.1,18.05,23.952916666666667,70.43551144166666,0.0,1.713000567932466,-2.150999560923537,17.489666,0,-0.8660254037844386,0.5000000000000001,43.833333333333336,39.7625,73.25,63.04583333333333,25.579166666666666,23.8625,116.29166666666669,125.5,145.75,55.88333333333333
2024-10-29,31.2,18.05,24.015416666666667,71.73715564166667,0.0,0.2369993752421705,-2.338499393937709,13.943901,0,-0.8660254037844386,0.5000000000000001,49.24583333333334,43.833333333333336,81.39583333333333,73.25,23.7625,25.579166666666666,131.08333333333334,116.29166666666669,139.08333333333334,53.20416666666667
2024-10-30,29.9,19.6,24.53458333333333,68.84786103333333,1.3,-3.286500023845347,-1.520999998110703,9.743304,1,-0.8660254037844386,0.5000000000000001,55.88333333333333,49.24583333333334,91.82083333333333,81.39583333333333,15.883333333333333,23.7625,145.75,131.08333333333334,150.375,57.075
2024-10-31,30.9,20.1,25.13791666666667,71.52540848333334,1.1,-5.281500306740787,0.3660012420243036,15.095336,1,-0.8660254037844386,0.5000000000000001,53.20416666666667,55.88333333333333,86.50416666666666,91.82083333333333,22.120833333333334,15.883333333333333,139.08333333333334,145.75,145.16666666666666,54.55
2024-11-01,30.35,19.75,25.17833333333333,70.82511050833334,0.9,-5.260500215543519,-2.6504991846817747,14.759999,1,-0.5000000000000004,0.8660254037844384,57.075,53.20416666666667,88.52916666666665,86.50416666666666,30.73333333333333,22.120833333333334,150.375,139.08333333333334,149.58333333333334,50.49166666666667
2024-11-02,30.35,18.1,24.37375,64.39544329166667,0.0,-6.2594995671172855,-1.157999778991595,14.440443,0,-0.5000000000000004,0.8660254037844384,54.55,57.075,79.39999999999999,88.52916666666665,23.579166666666666,30.73333333333333,145.16666666666666,150.375,123.125,46.833333333333336
2024-11-03,30.6,17.0,24.235416666666666,62.670658083333336,0.0,-5.928000435910875,-0.1605006029711159,14.490838,0,-0.5000000000000004,0.8660254037844384,50.49166666666667,54.55,75.3125,79.39999999999999,25.35,23.579166666666666,149.58333333333334,145.16666666666666,129.79166666666666,48.37083333333334
2024-11-04,30.1,18.4,24.35375,61.621819975,0.0,-4.954500147621971,-0.3345000892009775,14.275713,0,-0.5000000000000004,0.8660254037844384,46.833333333333336,50.49166666666667,70.99166666666666,75.3125,14.495833333333332,25.35,123.125,149.58333333333334,139.04166666666666,55.3625
2024-11-05,30.05,17.3,23.936666666666667,58.96914365833334,0.0,-3.841499685569953,0.0584996503944147,14.618837,0,-0.5000000000000004,0.8660254037844384,48.37083333333334,46.833333333333336,77.27916666666667,70.99166666666666,16.054166666666667,14.495833333333332,129.79166666666666,123.125,152.70833333333334,59.395833333333336
2024-11-06,31.5,16.75,23.83875,57.29136021666667,0.0,-3.3555001073693465,-2.5530005881205127,12.20023,0,-0.5000000000000004,0.8660254037844384,55.3625,48.37083333333334,90.575,77.27916666666667,19.9,16.054166666666667,139.04166666666666,129.79166666666666,137.91666666666666,52.975
2024-11-07,30.4,17.7,23.89958333333333,56.045018858333336,0.0,-4.710001052597864,-1.025999349148032,11.5115595,0,-0.5000000000000004,0.8660254037844384,59.395833333333336,55.3625,100.12083333333334,90.575,21.854166666666668,19.9,152.70833333333334,139.04166666666666,152.5,62.375
2024-11-08,30.5,17.45,23.74333333333333,55.54008458333333,0.0,-6.517500271653357,-0.5670005343289345,16.63126,0,-0.5000000000000004,0.8660254037844384,52.975,59.395833333333336,90.09166666666664,100.12083333333334,14.779166666666669,21.854166666666668,137.91666666666666,152.70833333333334,152.70833333333334,60.0375
2024-11-09,30.65,17.7,23.883333333333333,52.36077996666667,0.0,-5.122499302602676,-1.3635014587410494,14.759999,0,-0.5000000000000004,0.8660254037844384,62.375,52.975,103.58333333333331,90.09166666666664,12.004166666666668,14.779166666666669,152.5,137.91666666666666,152.33333333333334,60.4625
2024-11-10,29.55,17.55,23.399166666666662,55.17452131666666,0.0,-4.108499019591238,-1.7400001676746275,13.237039,0,-0.5000000000000004,0.8660254037844384,60.0375,62.375,101.55833333333334,103.58333333333331,11.4875,12.004166666666668,152.70833333333334,152.5,154.29166666666666,67.84166666666667
2024-11-11,29.95,16.65,22.97083333333333,55.82085789166667,0.0,-8.797499563536144,-1.0364987376719368,17.811815,0,-0.5000000000000004,0.8660254037844384,60.4625,60.0375,100.91666666666669,101.55833333333334,11.266666666666666,11.4875,152.33333333333334,152.70833333333334,155.70833333333334,60.325
2024-11-12,29.95,16.35,23.005,55.611559575,0.0,-7.147499843066798,-0.4064998005199251,16.208996,0,-0.5000000000000004,0.8660254037844384,67.84166666666667,60.4625,112.03333333333336,100.91666666666669,9.325,11.266666666666666,154.29166666666666,152.33333333333334,142.79166666666666,44.47083333333333
2024-11-13,30.15,16.85,23.620833333333334,57.44038226666667,0.0,-6.605999471169982,0.4125009006718124,14.687382,0,-0.5000000000000004,0.8660254037844384,60.325,67.84166666666667,87.34583333333335,112.03333333333336,12.929166666666667,9.325,155.70833333333334,154.29166666666666,104.75,38.625
2024-11-14,32.05,17.6,25.76,59.042595508333335,0.0,-6.151499719286883,0.3674998385569143,13.690654,0,-0.5000000000000004,0.8660254037844384,44.47083333333333,60.325,45.49166666666667,87.34583333333335,13.191666666666668,12.929166666666667,142.79166666666666,155.70833333333334,112.58333333333331,45.87083333333334
2024-11-15,31.8,20.65,25.46875,68.34278701666668,5.9,-3.5819996204901168,0.6120001808783161,13.306615,1,-0.5000000000000004,0.8660254037844384,38.625,44.47083333333333,39.1,45.49166666666667,16.291666666666668,13.191666666666668,104.75,142.79166666666666,150.58333333333334,66.91666666666667
2024-11-16,31.75,21.4,26.18958333333333,59.01014661666667,0.0,-5.983499481790082,0.3660006000616322,14.260953,0,-0.5000000000000004,0.8660254037844384,45.87083333333334,38.625,46.35416666666666,39.1,15.733333333333334,16.291666666666668,112.58333333333331,104.75,149.29166666666666,46.48333333333333
2024-11-17,31.4,17.35,24.62625,54.28351181666667,0.0,-7.490999758032187,-0.1875015681810241,15.865546,0,-0.5000000000000004,0.8660254037844384,66.91666666666667,45.87083333333334,67.59583333333333,46.35416666666666,27.6875,15.733333333333334,150.58333333333334,112.58333333333331,119.58333333333331,40.35833333333333
2024-11-18,29.5,16.25,22.584166666666665,51.27709995,0.0,-7.379999944826852,-0.7499991018400822,13.450708,0,-0.5000000000000004,0.8660254037844384,46.48333333333333,66.91666666666667,47.208333333333336,67.59583333333333,15.929166666666667,27.6875,149.29166666666666,150.58333333333334,122.16666666666669,52.22083333333333
2024-11-19,28.5,15.1,21.685,54.67746129166667,0.0,-6.272999691162857,-0.4319991152039402,13.708391,0,-0.5000000000000004,0.8660254037844384,40.35833333333333,46.48333333333333,41.625,47.208333333333336,10.25,15.929166666666667,119.58333333333331,149.29166666666666,140.66666666666666,52.25416666666666
2024-11-20,28.0,14.65,21.28875,55.28098829166667,0.0,-6.203999712314623,0.4199996386475197,14.33234,0,-0.5000000000000004,0.8660254037844384,52.22083333333333,40.35833333333333,53.45416666666667,41.625,11.483333333333334,10.25,122.16666666666669,119.58333333333331,143.75,58.4
2024-11-21,28.95,14.5,21.56958333333333,55.99810899166666,0.0,-3.99450024606498,-0.041999260828151,12.10157,0,-0.5000000000000004,0.8660254037844384,52.25416666666666,52.22083333333333,53.98333333333333,53.45416666666667,13.925,11.483333333333334,140.66666666666666,122.16666666666669,158.45833333333334,75.39166666666667
2024-11-22,29.15,13.95,21.761666666666667,59.63293599166666,0.0,-3.1560000967827406,-0.4680001013835584,10.055864,0,-0.5000000000000004,0.8660254037844384,58.4,52.25416666666666,60.59166666666667,53.98333333333333,23.491666666666664,13.925,143.75,140.66666666666666,160.25,77.56666666666666
2024-11-23,29.55,14.15,22.05625,58.94599680833333,0.0,-1.7864995082241906,-0.9225002039328488,10.120098,0,-0.5000000000000004,0.8660254037844384,75.39166666666667,58.4,77.6125,60.59166666666667,28.991666666666664,23.491666666666664,158.45833333333334,143.75,166.08333333333334,91.475
2024-11-24,29.0,14.8,21.939166666666665,59.04741833333333,0.0,-5.256000500151901,-0.8684991394117859,11.043261,0,-0.5000000000000004,0.8660254037844384,77.56666666666666,75.39166666666667,79.5625,77.6125,27.616666666666664,28.991666666666664,160.25,158.45833333333334,164.16666666666666,66.91666666666667
2024-11-25,28.2,14.1,20.984583333333333,53.91314685,0.0,-6.940499565655311,-1.2180012351019702,12.57426,0,-0.5000000000000004,0.8660254037844384,91.475,77.56666666666666,94.425,79.5625,21.5375,27.616666666666664,166.08333333333334,160.25,146.45833333333334,49.63333333333333
2024-11-26,27.65,13.6,20.52958333333333,51.27306393333333,0.0,-7.649999452690159,-1.255501094636611,12.688404,0,-0.5000000000000004,0.8660254037844384,66.91666666666667,91.475,71.08333333333333,94.425,10.804166666666667,21.5375,164.16666666666666,166.08333333333334,126.70833333333331,42.60416666666666
2024-11-27,27.65,12.55,20.27375,48.91309425,0.0,-6.988499640489334,-0.3255009666630475,12.673074,0,-0.5000000000000004,0.8660254037844384,49.63333333333333,66.91666666666667,52.4,71.08333333333333,9.429166666666667,10.804166666666667,146.45833333333334,164.16666666666666,116.70833333333331,37.7625
2024-11-28,27.65,12.8,19.99416666666667,46.746542825,0.0,-9.858000211575636,-1.3889985459872376,18.709612,0,-0.5000000000000004,0.8660254037844384,42.60416666666666,49.63333333333333,45.0,52.4,10.4875,9.429166666666667,126.70833333333331,146.45833333333334,98.83333333333331,36.4375
2024-11-29,27.4,12.3,19.8625,47.633356825,0.0,-6.80100006414482,-1.093499069228333,13.062098,0,-0.5000000000000004,0.8660254037844384,37.7625,42.60416666666666,40.425,45.0,7.995833333333334,10.4875,116.70833333333331,126.70833333333331,119.33333333333331,53.12916666666666
2024-11-30,28.15,12.8,20.835833333333333,54.26941585833333,0.0,-3.01949998818089,-1.21349994974686,10.4166975,0,-0.5000000000000004,0.8660254037844384,36.4375,37.7625,39.59583333333333,40.425,10.570833333333336,7.995833333333334,98.83333333333331,116.70833333333331,150.25,52.9
2024-12-01,29.2,14.55,23.1875,62.004095541666665,0.0,-4.255499824103867,-1.5990005056548884,10.8792095,0,-2.4492935982947064e-16,1.0,53.12916666666666,36.4375,55.66666666666666,39.59583333333333,20.45,10.570833333333336,119.33333333333331,98.83333333333331,108.75,24.875
2024-12-02,29.1,19.9,23.91375,71.81549536666667,1.9,-8.666999819988623,-2.566498391206699,15.602999,1,-2.4492935982947064e-16,1.0,52.9,53.12916666666666,54.06666666666666,55.66666666666666,21.5875,20.45,150.25,119.33333333333331,70.04166666666667,19.016666666666666
2024-12-03,30.15,20.65,24.850416666666668,75.524926675,5.4,-11.032500282067986,-0.8774985366041956,16.985935,1,-2.4492935982947064e-16,1.0,24.875,52.9,25.058333333333334,54.06666666666666,10.470833333333331,21.5875,108.75,150.25,64.375,20.179166666666667
2024-12-04,30.65,19.7,24.902916666666663,73.35330955833334,1.9,-6.115499955074212,1.780501148159101,17.311846,1,-2.4492935982947064e-16,1.0,19.016666666666666,24.875,19.183333333333334,25.058333333333334,6.8625,10.470833333333331,70.04166666666667,108.75,69.54166666666667,25.04583333333333
2024-12-05,31.75,20.25,25.461666666666662,67.89169711666666,0.8,-2.247000169593889,-0.6195001948075849,11.351422,1,-2.4492935982947064e-16,1.0,20.179166666666667,19.016666666666666,20.65833333333333,19.183333333333334,10.920833333333334,6.8625,64.375,70.04166666666667,88.5,35.77916666666667
2024-12-06,32.05,19.35,25.56875,67.11579420833333,0.1,-0.510000283398281,-0.944999598318924,9.0,1,-2.4492935982947064e-16,1.0,25.04583333333333,20.179166666666667,25.704166666666666,20.65833333333333,19.475,10.920833333333334,69.54166666666667,64.375,110.5,32.62083333333333
2024-12-07,32.3,17.05,24.485416666666666,57.88415648333333,0.0,4.985999659900494,-1.039499851110906,13.491598,0,-2.4492935982947064e-16,1.0,35.77916666666667,25.04583333333333,36.44166666666667,25.704166666666666,18.4,19.475,88.5,69.54166666666667,84.41666666666667,26.179166666666664
2024-12-08,30.5,14.95,22.85458333333333,50.562603425,0.0,5.064000042226172,-1.3364981378334586,14.440443,0,-2.4492935982947064e-16,1.0,32.62083333333333,35.77916666666667,33.041666666666664,36.44166666666667,18.59583333333333,18.4,110.5,88.5,86.125,33.7125
2024-12-09,29.65,13.7,21.732916666666664,48.89559019166666,0.0,-4.077000041267722,-2.677499402747564,12.5032,0,-2.4492935982947064e-16,1.0,26.179166666666664,32.62083333333333,26.6625,33.041666666666664,24.475,18.59583333333333,84.41666666666667,110.5,90.0,32.204166666666666
2024-12-10,28.4,14.15,21.532916666666665,57.89691646666667,0.0,-4.334999906225407,-0.8204992398241163,9.734987,0,-2.4492935982947064e-16,1.0,33.7125,26.179166666666664,34.3875,26.6625,25.4625,24.475,86.125,84.41666666666667,102.875,40.8
2024-12-11,29.35,15.7,22.185,58.23811615833333,0.0,-1.4250000787878292,-1.7745003780840105,9.693296,0,-2.4492935982947064e-16,1.0,32.204166666666666,33.7125,33.19166666666667,34.3875,16.729166666666668,25.4625,90.0,86.125,110.375,36.27916666666667
2024-12-12,28.9,15.05,21.56208333333333,56.91199626666666,0.0,-3.2459998920913664,-1.8419997080628143,10.837435,0,-2.4492935982947064e-16,1.0,40.8,32.204166666666666,41.35416666666666,33.19166666666667,16.316666666666666,16.729166666666668,102.875,90.0,92.625,27.77916666666667
2024-12-13,28.0,13.95,20.68125,53.869831275,0.0,-6.869999609412358,-1.1265002682182617,12.429127,0,-2.4492935982947064e-16,1.0,36.27916666666667,40.8,36.81666666666667,41.35416666666666,14.379166666666668,16.316666666666666,110.375,102.875,103.875,40.52916666666667
2024-12-14,27.85,12.85,19.789583333333333,50.290729866666666,0.0,-6.646499982546805,-0.8924991689550151,12.606426,0,-2.4492935982947064e-16,1.0,27.77916666666667,36.27916666666667,28.308333333333334,36.81666666666667,8.862499999999999,14.379166666666668,92.625,110.375,104.95833333333331,33.38333333333333
2024-12-15,27.95,11.4,19.570833333333333,51.142609500000006,0.0,-5.002499873203181,-1.1339989648269018,9.826088,0,-2.4492935982947064e-16,1.0,40.52916666666667,27.77916666666667,41.204166666666666,28.308333333333334,9.133333333333333,8.862499999999999,103.875,92.625,92.5,22.6125
2024-12-16,28.2,11.2,19.21375,43.04292215833333,0.0,-3.837000066669377,-1.486499267026933,9.984729,0,-2.4492935982947064e-16,1.0,33.38333333333333,40.52916666666667,33.920833333333334,41.204166666666666,11.479166666666666,9.133333333333333,104.95833333333331,103.875,92.0,37.329166666666666
2024-12-17,28.75,10.5,19.83875,48.222427466666666,0.0,-2.450999508805338,-0.6930003433043003,10.441551,0,-2.4492935982947064e-16,1.0,22.6125,33.38333333333333,23.025,33.920833333333334,14.654166666666669,11.479166666666666,92.5,104.95833333333331,125.33333333333331,51.66666666666666
2024-12-18,28.95,10.8,19.94083333333333,46.516785766666665,0.0,-1.0500000678451804,-0.897000504587552,8.461915,0,-2.4492935982947064e-16,1.0,37.329166666666666,22.6125,38.145833333333336,23.025,17.1125,14.654166666666669,92.0,92.5,148.95833333333334,57.30833333333334
2024-12-19,29.65,10.75,20.835416666666667,54.60451903333333,0.0,2.210999791525001,-0.6390001822842071,9.165871,0,-2.4492935982947064e-16,1.0,51.66666666666666,37.329166666666666,52.67083333333333,38.145833333333336,22.28333333333333,17.1125,125.33333333333331,92.0,160.83333333333334,68.8
2024-12-20,30.05,13.2,21.680416666666662,64.90463369166666,0.0,2.670000271076477,-0.3720001045253714,13.576582,0,-2.4492935982947064e-16,1.0,57.30833333333334,51.66666666666666,58.60833333333333,52.67083333333333,24.325,22.28333333333333,148.95833333333334,125.33333333333331,159.08333333333334,63.15
2024-12-21,30.25,15.05,21.848333333333336,73.70749645,0.0,3.672000179935965,0.856500343958912,14.027302,0,-2.4492935982947064e-16,1.0,68.8,57.30833333333334,69.69583333333334,58.60833333333333,18.20833333333333,24.325,160.83333333333334,148.95833333333334,139.41666666666666,46.0125
2024-12-22,29.55,16.05,21.414166666666667,77.26194752500001,0.0,5.239499639972892,0.3224996891964561,17.5931,0,-2.4492935982947064e-16,1.0,63.15,68.8,64.1375,69.69583333333334,14.9,18.20833333333333,159.08333333333334,160.83333333333334,119.83333333333331,44.10416666666666
2024-12-23,28.25,16.0,21.26833333333333,76.72628385833333,1.2000000000000002,4.505999927332599,0.5370007291755671,16.412603,1,-2.4492935982947064e-16,1.0,46.0125,63.15,47.075,64.1375,11.583333333333334,14.9,139.41666666666666,159.08333333333334,147.29166666666666,78.88333333333334
2024-12-24,28.2,16.55,21.947916666666668,71.87654298333334,0.6000000000000001,1.4864997047224755,0.6029998030840409,11.368535,1,-2.4492935982947064e-16,1.0,44.10416666666666,46.0125,45.4875,47.075,11.258333333333333,11.583333333333334,119.83333333333331,139.41666666666666,167.375,89.86666666666667
2024-12-25,30.0,16.0,23.247916666666665,65.91085015,0.0,-0.263999792096968,-0.1455003303809324,12.324414,0,-2.4492935982947064e-16,1.0,78.88333333333334,44.10416666666666,80.25833333333334,45.4875,14.370833333333332,11.258333333333333,147.29166666666666,119.83333333333331,158.95833333333334,50.725
2024-12-26,30.2,18.15,23.46708333333333,69.87032030833333,1.2000000000000002,-2.7854999804757585,2.41949967144052,14.378608,1,-2.4492935982947064e-16,1.0,89.86666666666667,78.88333333333334,91.39166666666668,80.25833333333334,21.191666666666663,14.370833333333332,167.375,147.29166666666666,99.33333333333331,24.791666666666668
2024-12-27,30.15,18.8,23.48875,74.36109909166666,13.2,-0.8130005333736164,3.583499569210693,14.230248,1,-2.4492935982947064e-16,1.0,50.725,89.86666666666667,51.76666666666667,91.39166666666668,23.604166666666668,21.191666666666663,158.95833333333334,167.375,66.66666666666667,23.604166666666668
2024-12-28,29.85,18.0,23.285,73.23710394166666,0.6000000000000001,2.06099993116502,0.2160000397857593,12.348052,1,-2.4492935982947064e-16,1.0,24.791666666666668,50.725,25.195833333333336,51.76666666666667,17.341666666666665,23.604166666666668,99.33333333333331,158.95833333333334,105.875,47.3
2024-12-29,30.6,18.45,23.984166666666667,65.80736774166667,0.8,-1.0184997219485925,-0.4169997286165118,8.709098,1,-2.4492935982947064e-16,1.0,23.604166666666668,24.791666666666668,24.179166666666664,25.195833333333336,14.220833333333331,17.341666666666665,66.66666666666667,99.33333333333331,133.95833333333334,45.8125
2024-12-30,30.65,17.9,23.804583333333333,60.9079648,0.0,-2.583000130099174,-1.1324997223068218,12.145665,0,-2.4492935982947064e-16,1.0,47.3,23.604166666666668,48.15,24.179166666666664,20.625,14.220833333333331,105.875,66.66666666666667,104.45833333333331,32.954166666666666
2024-12-31,30.25,17.05,23.50541666666667,57.63029578333333,0.0,-4.251000225556715,-1.3754992368008152,11.738705,0,-2.4492935982947064e-16,1.0,45.8125,47.3,46.9625,48.15,18.48333333333333,20.625,133.95833333333334,105.875,104.04166666666669,43.1625
2025-01-01,30.15,16.3,22.984166666666667,61.20593078333333,0.0,-5.413499191888206,-1.6740008072794088,12.251905,0,0.49999999999999994,0.8660254037844387,32.954166666666666,45.8125,33.77916666666667,46.9625,16.425,18.48333333333333,104.45833333333331,133.95833333333334,121.58333333333331,38.1625
2025-01-02,31.0,15.6,22.910416666666663,52.62817445833333,0.0,-6.91349957182871,-1.191000442254026,12.638512,0,0.49999999999999994,0.8660254037844387,43.1625,32.954166666666666,44.520833333333336,33.77916666666667,13.404166666666669,16.425,104.04166666666669,104.45833333333331,88.75,22.8375
2025-01-03,29.95,14.15,21.730416666666667,41.34591751666667,0.0,-7.570499921902652,-0.6974964310111951,15.351793,0,0.49999999999999994,0.8660254037844387,38.1625,43.1625,38.69166666666667,44.520833333333336,11.833333333333334,13.404166666666669,121.58333333333331,104.04166666666669,69.375,19.8
2025-01-04,30.35,13.25,21.83083333333333,38.79804863333333,0.0,-3.4454998318471834,-0.2190001866971121,11.91948,0,0.49999999999999994,0.8660254037844387,22.8375,38.1625,23.73333333333333,38.69166666666667,12.008333333333333,11.833333333333334,88.75,121.58333333333331,94.5,35.454166666666666
2025-01-05,30.75,13.4,21.91625,48.9349074,0.0,0.8505002178945615,-0.5039994820279629,9.144637,0,0.49999999999999994,0.8660254037844387,19.8,22.8375,20.15833333333333,23.73333333333333,19.05,12.008333333333333,69.375,88.75,144.83333333333334,64.82916666666667
2025-01-06,30.1,15.05,22.15875,53.21935281666666,0.0,1.6365001085907174,-1.307999874654547,11.132385,0,0.49999999999999994,0.8660254037844387,35.454166666666666,19.8,36.0375,20.15833333333333,28.15,19.05,94.5,69.375,149.66666666666666,48.75
2025-01-07,29.1,14.3,21.477083333333333,55.72742655,0.0,-5.8890004552451,-2.101499207743136,11.712454,0,0.49999999999999994,0.8660254037844387,64.82916666666667,35.454166666666666,65.22083333333333,36.0375,29.558333333333334,28.15,144.83333333333334,94.5,119.54166666666669,45.37916666666666
2025-01-08,28.35,14.2,21.21625,53.609311383333335,0.0,-6.532500249509405,-0.845998484174104,12.673074,0,0.49999999999999994,0.8660254037844387,48.75,64.82916666666667,49.15,65.22083333333333,18.416666666666668,29.558333333333334,149.66666666666666,144.83333333333334,120.0,42.25833333333333
2025-01-09,28.2,13.5,20.979166666666668,50.63022672499999,0.0,-6.480000142783348,0.8849991251876316,13.527572,0,0.49999999999999994,0.8660254037844387,45.37916666666666,48.75,46.48333333333333,49.15,10.154166666666669,18.416666666666668,119.54166666666669,149.66666666666666,128.95833333333334,55.01666666666667
2025-01-10,29.05,12.95,21.72375,54.49746258333333,0.0,-2.807999746292391,-0.3975001463904272,12.093534,0,0.49999999999999994,0.8660254037844387,42.25833333333333,45.37916666666666,43.1125,46.48333333333333,10.266666666666667,10.154166666666669,120.0,119.54166666666669,158.29166666666666,75.03333333333333
2025-01-11,30.15,14.75,22.016666666666666,59.01355885,0.0,2.9774998870693654,-0.3360000530904307,16.774803,0,0.49999999999999994,0.8660254037844387,55.01666666666667,42.25833333333333,55.99166666666667,43.1125,15.458333333333334,10.266666666666667,128.95833333333334,120.0,156.91666666666666,68.20416666666667
2025-01-12,30.15,15.45,22.767916666666668,60.861339091666665,0.0,-1.1100000704044082,-2.007000081658933,8.854829,0,0.49999999999999994,0.8660254037844387,75.03333333333333,55.01666666666667,76.1375,55.99166666666667,22.870833333333334,15.458333333333334,158.29166666666666,128.95833333333334,158.625,69.48333333333333
2025-01-13,30.25,16.55,23.160833333333336,58.467543725000006,0.0,-5.515499797446796,-0.6959999432156662,15.086748,0,0.49999999999999994,0.8660254037844387,68.20416666666667,75.03333333333333,68.97500000000001,76.1375,21.53333333333333,22.870833333333334,156.91666666666666,158.29166666666666,145.125,47.60416666666666
2025-01-14,31.3,16.35,23.862916666666667,56.67575480833333,0.0,-1.079999763713789,1.804500068554508,13.104198,0,0.49999999999999994,0.8660254037844387,69.48333333333333,68.20416666666667,70.29583333333333,68.97500000000001,11.633333333333333,21.53333333333333,158.625,156.91666666666666,134.25,46.54166666666666
2025-01-15,30.85,17.25,23.8625,65.14936690833333,2.1,0.2985000572709667,1.9304996654387332,12.492829,1,0.49999999999999994,0.8660254037844387,47.60416666666666,69.48333333333333,48.43333333333334,70.29583333333333,18.35833333333333,11.633333333333333,145.125,158.625,131.375,46.7
2025-01-16,31.1,17.15,24.10666666666667,58.99178246666667,0.0,-2.1855001102148983,-0.4889996541144983,13.441071,0,0.49999999999999994,0.8660254037844387,46.54166666666666,47.60416666666666,47.395833333333336,48.43333333333334,31.166666666666668,18.35833333333333,134.25,145.125,120.70833333333331,49.32083333333333
2025-01-17,29.9,16.4,23.454583333333336,53.84327614166667,0.0,-9.02999985898824,-0.6179997143179327,14.759999,0,0.49999999999999994,0.8660254037844387,46.7,46.54166666666666,47.29166666666666,47.395833333333336,27.929166666666664,31.166666666666668,131.375,134.25,132.58333333333334,47.1125
2025-01-18,29.4,15.45,22.405416666666667,48.843096675,0.0,-8.404500382166502,0.4860005245610557,14.587776,0,0.49999999999999994,0.8660254037844387,49.32083333333333,46.7,50.28333333333333,47.29166666666666,12.595833333333331,27.929166666666664,120.70833333333331,131.375,132.20833333333334,53.46666666666667
2025-01-19,30.6,15.05,22.84416666666667,48.82930319166667,0.0,-6.36150001372036,-1.3019992080701124,11.734564,0,0.49999999999999994,0.8660254037844387,47.1125,49.32083333333333,47.6625,50.28333333333333,8.6625,12.595833333333331,132.58333333333334,120.70833333333331,142.79166666666666,50.225
2025-01-20,30.75,15.15,23.07,45.268074641666665,0.0,-3.353999807021009,-0.9209996414941666,10.399576,0,0.49999999999999994,0.8660254037844387,53.46666666666667,47.1125,53.97083333333333,47.6625,12.258333333333333,8.6625,132.20833333333334,132.58333333333334,131.08333333333334,49.2625
2025-01-21,31.4,15.0,23.344583333333333,46.35065241666667,0.0,-0.8834997182921114,-1.0770000578724404,8.836514,0,0.49999999999999994,0.8660254037844387,50.225,53.46666666666667,50.7,53.97083333333333,15.483333333333334,12.258333333333333,142.79166666666666,132.20833333333334,151.70833333333334,58.3375
2025-01-22,32.35,15.15,23.834166666666665,48.77420003333334,0.0,0.572999617711434,-1.1655000084902398,10.534229,0,0.49999999999999994,0.8660254037844387,49.2625,50.225,49.8,50.7,23.525,15.483333333333334,131.08333333333334,142.79166666666666,157.125,70.33333333333333
2025-01-23,32.7,15.3,24.07208333333333,49.38598523333334,0.0,0.4755000317724983,-0.5310004590591791,12.181624,0,0.49999999999999994,0.8660254037844387,58.3375,49.2625,58.99583333333334,49.8,32.9,23.525,151.70833333333334,131.08333333333334,153.625,54.6625
2025-01-24,33.1,16.3,24.845,51.43390325833333,0.0,-0.8594998063908997,-0.7515004082660668,9.82279,0,0.49999999999999994,0.8660254037844387,70.33333333333333,58.3375,70.86666666666666,58.99583333333334,31.60833333333333,32.9,157.125,151.70833333333334,132.08333333333334,40.69583333333333
2025-01-25,33.95,17.5,25.227500000000003,43.81654398333333,0.0,-1.7834998197881278,-0.3750000549380724,9.580668,0,0.49999999999999994,0.8660254037844387,54.6625,70.33333333333333,55.13333333333333,70.86666666666666,26.83333333333333,31.60833333333333,153.625,157.125,103.91666666666669,35.40833333333333
2025-01-26,33.15,17.05,25.0125,43.356122625,0.0,-2.01449974020778,-0.6315001641828146,12.88981,0,0.49999999999999994,0.8660254037844387,40.69583333333333,54.6625,41.07083333333333,55.13333333333333,29.59166666666667,26.83333333333333,132.08333333333334,153.625,122.95833333333331,52.475
2025-01-27,33.55,15.95,25.24625,44.24103475833333,0.0,1.5059994694265078,-0.5909992634966665,7.689603,0,0.49999999999999994,0.8660254037844387,35.40833333333333,40.69583333333333,35.68333333333333,41.07083333333333,29.929166666666664,29.59166666666667,103.91666666666669,132.08333333333334,160.08333333333334,72.02916666666667
2025-01-28,34.0,17.25,25.199583333333333,46.4045183,0.0,4.105500008141866,-0.308999639516489,14.941085,0,0.49999999999999994,0.8660254037844387,52.475,35.40833333333333,52.94166666666666,35.68333333333333,39.35416666666666,29.929166666666664,122.95833333333331,103.91666666666669,170.08333333333334,77.36666666666666
2025-01-29,34.15,16.9,25.475416666666668,36.45524878333333,0.0,2.191499864642259,-1.2434995629334615,15.771329,0,0.49999999999999994,0.8660254037844387,72.02916666666667,52.475,72.53750000000001,52.94166666666666,34.55833333333333,39.35416666666666,160.08333333333334,122.95833333333331,157.75,56.99583333333334
2025-01-30,33.8,17.3,25.226666666666667,44.47253263333334,0.0,4.007999996962405,0.6765018699094083,17.477621,0,0.49999999999999994,0.8660254037844387,77.36666666666666,72.02916666666667,77.70833333333333,72.53750000000001,21.42083333333333,34.55833333333333,170.08333333333334,160.08333333333334,160.20833333333334,60.42916666666667
2025-01-31,33.3,16.2,24.4425,46.539929825,0.0,5.018999855529064,-0.1514977828188839,14.120538,0,0.49999999999999994,0.8660254037844387,56.99583333333334,77.36666666666666,57.17083333333333,77.70833333333333,20.779166666666665,21.42083333333333,157.75,170.08333333333334,132.29166666666666,36.86666666666667
2025-02-01,33.55,15.45,24.275,46.70807756666667,0.0,3.9419999056202064,-0.4169996829863839,15.922624,0,0.8660254037844386,0.5000000000000001,60.42916666666667,56.99583333333334,60.90416666666667,57.17083333333333,18.183333333333334,20.779166666666665,160.20833333333334,157.75,122.25,48.24583333333334
2025-02-02,32.95,16.7,25.070833333333333,44.38314916666666,0.0,1.3949998091782485,-1.417499906917382,15.14783,0,0.8660254037844386,0.5000000000000001,36.86666666666667,60.42916666666667,40.86666666666667,60.90416666666667,19.929166666666667,18.183333333333334,132.29166666666666,160.20833333333334,144.125,54.41666666666666
2025-02-03,34.1,17.85,25.254166666666663,45.7900317,0.0,1.826999809577031,1.3184994924019613,16.67795,0,0.8660254037844386,0.5000000000000001,48.24583333333334,36.86666666666667,52.8125,40.86666666666667,22.933333333333334,19.929166666666667,122.25,132.29166666666666,150.95833333333334,51.375
2025-02-04,33.85,17.1,24.80666666666667,46.84077556666667,0.0,3.958499453969636,-0.2309995591610176,21.365477,0,0.8660254037844386,0.5000000000000001,54.41666666666666,48.24583333333334,56.09166666666667,52.8125,23.275,22.933333333333334,144.125,122.25,126.125,42.270833333333336
2025-02-05,32.6,16.75,24.73875,40.7830305,0.0,-0.5235005172345066,-1.0860001473309924,19.800817,0,0.8660254037844386,0.5000000000000001,51.375,54.41666666666666,53.5875,56.09166666666667,18.0125,23.275,150.95833333333334,144.125,107.04166666666669,34.36666666666667
2025-02-06,33.9,17.3,25.320416666666667,42.51508655,0.0,-0.7724992914412524,0.37199939796656,13.878689,0,0.8660254037844386,0.5000000000000001,42.270833333333336,51.375,43.8375,53.5875,20.20833333333333,18.0125,126.125,150.95833333333334,130.66666666666666,54.65416666666667
2025-02-07,34.25,18.15,25.82875,44.08780359166667,0.0,0.8084999797284361,0.5700004367585475,14.685176,0,0.8660254037844386,0.5000000000000001,34.36666666666667,42.270833333333336,34.94166666666667,43.8375,16.083333333333332,20.20833333333333,107.04166666666669,126.125,154.375,70.08333333333333
2025-02-08,33.85,18.3,26.27125,42.428564916666666,0.0,-0.2864997743223852,-1.0829999655022244,14.589996,0,0.8660254037844386,0.5000000000000001,54.65416666666667,34.36666666666667,54.9375,34.94166666666667,21.116666666666667,16.083333333333332,130.66666666666666,107.04166666666669,160.625,79.74583333333334
2025-02-09,34.25,18.15,26.675833333333333,40.547009575,0.0,0.97650067391615,-1.0424996335558048,13.767352,0,0.8660254037844386,0.5000000000000001,70.08333333333333,54.65416666666667,70.38333333333334,54.9375,17.208333333333332,21.116666666666667,154.375,130.66666666666666,157.95833333333334,63.375
2025-02-10,34.1,19.3,26.675416666666667,37.193993225,0.0,2.893499134228809,-1.5840002406791842,15.779543,0,0.8660254037844386,0.5000000000000001,79.74583333333334,70.08333333333333,80.2375,70.38333333333334,19.95,17.208333333333332,160.625,154.375,151.70833333333334,51.1125
2025-02-11,34.0,18.1,26.08333333333333,37.26815401666667,0.0,4.089000300214865,-1.5150003518564297,17.794525,0,0.8660254037844386,0.5000000000000001,63.375,79.74583333333334,64.05416666666666,80.2375,20.59583333333333,19.95,157.95833333333334,160.625,148.0,52.52916666666667
2025-02-12,34.8,16.95,25.81083333333333,30.32258015833333,0.0,1.934999925689416,-2.308500073477468,12.830604,0,0.8660254037844386,0.5000000000000001,51.1125,63.375,51.61666666666667,64.05416666666666,18.23333333333333,20.59583333333333,151.70833333333334,157.95833333333334,108.04166666666669,26.4625
2025-02-13,34.4,16.3,25.535833333333336,31.755467308333333,0.0,-2.7570002521781287,-2.2844997897318837,10.706596,0,0.8660254037844386,0.5000000000000001,52.52916666666667,51.1125,53.47083333333333,51.61666666666667,21.925,18.23333333333333,148.0,151.70833333333334,78.70833333333333,26.683333333333334
2025-02-14,33.7,17.1,25.546666666666667,31.5705012,0.0,-3.7004993206713,-0.8115010133413516,12.007498,0,0.8660254037844386,0.5000000000000001,26.4625,52.52916666666667,34.87916666666667,53.47083333333333,19.2125,21.925,108.04166666666669,148.0,83.5,23.691666666666663
2025-02-15,34.7,16.25,26.020416666666662,26.668980641666668,0.0,-0.4350004339296945,-2.14649947883463,14.356058,0,0.8660254037844386,0.5000000000000001,26.683333333333334,26.4625,34.30416666666667,34.87916666666667,16.775000000000002,19.2125,78.70833333333333,108.04166666666669,84.54166666666667,26.8
2025-02-16,34.25,17.0,25.93166666666667,27.33512829583333,0.0,2.944499856964893,-1.15349998615607,13.259049,0,0.8660254037844386,0.5000000000000001,23.691666666666663,26.683333333333334,29.779166666666665,34.30416666666667,18.85833333333333,16.775000000000002,83.5,78.70833333333333,81.0,25.508333333333336
2025-02-17,35.35,16.35,26.60625,30.5680005,0.0,0.9165003305888244,-0.7605001501483809,12.931218,0,0.8660254037844386,0.5000000000000001,26.8,23.691666666666663,34.25,29.779166666666665,22.85,18.85833333333333,84.54166666666667,83.5,94.75,28.954166666666666
2025-02-18,34.9,17.75,26.515416666666667,36.23128870833333,0.0,1.8599998515813032,-0.8820000402931378,15.546833,0,0.8660254037844386,0.5000000000000001,25.508333333333336,26.8,33.09583333333333,34.25,24.325,22.85,81.0,84.54166666666667,93.29166666666669,31.15833333333333
2025-02-19,34.65,17.05,26.025,36.595641475,0.0,3.5009998752482816,-1.7999991704843772,16.418526,0,0.8660254037844386,0.5000000000000001,28.954166666666666,25.508333333333336,33.395833333333336,33.09583333333333,21.04583333333333,24.325,94.75,81.0,89.16666666666667,26.92083333333333
2025-02-20,34.9,17.35,26.48333333333333,30.2287424625,0.0,-1.6994995514591344,-0.9059998762121898,10.310402,0,0.8660254037844386,0.5000000000000001,31.15833333333333,28.954166666666666,37.8375,33.395833333333336,21.304166666666667,21.04583333333333,93.29166666666669,94.75,77.16666666666667,18.445833333333333
2025-02-21,34.4,18.45,26.73708333333333,30.933276766666665,0.0,-2.272499885787318,-1.7879995288777062,14.450537,0,0.8660254037844386,0.5000000000000001,26.92083333333333,31.15833333333333,33.520833333333336,37.8375,18.45,21.304166666666667,89.16666666666667,93.29166666666669,69.45833333333333,23.4625
2025-02-22,34.6,19.3,26.841666666666665,32.737935595833335,0.0,-1.176000202392787,-0.8010002643428593,13.392774,0,0.8660254037844386,0.5000000000000001,18.445833333333333,26.92083333333333,23.77083333333333,33.520833333333336,14.3625,18.45,77.16666666666667,89.16666666666667,85.20833333333333,28.495833333333334
2025-02-23,34.9,18.35,26.63083333333333,28.203021525,0.0,-1.318500051434904,-1.211999780249958,12.10157,0,0.8660254037844386,0.5000000000000001,23.4625,18.445833333333333,43.5875,23.77083333333333,16.541666666666668,14.3625,69.45833333333333,77.16666666666667,83.875,27.954166666666666
2025-02-24,34.05,18.4,26.52833333333333,27.044598416666663,0.0,-5.009999876619032,-0.6720002699024548,14.512064,0,0.8660254037844386,0.5000000000000001,28.495833333333334,23.4625,43.81666666666666,43.5875,20.625,16.541666666666668,85.20833333333333,69.45833333333333,95.04166666666669,32.12083333333333
2025-02-25,34.25,18.45,26.34375,31.743310916666665,0.0,-3.5699998404434803,-0.8835001373296163,14.450535,0,0.8660254037844386,0.5000000000000001,27.954166666666666,28.495833333333334,48.96666666666667,43.81666666666666,17.829166666666666,20.625,83.875,85.20833333333333,102.54166666666669,36.55833333333333
2025-02-26,33.95,18.4,26.662916666666668,34.7848898,0.0,-4.695000321421863,-0.2369996232098935,13.433838,0,0.8660254037844386,0.5000000000000001,32.12083333333333,27.954166666666666,53.84583333333333,48.96666666666667,19.675,17.829166666666666,95.04166666666669,83.875,103.5,35.729166666666664
2025-02-27,34.6,18.8,26.90041666666667,36.380574625,0.0,-1.945499767766634,0.1050000786733342,14.182355,0,0.8660254037844386,0.5000000000000001,36.55833333333333,32.12083333333333,45.00833333333333,53.84583333333333,19.03333333333333,19.675,102.54166666666669,95.04166666666669,140.04166666666666,59.82083333333333
2025-02-28,35.15,19.75,27.73708333333333,35.338783408333335,0.0,0.0255002075357763,-1.5675000295278438,17.085783,0,0.8660254037844386,0.5000000000000001,35.729166666666664,36.55833333333333,43.65416666666667,45.00833333333333,14.629166666666668,19.03333333333333,103.5,102.54166666666669,134.79166666666666,45.24166666666667
2025-03-01,36.6,19.75,27.840416666666663,37.1637598,0.0,1.7955002086578256,-0.256499762966718,18.218275,0,1.0,6.123233995736766e-17,59.82083333333333,35.729166666666664,65.07083333333334,43.65416666666667,26.15,14.629166666666668,140.04166666666666,103.5,116.91666666666669,39.079166666666666
2025-03-02,35.35,19.85,27.940416666666668,33.046598933333335,0.0,1.9814995300805731,-1.1760002810070342,15.856354,0,1.0,6.123233995736766e-17,45.24166666666667,59.82083333333333,50.25416666666666,65.07083333333334,20.1875,26.15,134.79166666666666,140.04166666666666,105.45833333333331,34.833333333333336
2025-03-03,37.35,19.55,28.70083333333333,26.52817071666667,0.0,1.4235009322579883,-3.637499261441684,19.770523,0,1.0,6.123233995736766e-17,39.079166666666666,45.24166666666667,47.275,50.25416666666666,14.316666666666668,20.1875,116.91666666666669,134.79166666666666,91.08333333333331,27.370833333333334
2025-03-04,36.6,20.85,28.2475,28.2524049,0.0,-2.398500612124254,-2.720999216499202,11.51578,0,1.0,6.123233995736766e-17,34.833333333333336,39.079166666666666,53.0625,47.275,18.1875,14.316666666666668,105.45833333333331,116.91666666666669,76.95833333333333,23.570833333333336
2025-03-05,35.2,18.8,26.99125,25.387269079166668,0.0,-3.865499433490991,-1.7010006541687417,13.237038,0,1.0,6.123233995736766e-17,27.370833333333334,34.833333333333336,49.35833333333333,53.0625,14.5125,18.1875,91.08333333333331,105.45833333333331,85.04166666666667,21.64583333333333
2025-03-06,35.3,17.0,26.290000000000003,20.46394164666667,0.0,-0.8610002521525905,-1.4729996008695097,10.9859,0,1.0,6.123233995736766e-17,23.570833333333336,27.370833333333334,46.6375,49.35833333333333,10.954166666666666,14.5125,76.95833333333333,91.08333333333331,86.16666666666667,28.116666666666664
2025-03-07,35.3,17.55,26.62375,23.121468225,0.0,-1.3949998011313818,-0.3150012600701476,10.00256,0,1.0,6.123233995736766e-17,21.64583333333333,23.570833333333336,24.516666666666666,46.6375,15.479166666666666,10.954166666666666,85.04166666666667,76.95833333333333,125.79166666666669,47.52916666666667
2025-03-08,36.9,17.15,27.70208333333333,26.71335235833333,0.0,3.818999714492532,-1.6934998456122494,16.18199,0,1.0,6.123233995736766e-17,28.116666666666664,21.64583333333333,30.60833333333333,24.516666666666666,22.08333333333333,15.479166666666666,86.16666666666667,85.04166666666667,115.75,37.34166666666667
2025-03-09,36.15,19.3,28.395416666666662,26.880928591666667,0.0,-1.9679989318145288,-0.4470001322163949,13.789691,0,1.0,6.123233995736766e-17,47.52916666666667,28.116666666666664,50.64166666666667,30.60833333333333,27.758333333333336,22.08333333333333,125.79166666666669,86.16666666666667,112.45833333333331,33.27916666666667
2025-03-10,36.75,20.2,28.84125,30.577465166666663,0.0,-5.239500600556497,1.1505008609596312,17.077248,0,1.0,6.123233995736766e-17,37.34166666666667,47.52916666666667,43.375,50.64166666666667,22.266666666666666,27.758333333333336,115.75,125.79166666666669,108.70833333333331,34.979166666666664
2025-03-11,36.6,20.65,29.032916666666665,33.902041383333334,0.0,-3.962999776659824,-0.8055000857147355,13.288341,0,1.0,6.123233995736766e-17,33.27916666666667,37.34166666666667,36.03333333333333,43.375,16.308333333333334,22.266666666666666,112.45833333333331,115.75,134.375,52.60416666666666
2025-03-12,37.15,20.45,28.90625,30.342185825,0.0,0.6630001192496101,-0.7530001254273055,14.857362,0,1.0,6.123233995736766e-17,34.979166666666664,33.27916666666667,37.8,36.03333333333333,16.25,16.308333333333334,108.70833333333331,112.45833333333331,157.91666666666666,63.4375
2025-03-13,37.8,21.45,29.37833333333333,35.209429175,0.0,4.370999725398732,0.0945003290639513,22.06377,0,1.0,6.123233995736766e-17,52.60416666666666,34.979166666666664,55.53333333333333,37.8,22.566666666666663,16.25,134.375,108.70833333333331,150.95833333333334,44.66666666666666
2025-03-14,38.0,20.8,29.49708333333333,26.4330759875,0.0,3.431999833876806,-0.3689999997848003,19.652176,0,1.0,6.123233995736766e-17,63.4375,52.60416666666666,67.32083333333334,55.53333333333333,15.766666666666667,22.566666666666663,157.91666666666666,134.375,116.79166666666669,28.8375
2025-03-15,37.1,20.6,29.12541666666667,25.355011341666668,0.0,3.4244999982754627,-0.6974993820033112,18.720863,0,1.0,6.123233995736766e-17,44.66666666666666,63.4375,50.84166666666667,67.32083333333334,13.316666666666668,15.766666666666667,150.95833333333334,157.91666666666666,99.95833333333331,25.141666666666666
2025-03-16,37.05,21.05,28.941666666666663,30.40687247916667,0.0,3.7949993404466382,-1.1925008181898986,21.36851,0,1.0,6.123233995736766e-17,28.8375,44.66666666666666,36.016666666666666,50.84166666666667,15.833333333333334,13.316666666666668,116.79166666666669,150.95833333333334,94.16666666666669,27.65416666666667
2025-03-17,37.15,20.9,28.5575,29.80332445,0.0,5.642999147178781,-2.659500729067577,18.32202,0,1.0,6.123233995736766e-17,25.141666666666666,28.8375,28.558333333333334,36.016666666666666,14.8,15.833333333333334,99.95833333333331,116.79166666666669,111.375,35.1875
2025-03-18,38.4,20.25,28.8375,28.358064079166663,0.0,3.751500025920908,-0.4050022082517308,24.884306,0,1.0,6.123233995736766e-17,27.65416666666667,25.141666666666666,38.99583333333333,28.558333333333334,15.316666666666668,14.8,94.16666666666669,99.95833333333331,120.33333333333331,35.8875
2025-03-19,37.9,20.5,28.33708333333333,33.45305105833334,0.0,6.605999876370531,-0.6405023631703205,21.04461,0,1.0,6.123233995736766e-17,35.1875,27.65416666666667,50.5375,38.99583333333333,18.1375,15.316666666666668,111.375,94.16666666666669,118.25,30.28333333333333
2025-03-20,36.8,20.4,28.29458333333333,21.52658025,0.0,6.088499367285775,-2.7405000053690225,19.084246,0,1.0,6.123233995736766e-17,35.8875,35.1875,44.94583333333333,50.5375,14.0625,18.1375,120.33333333333331,111.375,79.04166666666667,18.55
2025-03-21,35.35,18.55,26.870416666666664,35.02340335416667,0.0,6.112499032131179,-1.7625024918485392,20.20896,0,1.0,6.123233995736766e-17,30.28333333333333,35.8875,40.8,44.94583333333333,12.858333333333334,14.0625,118.25,120.33333333333331,88.58333333333333,23.695833333333336
2025-03-22,35.3,18.25,26.81625,39.349933829166666,0.0,3.3209999077347847,-0.7739996563052536,13.861168,0,1.0,6.123233995736766e-17,18.55,30.28333333333333,33.05416666666667,40.8,13.158333333333331,12.858333333333334,79.04166666666667,118.25,107.33333333333331,34.7625
2025-03-23,36.7,18.2,28.176666666666662,33.236684366666665,0.0,1.450500193878392,-0.2700002760188527,20.12461,0,1.0,6.123233995736766e-17,23.695833333333336,18.55,30.925,33.05416666666667,14.708333333333334,13.158333333333331,88.58333333333333,79.04166666666667,121.91666666666669,40.17916666666667
2025-03-24,37.65,20.6,29.06958333333333,35.247506599999994,0.0,-0.8580006728457614,-0.2265005964361515,16.267857,0,1.0,6.123233995736766e-17,34.7625,23.695833333333336,38.93333333333333,30.925,15.375,14.708333333333334,107.33333333333331,88.58333333333333,125.5,42.10416666666666
2025-03-25,37.45,20.6,28.76291666666667,35.275286015,0.0,3.876000115536228,-0.2519999306335129,22.553936,0,1.0,6.123233995736766e-17,40.17916666666667,34.7625,48.0,38.93333333333333,13.775,15.375,121.91666666666669,107.33333333333331,135.25,35.13333333333333
2025-03-26,37.4,20.0,28.17625,35.82843487916667,0.0,8.719499213422194,-1.3635011020721823,21.93121,0,1.0,6.123233995736766e-17,42.10416666666666,40.17916666666667,50.49583333333334,48.0,14.891666666666666,13.775,125.5,121.91666666666669,103.75,20.29583333333333
2025-03-27,36.55,20.15,27.65083333333333,42.5655537125,0.0,8.455499985274107,-2.316000058472602,24.193098,0,1.0,6.123233995736766e-17,35.13333333333333,42.10416666666666,41.62083333333333,50.49583333333334,10.6625,14.891666666666666,135.25,125.5,91.83333333333331,25.6875
2025-03-28,37.65,20.25,29.4675,38.80537158333333,0.0,2.5934987175903927,-1.2555006374511388,19.721298,0,1.0,6.123233995736766e-17,20.29583333333333,35.13333333333333,23.3375,41.62083333333333,12.629166666666668,10.6625,103.75,135.25,104.91666666666669,38.40833333333333
2025-03-29,37.75,23.05,30.68208333333333,27.731149275,0.0,-0.149999926565398,-0.9104994759211752,21.06615,0,1.0,6.123233995736766e-17,25.6875,20.29583333333333,30.9625,23.3375,14.1,12.629166666666668,91.83333333333331,103.75,129.91666666666666,43.18333333333334
2025-03-30,38.8,24.9,31.080416666666668,25.220491783333333,0.0,2.311500560320329,0.0075011135506893,22.0285,0,1.0,6.123233995736766e-17,38.40833333333333,25.6875,53.04583333333333,30.9625,14.358333333333334,14.1,104.91666666666669,91.83333333333331,159.16666666666666,54.44583333333333
2025-03-31,38.7,24.75,31.55708333333333,31.32522845,0.1,2.6804993354181423,0.0015004512600418,14.581111,1,1.0,6.123233995736766e-17,43.18333333333334,38.40833333333333,54.25833333333333,53.04583333333333,12.220833333333331,14.358333333333334,129.91666666666666,104.91666666666669,153.70833333333334,71.29166666666667
2025-04-01,35.7,22.6,29.08875,40.685742175,8.6,-3.685500436809426,-2.459999483122856,18.287502,1,0.8660254037844387,-0.4999999999999998,54.44583333333333,43.18333333333334,62.6875,54.25833333333333,11.941666666666668,12.220833333333331,159.16666666666666,129.91666666666666,164.25,81.79166666666667
2025-04-02,37.1,21.7,28.01375,51.67968935833333,26.6,-0.1830004787359483,0.8670004345481356,20.844278,1,0.8660254037844387,-0.4999999999999998,71.29166666666667,54.44583333333333,80.76666666666667,62.6875,13.458333333333334,11.941666666666668,153.70833333333334,159.16666666666666,161.16666666666666,67.27916666666667
2025-04-03,35.4,20.95,27.395416666666662,59.69414054166667,1.4,3.832499601024576,-1.3034994433689715,25.443748,1,0.8660254037844387,-0.4999999999999998,81.79166666666667,71.29166666666667,92.43333333333334,80.76666666666667,7.058333333333334,13.458333333333334,164.25,153.70833333333334,154.875,58.61666666666667
2025-04-04,36.7,20.0,27.49375,54.479677300000006,0.0,0.8145000257782536,-2.4674998408288147,21.53089,0,0.8660254037844387,-0.4999999999999998,67.27916666666667,81.79166666666667,73.54166666666667,92.43333333333334,16.3875,7.058333333333334,161.16666666666666,164.25,138.625,39.375
2025-04-05,37.4,21.05,29.374166666666667,31.829442975,0.0,-1.641000426535367,-1.3484991915593625,14.197196,0,0.8660254037844387,-0.4999999999999998,58.61666666666667,67.27916666666667,63.9875,73.54166666666667,17.42083333333333,16.3875,154.875,161.16666666666666,100.375,25.8875
2025-04-06,39.55,21.65,30.23,28.49519660833333,0.0,0.8954996066253589,-1.837499888603872,22.963936,0,0.8660254037844387,-0.4999999999999998,39.375,58.61666666666667,45.52916666666667,63.9875,17.858333333333334,17.42083333333333,138.625,154.875,86.75,24.1875
2025-04-07,39.5,22.05,31.31583333333333,21.693533416666664,0.0,-0.0510002831341153,-0.7769990800372352,20.160803,0,0.8660254037844387,-0.4999999999999998,25.8875,39.375,37.62916666666667,45.52916666666667,20.42083333333333,17.858333333333334,100.375,138.625,89.75,28.991666666666664
2025-04-08,40.35,22.2,31.625833333333333,23.321737625,0.0,-1.6154992102252907,-2.9489999374339506,16.63905,0,0.8660254037844387,-0.4999999999999998,24.1875,25.8875,34.833333333333336,37.62916666666667,17.516666666666666,20.42083333333333,86.75,100.375,120.625,39.61666666666667
2025-04-09,40.1,21.65,30.83083333333333,40.25834030416667,0.0,2.4765008017025134,-2.0640010649731724,19.530622,0,0.8660254037844387,-0.4999999999999998,28.991666666666664,24.1875,43.07916666666667,34.833333333333336,18.716666666666665,17.516666666666666,89.75,86.75,102.45833333333331,25.4
2025-04-10,38.65,20.35,28.723333333333336,53.13789112916667,0.0,10.415999425537912,-1.3514995923787871,22.832346,0,0.8660254037844387,-0.4999999999999998,39.61666666666667,28.991666666666664,53.3625,43.07916666666667,13.020833333333334,18.716666666666665,120.625,89.75,83.66666666666667,22.416666666666668
2025-04-11,37.35,20.2,28.36583333333333,46.12225468333334,0.0,11.351998870459314,-0.3750003334101151,20.969805,0,0.8660254037844387,-0.4999999999999998,25.4,39.61666666666667,36.46666666666667,53.3625,7.5,13.020833333333334,102.45833333333331,120.625,71.41666666666667,19.870833333333334
2025-04-12,36.7,18.75,27.48,51.6139538,0.0,10.438499927944418,-1.0830007709639573,21.019962,0,0.8660254037844387,-0.4999999999999998,22.416666666666668,25.4,33.97083333333333,36.46666666666667,7.808333333333334,7.5,83.66666666666667,102.45833333333331,84.33333333333333,23.225
2025-04-13,39.4,19.15,29.06083333333333,45.29518171,0.0,5.179499489351704,-4.177499859779148,26.713478,0,0.8660254037844387,-0.4999999999999998,19.870833333333334,22.416666666666668,46.23333333333333,33.97083333333333,9.054166666666667,7.808333333333334,71.41666666666667,83.66666666666667,82.25,19.34583333333333
2025-04-14,39.8,21.7,30.93166666666667,22.910604304166668,0.0,6.442499725706806,-4.529998019045702,22.885498,0,0.8660254037844387,-0.4999999999999998,23.225,19.870833333333334,51.225,46.23333333333333,11.391666666666666,9.054166666666667,84.33333333333333,71.41666666666667,78.45833333333333,18.83333333333333
2025-04-15,41.1,22.1,31.124166666666667,26.259003486666664,0.0,8.122499907338963,-2.2935007241749137,26.368616,0,0.8660254037844387,-0.4999999999999998,19.34583333333333,23.225,38.05,51.225,12.3,11.391666666666666,82.25,84.33333333333333,83.79166666666667,19.64583333333333
2025-04-16,40.5,20.1,29.9125,43.269301391666666,0.0,10.474499756345766,-1.7819993271702146,25.913124,0,0.8660254037844387,-0.4999999999999998,18.83333333333333,19.34583333333333,34.31666666666667,38.05,12.5625,12.3,78.45833333333333,82.25,80.20833333333333,18.141666666666666
2025-04-17,41.5,20.6,29.365416666666665,48.373041729166665,0.0,11.276999608272384,-1.1534971266744634,28.1169,0,0.8660254037844387,-0.4999999999999998,19.64583333333333,18.83333333333333,31.891666666666666,34.31666666666667,12.733333333333334,12.5625,83.79166666666667,78.45833333333333,83.04166666666667,19.6125
2025-04-18,39.7,21.75,29.57583333333333,46.31299441666667,0.0,9.946499896486865,-1.0139990925404192,23.670511,0,0.8660254037844387,-0.4999999999999998,18.141666666666666,19.64583333333333,31.508333333333336,31.891666666666666,9.175,12.733333333333334,80.20833333333333,83.79166666666667,83.375,19.6875
2025-04-19,39.35,21.55,29.654166666666665,42.04169995,0.0,10.885501230452157,-3.008997980044314,24.760305,0,0.8660254037844387,-0.4999999999999998,19.6125,18.141666666666666,32.44166666666667,31.508333333333336,10.308333333333334,9.175,83.04166666666667,80.20833333333333,90.45833333333331,23.04583333333333
2025-04-20,39.05,21.9,29.74875,39.3215182875,0.0,9.510000855060404,-2.683496559115192,21.675615,0,0.8660254037844387,-0.4999999999999998,19.6875,19.6125,32.2125,32.44166666666667,8.933333333333334,10.308333333333334,83.375,83.04166666666667,98.70833333333331,26.3375
2025-04-21,40.95,22.65,30.53375,45.71982360833333,0.0,4.964999822817972,-1.6515003334636766,25.52829,0,0.8660254037844387,-0.4999999999999998,23.04583333333333,19.6875,50.87083333333334,32.2125,12.291666666666666,8.933333333333334,90.45833333333331,83.375,108.75,28.245833333333334
2025-04-22,41.2,22.55,31.435,42.38465081666666,0.0,4.765500026648727,0.1230002603213174,22.947704,0,0.8660254037844387,-0.4999999999999998,26.3375,23.04583333333333,51.14166666666667,50.87083333333334,13.545833333333333,12.291666666666666,98.70833333333331,90.45833333333331,114.25,27.3625
2025-04-23,42.2,22.1,31.435,39.323040983333335,0.0,6.763500026968995,-0.445497274515454,26.909245,0,0.8660254037844387,-0.4999999999999998,28.245833333333334,26.3375,47.35,51.14166666666667,13.633333333333333,13.545833333333333,108.75,98.70833333333331,113.125,24.64583333333333
2025-04-24,41.4,21.6,30.777916666666663,40.05504484166667,0.1,8.32950015376368,-0.4724999433454247,25.920624,1,0.8660254037844387,-0.4999999999999998,27.3625,28.245833333333334,43.29166666666666,47.35,10.05,13.633333333333333,114.25,108.75,97.33333333333331,25.33333333333333
2025-04-25,39.85,21.2,30.58875,38.2507982375,0.0,8.074499614488882,-1.2929977571855484,20.70704,0,0.8660254037844387,-0.4999999999999998,24.64583333333333,27.3625,39.63333333333333,43.29166666666666,9.254166666666666,10.05,113.125,114.25,109.66666666666669,27.90416666666667
2025-04-26,40.2,21.85,30.43166666666667,38.29607660416666,0.0,8.205000027288515,-1.9844992755984143,22.964642,0,0.8660254037844387,-0.4999999999999998,25.33333333333333,24.64583333333333,44.5375,39.63333333333333,11.175,9.254166666666666,97.33333333333331,113.125,105.79166666666669,21.65
2025-04-27,41.85,21.3,30.409166666666668,40.16988219583333,0.0,8.04299953186165,-0.6165000128804373,29.883251,0,0.8660254037844387,-0.4999999999999998,27.90416666666667,25.33333333333333,43.79166666666666,44.5375,13.041666666666666,11.175,109.66666666666669,97.33333333333331,99.41666666666669,22.141666666666666
2025-04-28,41.45,20.85,30.28458333333333,44.578427079166666,0.0,6.426000234034962,-1.6484991503006905,29.94986,0,0.8660254037844387,-0.4999999999999998,21.65,27.90416666666667,31.441666666666663,43.79166666666666,11.0875,13.041666666666666,105.79166666666669,109.66666666666669,90.95833333333331,22.75
2025-04-29,42.0,21.6,30.047083333333333,50.65566885,0.0,10.381499879446926,-1.0469991381192574,28.829233,0,0.8660254037844387,-0.4999999999999998,22.141666666666666,21.65,42.05416666666667,31.441666666666663,9.55,11.0875,99.41666666666669,105.79166666666669,83.0,20.316666666666663
2025-04-30,39.4,21.55,29.91708333333333,49.333176879166665,0.0,11.211000604936125,-2.195997603683564,23.806318,0,0.8660254037844387,-0.4999999999999998,22.75,22.141666666666666,47.65833333333333,42.05416666666667,10.058333333333334,9.55,90.95833333333331,99.41666666666669,88.75,22.84166666666667
2025-05-01,42.0,22.7,30.51,39.13640647333333,0.0,9.721499443505538,-1.9304996264142336,32.86516,0,0.49999999999999994,-0.8660254037844387,20.316666666666663,22.75,38.15,47.65833333333333,9.2125,10.058333333333334,83.0,90.95833333333331,88.20833333333333,16.55
2025-05-02,41.3,23.05,31.25625,26.273487941666662,0.0,9.754501016462031,-3.2639973962652062,28.082884,0,0.49999999999999994,-0.8660254037844387,22.84166666666667,20.316666666666663,34.67916666666667,38.15,11.570833333333333,9.2125,88.75,83.0,71.20833333333333,13.833333333333334
2025-05-03,37.85,20.45,29.151666666666664,39.54586477916666,0.0,13.325999431916305,-1.3244986293412266,21.068459,0,0.49999999999999994,-0.8660254037844387,16.55,22.84166666666667,25.441666666666663,34.67916666666667,11.516666666666667,11.570833333333333,88.20833333333333,88.75,57.91666666666666,14.9625
2025-05-04,36.45,20.65,28.07208333333333,53.48605464166667,0.0,11.843998980776082,-1.831501754724406,23.018898,0,0.49999999999999994,-0.8660254037844387,13.833333333333334,16.55,22.025,25.441666666666663,10.920833333333334,11.516666666666667,71.20833333333333,88.20833333333333,69.29166666666667,21.48333333333333
2025-05-05,37.55,20.9,28.480416666666667,55.32099453333333,0.0,9.55349975306036,-1.6709996594476837,21.026125,0,0.49999999999999994,-0.8660254037844387,14.9625,13.833333333333334,29.98333333333333,22.025,8.112499999999999,10.920833333333334,57.91666666666666,71.20833333333333,67.875,15.691666666666668
2025-05-06,36.0,21.25,27.626666666666665,59.604094375,1.2999999999999998,11.49150013852851,0.1334997282319035,24.472057,1,0.49999999999999994,-0.8660254037844387,21.48333333333333,14.9625,49.3,29.98333333333333,10.05,8.112499999999999,69.29166666666667,57.91666666666666,56.79166666666666,14.8
2025-05-07,34.4,21.2,26.696666666666665,58.74367716666666,1.1,13.19250029895543,1.5584969588789406,27.554703,1,0.49999999999999994,-0.8660254037844387,15.691666666666668,21.48333333333333,30.08333333333333,49.3,8.004166666666666,10.05,67.875,69.29166666666667,48.458333333333336,10.091666666666669
2025-05-08,33.0,20.9,25.97125,60.831075141666666,0.8999999999999999,10.731000812124062,5.524499523709665,27.050951,1,0.49999999999999994,-0.8660254037844387,14.8,15.691666666666668,29.2375,30.08333333333333,6.075,8.004166666666666,56.79166666666666,67.875,42.958333333333336,9.1875
2025-05-09,33.8,20.85,25.883333333333333,66.58928894166667,18.7,6.115499855193639,2.786999826329573,16.985933,1,0.49999999999999994,-0.8660254037844387,10.091666666666669,14.8,16.95,29.2375,6.241666666666667,6.075,48.458333333333336,56.79166666666666,44.0,11.991666666666667
2025-05-10,35.35,21.5,27.316666666666663,63.91026450833333,4.3,6.19799997308838,2.5065002580739915,20.073025,1,0.49999999999999994,-0.8660254037844387,9.1875,10.091666666666669,14.45,16.95,7.841666666666666,6.241666666666667,42.958333333333336,48.458333333333336,48.16666666666666,12.033333333333331
2025-05-11,35.65,22.2,27.53708333333333,67.08874543333333,4.3,5.266499456795324,0.957000815421987,21.60075,1,0.49999999999999994,-0.8660254037844387,11.991666666666667,9.1875,20.9625,14.45,9.404166666666669,7.841666666666666,44.0,42.958333333333336,50.04166666666666,11.820833333333333
2025-05-12,35.95,22.4,27.673333333333336,67.80999358333334,15.7,4.430999063231388,0.4935003996008132,17.873554,1,0.49999999999999994,-0.8660254037844387,12.033333333333331,11.991666666666667,22.71666666666667,20.9625,7.0875,9.404166666666669,48.16666666666666,44.0,62.125,19.495833333333334
2025-05-13,34.35,22.15,26.80333333333333,73.81682346666666,19.5,4.967999536008506,-0.7604994281728992,18.900856,1,0.49999999999999994,-0.8660254037844387,11.820833333333333,12.033333333333331,19.320833333333333,22.71666666666667,8.4125,7.0875,50.04166666666666,48.16666666666666,81.625,28.1125
2025-05-14,34.55,22.35,27.113333333333333,71.06389474166667,3.0,4.635000196993101,0.048000804428652,18.758902,1,0.49999999999999994,-0.8660254037844387,19.495833333333334,11.820833333333333,22.0125,19.320833333333333,14.025,8.4125,62.125,50.04166666666666,96.91666666666669,33.28333333333333
2025-05-15,35.7,23.05,27.383750000000003,72.02389735,19.8,5.2829999961754135,-0.1064989047040757,19.963776,1,0.49999999999999994,-0.8660254037844387,28.1125,19.495833333333334,30.2625,22.0125,12.266666666666666,14.025,81.625,62.125,85.875,24.079166666666666
2025-05-16,34.05,22.75,26.860833333333336,76.10840586666667,27.8,7.078500163040913,0.9179995502706736,17.208603,1,0.49999999999999994,-0.8660254037844387,33.28333333333333,28.1125,38.22916666666666,30.2625,13.475,12.266666666666666,96.91666666666669,81.625,60.583333333333336,14.616666666666667
2025-05-17,33.75,22.25,26.77208333333333,75.547999325,18.0,8.107500101291185,-0.1019968922009566,20.620806,1,0.49999999999999994,-0.8660254037844387,24.079166666666666,33.28333333333333,29.23333333333333,38.22916666666666,12.616666666666667,13.475,85.875,96.91666666666669,59.91666666666666,18.5
2025-05-18,34.4,22.9,26.82541666666667,74.28826173333333,23.3,5.952000117775004,-0.7844998889131615,17.655605,1,0.49999999999999994,-0.8660254037844387,14.616666666666667,24.079166666666666,20.20833333333333,29.23333333333333,11.395833333333334,12.616666666666667,60.583333333333336,85.875,89.25,34.90833333333333
2025-05-19,34.05,22.85,26.826666666666664,77.67949021666666,24.0,4.010999837351919,-1.3529999166883997,15.552041,1,0.49999999999999994,-0.8660254037844387,18.5,14.616666666666667,23.8125,20.20833333333333,11.970833333333331,11.395833333333334,59.91666666666666,60.583333333333336,124.625,46.87916666666666
2025-05-20,31.05,21.7,25.56208333333333,85.0484116,103.0,1.0019995730511468,-0.8144997711784039,16.248924,1,0.49999999999999994,-0.8660254037844387,34.90833333333333,18.5,41.35,23.8125,11.65,11.970833333333331,89.25,59.91666666666666,111.75,35.237500000000004
2025-05-21,30.3,21.9,25.5625,79.418141,5.4,-3.6945002870561057,0.1305000949365813,10.387107,1,0.49999999999999994,-0.8660254037844387,46.87916666666666,34.90833333333333,54.80833333333334,41.35,10.379166666666666,11.65,124.625,89.25,85.75,17.466666666666665
2025-05-22,29.0,21.2,24.05625,91.15293438333332,117.0,-5.401499417098956,-0.6329996223687431,14.986553,1,0.49999999999999994,-0.8660254037844387,35.237500000000004,46.87916666666666,41.04583333333333,54.80833333333334,12.075,10.379166666666666,111.75,124.625,41.708333333333336,10.091666666666669
2025-05-23,26.4,21.8,23.37375,93.19059323333332,120.1,-9.1515001383254,-3.32999896214372,19.533937,1,0.49999999999999994,-0.8660254037844387,17.466666666666665,35.237500000000004,18.383333333333333,41.04583333333333,12.025,12.075,85.75,111.75,52.958333333333336,16.233333333333334
2025-05-24,26.85,21.45,23.51625,92.77504419166668,128.6,1.3289989406360456,-4.724999939015145,17.71789,1,0.49999999999999994,-0.8660254037844387,10.091666666666669,17.466666666666665,10.875,18.383333333333333,13.716666666666669,12.025,41.708333333333336,85.75,60.79166666666666,15.845833333333331
2025-05-25,25.7,21.2,23.209166666666665,95.02177845,259.3,5.494500000901206,-4.954497880145226,19.820442,1,0.49999999999999994,-0.8660254037844387,16.233333333333334,10.091666666666669,17.9375,10.875,14.695833333333333,13.716666666666669,52.958333333333336,41.708333333333336,56.75,15.7125
2025-05-26,27.55,22.2,24.22208333333333,91.187202275,240.3,7.137000048188337,-0.5714985231921718,16.068466,1,0.49999999999999994,-0.8660254037844387,15.845833333333331,16.233333333333334,19.09583333333333,17.9375,14.7,14.695833333333333,60.79166666666666,52.958333333333336,50.833333333333336,11.45
2025-05-27,30.45,21.8,24.37625,85.34882780833333,15.8,11.36549971202964,1.5194993195329114,16.943918,1,0.49999999999999994,-0.8660254037844387,15.7125,15.845833333333331,21.066666666666663,19.09583333333333,11.7625,14.7,56.75,60.79166666666666,51.25,14.879166666666668
2025-05-28,30.3,22.5,25.615,80.85452435833334,13.0,14.889000429413558,-0.9224980925489686,25.277664,1,0.49999999999999994,-0.8660254037844387,11.45,15.7125,13.491666666666667,21.066666666666663,12.320833333333333,11.7625,50.833333333333336,56.75,63.875,17.916666666666668
2025-05-29,32.4,23.0,26.774166666666662,77.57264721666667,1.6,15.613500484117116,0.2759970388682994,23.406229,1,0.49999999999999994,-0.8660254037844387,14.879166666666668,11.45,26.0875,13.491666666666667,8.491666666666667,12.320833333333333,51.25,50.833333333333336,62.04166666666666,19.3375
2025-05-30,31.95,22.8,26.485833333333336,76.15502925833333,0.2,18.139499419868194,2.458492008899491,26.016073,1,0.49999999999999994,-0.8660254037844387,17.916666666666668,14.879166666666668,35.458333333333336,26.0875,6.741666666666667,8.491666666666667,63.875,51.25,62.625,15.804166666666667
2025-05-31,31.6,22.5,26.31625,75.64355183333333,0.0,14.911498745747512,4.315498824657076,25.006397,0,0.49999999999999994,-0.8660254037844387,19.3375,17.916666666666668,48.04166666666666,35.458333333333336,5.383333333333333,6.741666666666667,62.04166666666666,63.875,52.66666666666666,10.3625
2025-06-01,30.25,21.6,25.160416666666663,79.44405942499999,7.7,11.320500871331811,6.5519972595417535,21.295605,1,1.2246467991473532e-16,-1.0,15.804166666666667,19.3375,40.29583333333333,48.04166666666666,5.1125,5.383333333333333,62.625,62.04166666666666,47.958333333333336,13.816666666666668
2025-06-02,30.75,21.85,25.51125,77.24120541666666,2.3,13.355999327076791,6.96150212498532,23.63764,1,1.2246467991473532e-16,-1.0,10.3625,15.804166666666667,21.3,40.29583333333333,6.270833333333333,5.1125,52.66666666666666,62.625,49.79166666666666,11.7125
2025-06-03,30.75,21.45,25.18,76.47883965,3.7,11.559000579169863,6.209999693789882,22.945587,1,1.2246467991473532e-16,-1.0,13.816666666666668,10.3625,29.008333333333336,21.3,6.520833333333333,6.270833333333333,47.958333333333336,52.66666666666666,48.125,12.145833333333334
2025-06-04,30.35,20.1,24.10666666666667,78.51566103333333,17.2,7.87799966011089,3.252000248567401,18.491003,1,1.2246467991473532e-16,-1.0,11.7125,13.816666666666668,29.104166666666668,29.008333333333336,4.9375,6.520833333333333,49.79166666666666,47.958333333333336,71.70833333333333,30.8875
2025-06-05,30.4,21.35,25.078333333333333,74.62832121666666,8.4,6.320999891716268,-1.116000498825961,13.504799,1,1.2246467991473532e-16,-1.0,12.145833333333334,11.7125,27.075,29.104166666666668,7.454166666666667,4.9375,48.125,49.79166666666666,100.5,38.65833333333333
2025-06-06,31.6,22.05,25.51,76.330341375,10.4,7.999499413618184,-0.2459974446162377,20.674158,1,1.2246467991473532e-16,-1.0,30.8875,12.145833333333334,78.29583333333333,27.075,10.341666666666669,7.454166666666667,71.70833333333333,48.125,105.95833333333331,34.275
2025-06-07,30.75,21.1,25.12375,81.59477647499999,29.9,8.968499224822432,-0.2909975798809956,16.525724,1,1.2246467991473532e-16,-1.0,38.65833333333333,30.8875,87.60000000000001,78.29583333333333,12.470833333333331,10.341666666666669,100.5,71.70833333333333,89.33333333333333,30.15
2025-06-08,32.65,21.6,26.151666666666664,77.2575884,2.1,11.548500541766426,-1.610995131838746,18.865683,1,1.2246467991473532e-16,-1.0,34.275,38.65833333333333,54.675,87.60000000000001,9.158333333333331,12.470833333333331,105.95833333333331,100.5,84.0,25.575
2025-06-09,30.9,21.3,25.689166666666665,78.49615695833333,7.4,13.895998334236191,-2.7945030596109706,21.916431,1,1.2246467991473532e-16,-1.0,30.15,34.275,45.37916666666666,54.675,9.3375,9.158333333333331,89.33333333333333,105.95833333333331,81.70833333333333,27.320833333333336
2025-06-10,32.55,21.7,26.24125,76.26177199166666,6.1,13.843500941163404,-3.191995761521087,20.46941,1,1.2246467991473532e-16,-1.0,25.575,30.15,41.37083333333333,45.37916666666666,8.770833333333334,9.3375,84.0,89.33333333333333,75.20833333333333,21.2375
2025-06-11,32.6,22.75,26.657916666666665,78.69562068333333,12.9,13.939499855310013,-3.7649948391089874,21.304731,1,1.2246467991473532e-16,-1.0,27.320833333333336,25.575,47.67083333333333,41.37083333333333,10.295833333333333,8.770833333333334,81.70833333333333,84.0,67.875,19.8125
2025-06-12,33.0,22.85,25.45,85.80371598333333,140.1,8.788499938734386,-3.0464991313400915,19.726225,1,1.2246467991473532e-16,-1.0,21.2375,27.320833333333336,31.008333333333336,47.67083333333333,10.783333333333331,10.295833333333333,75.20833333333333,81.70833333333333,71.45833333333333,28.09166666666667
2025-06-13,32.6,22.0,26.204583333333336,79.64042788333333,31.0,-0.7514996889345281,-4.379999441008971,15.048042,1,1.2246467991473532e-16,-1.0,19.8125,21.2375,27.3375,31.008333333333336,12.4875,10.783333333333331,67.875,75.20833333333333,95.125,31.695833333333336
2025-06-14,31.65,23.15,25.964166666666664,84.48702320000001,153.3,1.0934993755469151,1.6619999712143023,13.891522,1,1.2246467991473532e-16,-1.0,28.09166666666667,19.8125,35.19583333333333,27.3375,12.3625,12.4875,71.45833333333333,67.875,67.41666666666667,8.6875
2025-06-15,29.9,22.7,25.635,81.80703573333334,21.8,4.878001150999073,6.917998420722944,24.31666,1,1.2246467991473532e-16,-1.0,31.695833333333336,28.09166666666667,38.704166666666666,35.19583333333333,12.416666666666666,12.3625,95.125,71.45833333333333,28.416666666666668,4.241666666666666
2025-06-16,25.95,21.3,23.214166666666664,92.05840875833331,126.9,16.239001909459407,9.766495363294592,29.48101,1,1.2246467991473532e-16,-1.0,8.6875,31.695833333333336,9.3,38.704166666666666,11.208333333333334,12.416666666666666,67.41666666666667,95.125,26.416666666666668,6.4875
2025-06-17,28.7,21.7,24.23375,84.2351901,37.9,15.138000368272891,11.248497336158952,30.141266,1,1.2246467991473532e-16,-1.0,4.241666666666666,8.6875,5.545833333333333,9.3,8.216666666666667,11.208333333333334,28.416666666666668,67.41666666666667,27.375,3.8541666666666665
2025-06-18,28.6,22.5,24.596666666666668,86.67776094999999,111.5,19.67700109049418,10.136997717664428,33.26544,1,1.2246467991473532e-16,-1.0,6.4875,4.241666666666666,12.2875,5.545833333333333,4.616666666666666,8.216666666666667,26.416666666666668,28.416666666666668,28.125,3.1625
2025-06-19,27.65,21.6,23.570416666666667,90.23141669166668,108.8,17.7239980509492,5.550004114892767,29.68636,1,1.2246467991473532e-16,-1.0,3.8541666666666665,6.4875,6.741666666666667,12.2875,4.3500000000000005,4.616666666666666,27.375,26.416666666666668,25.041666666666668,5.716666666666666
2025-06-20,28.6,21.7,24.59375,81.9464796,12.3,16.58849490514162,6.966012569601872,30.2641,1,1.2246467991473532e-16,-1.0,3.1625,3.8541666666666665,4.295833333333333,6.741666666666667,5.645833333333333,4.3500000000000005,28.125,27.375,23.916666666666668,5.7375
2025-06-21,28.8,21.85,24.53375,83.226936525,17.4,16.690497098732806,7.00200833852579,28.982235,1,1.2246467991473532e-16,-1.0,5.716666666666666,3.1625,10.270833333333334,4.295833333333333,4.908333333333333,5.645833333333333,25.041666666666668,28.125,27.791666666666668,7.491666666666667
2025-06-22,28.65,21.6,24.42125,82.02587781666666,13.7,17.072998073766787,8.058005996317906,29.485954,1,1.2246467991473532e-16,-1.0,5.7375,5.716666666666666,9.729166666666666,10.270833333333334,5.104166666666667,4.908333333333333,23.916666666666668,25.041666666666668,28.541666666666668,5.795833333333333
2025-06-23,28.15,21.9,24.039583333333333,85.54573733333334,68.8,19.41449671293696,7.26750902561354,30.641266,1,1.2246467991473532e-16,-1.0,7.491666666666667,5.7375,15.216666666666669,9.729166666666666,4.770833333333333,5.104166666666667,27.791666666666668,23.916666666666668,23.791666666666668,4.929166666666666
2025-06-24,27.4,22.25,23.947916666666668,86.71410140833333,47.7,18.17999870052162,5.452499120555699,28.067305,1,1.2246467991473532e-16,-1.0,5.795833333333333,7.491666666666667,10.566666666666666,15.216666666666669,4.608333333333333,4.770833333333333,28.541666666666668,27.791666666666668,23.916666666666668,6.754166666666666
2025-06-25,27.5,22.4,24.53333333333333,84.67639581666667,14.3,18.110996740203824,6.369009688880677,31.874235,1,1.2246467991473532e-16,-1.0,4.929166666666666,5.795833333333333,9.704166666666667,10.566666666666666,6.154166666666666,4.608333333333333,23.791666666666668,28.541666666666668,27.58333333333333,5.595833333333334
2025-06-26,28.3,21.95,24.04958333333333,85.79883764166668,20.9,13.910999810508237,7.524000076810005,25.459024,1,1.2246467991473532e-16,-1.0,6.754166666666666,4.929166666666666,12.883333333333333,9.704166666666667,6.179166666666667,6.154166666666666,23.916666666666668,23.791666666666668,23.83333333333333,5.491666666666667
2025-06-27,28.35,21.1,24.015416666666667,84.66346019999999,27.1,15.015001714936927,9.226495830512132,27.51646,1,1.2246467991473532e-16,-1.0,5.595833333333334,6.754166666666666,11.3,12.883333333333333,6.1875,6.179166666666667,27.58333333333333,23.916666666666668,26.166666666666668,6.5
2025-06-28,28.05,21.35,23.831666666666667,85.05631648333333,36.5,17.656499504335077,10.121999552609935,30.509867,1,1.2246467991473532e-16,-1.0,5.491666666666667,5.595833333333334,11.166666666666666,11.3,5.195833333333334,6.1875,23.83333333333333,27.58333333333333,27.291666666666668,5.375
2025-06-29,27.15,20.95,23.65833333333333,84.799480225,26.6,17.620497670096164,7.39350599524124,32.35046,1,1.2246467991473532e-16,-1.0,6.5,5.491666666666667,13.508333333333333,11.166666666666666,4.391666666666667,5.195833333333334,26.166666666666668,23.83333333333333,22.95833333333333,3.9875
2025-06-30,27.1,21.3,23.530416666666667,86.40408980000001,29.3,17.759995774849628,5.919010480698225,28.112288,1,1.2246467991473532e-16,-1.0,5.375,6.5,11.0375,13.508333333333333,5.066666666666666,4.391666666666667,27.291666666666668,26.166666666666668,21.33333333333333,3.658333333333333
2025-07-01,26.5,21.95,23.811666666666667,85.605277675,17.5,17.87549950354547,4.750494653914702,28.227306,1,-0.4999999999999997,-0.8660254037844388,3.9875,5.375,6.704166666666667,11.0375,5.320833333333334,5.066666666666666,22.95833333333333,27.291666666666668,19.58333333333333,4.216666666666667
2025-07-02,26.85,20.95,23.39333333333333,87.83125155833334,82.4,17.107498303499593,5.680501261252629,25.630886,1,-0.4999999999999997,-0.8660254037844388,3.658333333333333,3.9875,4.991666666666666,6.704166666666667,6.958333333333333,5.320833333333334,21.33333333333333,22.95833333333333,20.45833333333333,4.195833333333334
2025-07-03,27.45,21.4,23.722916666666663,85.56069155,26.8,17.319000388441466,8.89350020498444,30.085318,1,-0.4999999999999997,-0.8660254037844388,4.216666666666667,3.658333333333333,6.483333333333333,4.991666666666666,6.466666666666666,6.958333333333333,19.58333333333333,21.33333333333333,21.58333333333333,3.891666666666666
2025-07-04,27.85,21.8,23.782083333333333,85.84945010833333,31.0,17.103000075337075,8.080501852587167,30.253387,1,-0.4999999999999997,-0.8660254037844388,4.195833333333334,4.216666666666667,7.279166666666666,6.483333333333333,5.516666666666667,6.466666666666666,20.45833333333333,19.58333333333333,22.83333333333333,3.8625
2025-07-05,27.45,21.65,23.71583333333333,86.52724513333332,45.9,18.7679954151481,6.889512108973879,29.943907,1,-0.4999999999999997,-0.8660254037844388,3.891666666666666,4.195833333333334,5.845833333333334,7.279166666666666,6.3,5.516666666666667,21.58333333333333,20.45833333333333,23.791666666666668,5.55
2025-07-06,25.6,21.7,23.261666666666667,88.13485483333334,28.9,18.167997545634908,7.11450774377372,28.01531,1,-0.4999999999999997,-0.8660254037844388,3.8625,3.891666666666666,6.466666666666666,5.845833333333334,5.070833333333334,6.3,22.83333333333333,21.58333333333333,24.791666666666668,7.5625
2025-07-07,26.9,21.55,23.465416666666663,86.34279423333334,16.1,17.2439959951668,5.299509287091467,27.619883,1,-0.4999999999999997,-0.8660254037844388,5.55,3.8625,10.9,6.466666666666666,5.175,5.070833333333334,23.791666666666668,22.83333333333333,37.79166666666666,8.283333333333333
2025-07-08,27.1,21.95,23.47583333333333,88.025749725,11.1,15.976496655295538,5.106007490496652,26.376602,1,-0.4999999999999997,-0.8660254037844388,7.5625,5.55,15.720833333333331,10.9,6.620833333333334,5.175,24.791666666666668,23.791666666666668,33.833333333333336,9.483333333333333
2025-07-09,26.8,21.45,23.534166666666668,88.25321945833333,13.2,13.894498324859375,3.237000202116328,20.476532,1,-0.4999999999999997,-0.8660254037844388,8.283333333333333,7.5625,16.287499999999998,15.720833333333331,7.445833333333333,6.620833333333334,37.79166666666666,24.791666666666668,44.458333333333336,12.366666666666667
2025-07-10,28.7,21.8,24.40125,81.88528972499999,1.3,12.020999855713994,2.732995289818602,18.435726,1,-0.4999999999999997,-0.8660254037844388,9.483333333333333,8.283333333333333,20.504166666666663,16.287499999999998,7.716666666666666,7.445833333333333,33.833333333333336,37.79166666666666,49.833333333333336,11.025
2025-07-11,28.65,21.8,24.47458333333333,82.38301856666666,8.6,13.418999529400956,2.212495501407642,21.423023,1,-0.4999999999999997,-0.8660254037844388,12.366666666666667,9.483333333333333,27.329166666666666,20.504166666666663,7.3875,7.716666666666666,44.458333333333336,33.833333333333336,45.583333333333336,10.104166666666666
2025-07-12,28.65,21.9,24.52833333333333,81.33172661666667,4.0,15.195000200452442,1.7519937324036516,22.263315,1,-0.4999999999999997,-0.8660254037844388,11.025,12.366666666666667,25.775,27.329166666666666,6.779166666666666,7.3875,49.833333333333336,44.458333333333336,36.708333333333336,7.166666666666667
2025-07-13,28.6,21.9,24.48375,81.75863409166666,6.5,15.610499703328385,3.890993326745166,23.857979,1,-0.4999999999999997,-0.8660254037844388,10.104166666666666,11.025,21.375,25.775,6.029166666666666,6.779166666666666,45.583333333333336,49.833333333333336,25.791666666666668,4.270833333333333
2025-07-14,27.75,22.05,24.175416666666667,85.80210381666667,52.4,15.607498382555152,6.177006068354356,25.906244,1,-0.4999999999999997,-0.8660254037844388,7.166666666666667,10.104166666666666,14.445833333333333,21.375,5.4,6.029166666666666,36.708333333333336,45.583333333333336,22.33333333333333,5.6625000000000005
2025-07-15,25.65,22.05,23.46208333333333,90.41948183333334,126.9,11.376000078679407,1.7084957690266205,19.580328,1,-0.4999999999999997,-0.8660254037844388,4.270833333333333,7.166666666666667,6.25,14.445833333333333,6.125,5.4,25.791666666666668,36.708333333333336,35.375,12.208333333333334
2025-07-16,29.05,21.95,24.739166666666662,82.41573659166667,6.9,13.489500753747306,0.4470008248091183,22.08432,1,-0.4999999999999997,-0.8660254037844388,5.6625000000000005,4.270833333333333,10.341666666666669,6.25,6.258333333333333,6.125,22.33333333333333,25.791666666666668,55.583333333333336,15.175
2025-07-17,29.55,21.6,24.814166666666665,82.18502293333333,6.4,9.967500324021891,0.3330042504444291,18.9,1,-0.4999999999999997,-0.8660254037844388,12.208333333333334,5.6625000000000005,27.35,10.341666666666669,6.879166666666666,6.258333333333333,35.375,22.33333333333333,56.25,13.745833333333332
2025-07-18,28.75,21.35,24.480833333333333,81.5671048,5.4,11.32350029955808,0.4215092900530363,19.175703,1,-0.4999999999999997,-0.8660254037844388,15.175,12.208333333333334,30.304166666666664,27.35,8.3125,6.879166666666666,55.583333333333336,35.375,52.083333333333336,11.520833333333334
2025-07-19,29.35,21.8,24.68375,80.840547175,5.300000000000001,12.861000185840396,1.3754993688572557,21.626984,1,-0.4999999999999997,-0.8660254037844388,13.745833333333332,15.175,27.445833333333336,30.304166666666664,8.3125,8.3125,56.25,55.583333333333336,37.083333333333336,6.875
2025-07-20,28.75,21.85,24.51291666666667,83.19806644166667,21.3,11.450998579825148,3.172500526173508,19.32801,1,-0.4999999999999997,-0.8660254037844388,11.520833333333334,13.745833333333332,24.15416666666667,27.445833333333336,7.845833333333334,8.3125,52.083333333333336,56.25,26.45833333333333,5.3875
2025-07-21,27.95,21.8,24.079166666666666,87.83499525833334,110.5,11.22300023278624,1.613997779938097,15.779544,1,-0.4999999999999997,-0.8660254037844388,6.875,11.520833333333334,10.479166666666666,24.15416666666667,7.516666666666667,7.845833333333334,37.083333333333336,52.083333333333336,23.95833333333333,5.341666666666666
2025-07-22,28.05,21.75,23.771666666666665,88.52829295,115.8,13.525500011512996,1.1040008658270986,20.343185,1,-0.4999999999999997,-0.8660254037844388,5.3875,6.875,7.704166666666667,10.479166666666666,8.120833333333334,7.516666666666667,26.45833333333333,37.083333333333336,22.125,3.375
2025-07-23,26.5,21.2,23.234166666666667,88.37624300833333,22.0,15.451499721745224,2.43749558598082,25.523214,1,-0.4999999999999997,-0.8660254037844388,5.341666666666666,5.3875,7.649999999999999,7.704166666666667,7.229166666666667,8.120833333333334,23.95833333333333,26.45833333333333,22.83333333333333,4.370833333333334
2025-07-24,26.25,22.1,23.54875,87.57639534166667,21.6,15.607497117067254,4.432506309877831,24.1388,1,-0.4999999999999997,-0.8660254037844388,3.375,5.341666666666666,4.395833333333333,7.649999999999999,7.5,7.229166666666667,22.125,23.95833333333333,22.041666666666668,3.1
2025-07-25,25.4,22.15,23.43208333333333,89.46665899999999,42.3,18.66749781596131,4.195499507472023,24.717743,1,-0.4999999999999997,-0.8660254037844388,4.370833333333334,3.375,6.483333333333333,4.395833333333333,6.141666666666667,7.5,22.83333333333333,22.125,21.5,3.1333333333333333
2025-07-26,25.8,21.55,23.1525,89.30835759166666,34.0,21.75599919795309,4.571992671676467,31.011234,1,-0.4999999999999997,-0.8660254037844388,3.1,4.370833333333334,3.8625,6.483333333333333,6.591666666666666,6.141666666666667,22.041666666666668,22.83333333333333,21.791666666666668,4.229166666666667
2025-07-27,26.6,21.25,23.384166666666665,86.86091854166666,33.5,22.88549256184661,7.516521474011774,35.416115,1,-0.4999999999999997,-0.8660254037844388,3.1333333333333333,3.1,4.445833333333334,3.8625,6.675,6.591666666666666,21.5,22.041666666666668,21.625,5.075
2025-07-28,25.95,20.95,23.234166666666667,86.21636205833333,22.7,22.33199682220448,5.565003420121784,33.270798,1,-0.4999999999999997,-0.8660254037844388,4.229166666666667,3.1333333333333333,7.0625,4.445833333333334,4.304166666666666,6.675,21.791666666666668,21.5,21.416666666666668,4.204166666666667
2025-07-29,25.8,21.5,23.225416666666668,87.81729820000001,20.1,22.4384986290024,4.870495540527807,34.72181,1,-0.4999999999999997,-0.8660254037844388,5.075,4.229166666666667,8.220833333333333,7.0625,4.9,4.304166666666666,21.625,21.791666666666668,19.416666666666668,4.658333333333333
2025-07-30,25.9,21.45,23.352500000000003,87.99327190833333,7.0,19.979999111543396,4.406992787792468,31.452133,1,-0.4999999999999997,-0.8660254037844388,4.204166666666667,5.075,6.233333333333333,8.220833333333333,5.670833333333333,4.9,21.416666666666668,21.625,21.916666666666668,5.7875000000000005
2025-07-31,27.3,21.3,23.730416666666667,85.58652825,7.5,17.300996913228243,4.707006949324223,29.158888,1,-0.4999999999999997,-0.8660254037844388,4.658333333333333,4.204166666666667,7.358333333333333,6.233333333333333,7.395833333333333,5.670833333333333,19.416666666666668,21.416666666666668,28.33333333333333,9.05
2025-08-01,28.2,21.8,24.15,83.06150684999999,5.0,14.2694992534699,3.0614960152166986,24.058802,1,-0.8660254037844385,-0.5000000000000004,5.7875000000000005,4.658333333333333,10.05,7.358333333333333,6.229166666666667,7.395833333333333,21.916666666666668,19.416666666666668,38.083333333333336,8.4
2025-08-02,28.25,21.55,24.17875,84.19075009166666,8.3,12.729000196741898,1.513493697493916,22.5,1,-0.8660254037844385,-0.5000000000000004,9.05,5.7875000000000005,18.22083333333333,10.05,5.979166666666667,6.229166666666667,28.33333333333333,21.916666666666668,43.625,11.1
2025-08-03,28.55,21.2,24.277916666666663,82.07651661666667,6.8,10.117499945963091,1.3634987795559326,16.560978,1,-0.8660254037844385,-0.5000000000000004,8.4,9.05,15.2375,18.22083333333333,6.925,5.979166666666667,38.083333333333336,28.33333333333333,50.375,13.675
2025-08-04,28.9,20.6,24.219583333333333,83.06208705833333,7.7,9.648000246176926,-0.0524994482496174,18.965033,1,-0.8660254037844385,-0.5000000000000004,11.1,8.4,19.375,15.2375,8.825000000000001,6.925,43.625,38.083333333333336,58.54166666666666,18.966666666666665
2025-08-05,29.6,20.7,24.446250000000003,82.72571255833333,12.8,8.446499304181248,-0.9014996657089104,17.66753,1,-0.8660254037844385,-0.5000000000000004,13.675,11.1,24.554166666666664,19.375,8.858333333333333,8.825000000000001,50.375,43.625,70.70833333333333,23.90416666666667
2025-08-06,30.1,20.95,24.58833333333333,82.95314045,16.2,5.751000028947387,-1.2734980101240652,12.241323,1,-0.8660254037844385,-0.5000000000000004,18.966666666666665,13.675,32.07083333333333,24.554166666666664,11.079166666666666,8.858333333333333,58.54166666666666,50.375,76.70833333333333,23.65833333333333
2025-08-07,29.6,20.9,24.497916666666665,83.9070219,15.8,6.326999576251387,-0.467999836481375,18.194254,1,-0.8660254037844385,-0.5000000000000004,23.90416666666667,18.966666666666665,37.704166666666666,32.07083333333333,13.429166666666667,11.079166666666666,70.70833333333333,58.54166666666666,72.16666666666667,21.454166666666666
2025-08-08,28.0,20.95,23.53375,87.91642641666667,22.3,7.151999945032669,0.0479991509915004,13.797912,1,-0.8660254037844385,-0.5000000000000004,23.65833333333333,23.90416666666667,37.82083333333333,37.704166666666666,14.129166666666665,13.429166666666667,76.70833333333333,70.70833333333333,63.583333333333336,17.0125
2025-08-09,27.9,21.0,23.67083333333333,86.02575840833333,9.9,7.6019995040276465,0.5100015588022004,13.026081,1,-0.8660254037844385,-0.5000000000000004,21.454166666666666,23.65833333333333,34.82083333333333,37.82083333333333,15.408333333333331,14.129166666666665,72.16666666666667,76.70833333333333,60.958333333333336,15.258333333333333
2025-08-10,27.5,20.85,23.62875,84.32368422500001,9.5,9.78450026102784,1.2869961458407049,16.607864,1,-0.8660254037844385,-0.5000000000000004,17.0125,21.454166666666666,30.429166666666664,34.82083333333333,12.341666666666669,15.408333333333331,63.583333333333336,72.16666666666667,48.16666666666666,10.5125
2025-08-11,28.65,21.05,23.814166666666665,82.67904913333334,6.3,12.466500329448843,1.3484925433109607,23.051247,1,-0.8660254037844385,-0.5000000000000004,15.258333333333333,17.0125,28.754166666666663,30.429166666666664,10.704166666666666,12.341666666666669,60.958333333333336,63.583333333333336,42.79166666666666,10.070833333333336
2025-08-12,27.8,21.2,23.72958333333333,82.91494199166667,12.3,13.068000651767052,0.4469982407135777,21.758419,1,-0.8660254037844385,-0.5000000000000004,10.5125,15.258333333333333,18.90833333333333,28.754166666666663,7.462499999999999,10.704166666666666,48.16666666666666,60.958333333333336,43.91666666666666,8.8125
2025-08-13,27.9,21.3,23.701666666666664,85.5853563,14.8,10.851000281794622,1.243496440847328,17.845436,1,-0.8660254037844385,-0.5000000000000004,10.070833333333336,10.5125,14.825,18.90833333333333,8.75,7.462499999999999,42.79166666666666,48.16666666666666,25.291666666666668,5.354166666666667
2025-08-14,27.85,21.75,23.646666666666665,87.10862669166666,18.8,10.202999528869514,4.016999762341947,18.079027,1,-0.8660254037844385,-0.5000000000000004,8.8125,10.070833333333336,11.779166666666669,14.825,9.920833333333333,8.75,43.91666666666666,42.79166666666666,22.875,4.329166666666667
2025-08-15,26.85,21.35,23.2075,89.17490004166666,42.4,12.31650031101456,1.16999827058027,16.6896,1,-0.8660254037844385,-0.5000000000000004,5.354166666666667,8.8125,6.616666666666667,11.779166666666669,9.829166666666667,9.920833333333333,25.291666666666668,43.91666666666666,20.70833333333333,4.4625
2025-08-16,27.2,21.2,23.13125,89.36322088333333,44.6,12.54000035874568,2.020494874016303,19.468311,1,-0.8660254037844385,-0.5000000000000004,4.329166666666667,5.354166666666667,5.554166666666667,6.616666666666667,7.691666666666666,9.829166666666667,22.875,25.291666666666668,19.0,2.6666666666666665
2025-08-17,26.65,21.8,23.56375,87.8049347,20.0,15.284999112762351,4.57199950955246,23.566256,1,-0.8660254037844385,-0.5000000000000004,4.4625,4.329166666666667,6.970833333333334,5.554166666666667,7.2375,7.691666666666666,20.70833333333333,22.875,20.0,2.2583333333333333
2025-08-18,24.65,21.6,22.609166666666667,92.78326794166668,161.9,17.167497306044197,4.455002973421707,22.979452,1,-0.8660254037844385,-0.5000000000000004,2.6666666666666665,4.4625,3.158333333333333,6.970833333333334,6.295833333333333,7.2375,19.0,20.70833333333333,21.791666666666668,1.95
2025-08-19,23.8,21.4,22.5,93.731818125,225.1,19.042495796766254,6.802511847285403,28.11056,1,-0.8660254037844385,-0.5000000000000004,2.2583333333333333,2.6666666666666665,2.495833333333333,3.158333333333333,6.5625,6.295833333333333,20.0,19.0,22.375,3.020833333333333
2025-08-20,24.3,21.5,22.84333333333333,89.76267780833334,72.9,19.51349613215202,7.537510453729612,30.0767,1,-0.8660254037844385,-0.5000000000000004,1.95,2.2583333333333333,2.075,2.495833333333333,6.358333333333333,6.5625,21.791666666666668,20.0,20.791666666666668,6.058333333333334
2025-08-21,27.15,21.55,23.58375,86.35416009166667,17.5,17.942996538269888,6.8925104360438105,29.511766,1,-0.8660254037844385,-0.5000000000000004,3.020833333333333,1.95,4.358333333333333,2.075,4.941666666666666,6.358333333333333,22.375,21.791666666666668,26.375,5.458333333333333
2025-08-22,27.05,21.25,23.417916666666667,85.28621149166666,15.2,18.18599492349892,5.538012205389121,28.320127,1,-0.8660254037844385,-0.5000000000000004,6.058333333333334,3.020833333333333,10.404166666666669,4.358333333333333,4.466666666666667,4.941666666666666,20.791666666666668,22.375,22.45833333333333,5.170833333333333
2025-08-23,26.8,20.9,23.109583333333333,84.913760125,14.6,19.52249469534109,5.782512668767169,30.70042,1,-0.8660254037844385,-0.5000000000000004,5.458333333333333,6.058333333333334,7.854166666666667,10.404166666666669,5.245833333333333,4.466666666666667,26.375,20.791666666666668,22.375,5.091666666666667
2025-08-24,26.5,20.9,23.05625,85.49360953333333,18.6,18.65399576433987,6.619512300058623,29.30077,1,-0.8660254037844385,-0.5000000000000004,5.170833333333333,5.458333333333333,7.291666666666667,7.854166666666667,4.670833333333333,5.245833333333333,22.45833333333333,26.375,20.541666666666668,3.741666666666666
2025-08-25,25.4,21.35,22.8925,87.369425025,13.0,16.01249579785915,5.151010750051388,27.151375,1,-0.8660254037844385,-0.5000000000000004,5.091666666666667,5.170833333333333,6.508333333333333,7.291666666666667,4.808333333333334,4.670833333333333,22.375,22.45833333333333,17.916666666666668,5.141666666666667
2025-08-26,26.95,21.2,23.371666666666663,87.48857949166667,27.3,14.00550033031752,2.195990367436521,21.347271,1,-0.8660254037844385,-0.5000000000000004,3.741666666666666,5.091666666666667,4.4875,6.508333333333333,5.495833333333334,4.808333333333334,20.541666666666668,22.375,33.0,9.8625
2025-08-27,28.35,21.45,23.86125,85.10948515833334,15.8,12.847500909809586,-0.680994324503146,20.275383,1,-0.8660254037844385,-0.5000000000000004,5.141666666666667,3.741666666666666,7.395833333333333,4.4875,6.766666666666667,5.495833333333334,17.916666666666668,20.541666666666668,41.0,12.108333333333334
2025-08-28,27.9,21.2,23.40333333333333,89.06192021666668,97.4,11.854500530817129,-0.4514974622521732,19.13426,1,-0.8660254037844385,-0.5000000000000004,9.8625,5.141666666666667,16.8125,7.395833333333333,8.554166666666667,6.766666666666667,33.0,17.916666666666668,39.91666666666666,5.045833333333333
2025-08-29,27.15,21.05,23.237916666666667,89.23029844166668,30.0,10.028999869382924,2.0369978872675394,16.276815,1,-0.8660254037844385,-0.5000000000000004,12.108333333333334,9.8625,23.166666666666668,16.8125,9.9625,8.554166666666667,41.0,33.0,23.916666666666668,6.283333333333334
2025-08-30,28.65,21.55,24.20875,84.23525413333333,15.0,11.88449961700854,2.6084960677032862,18.9,1,-0.8660254037844385,-0.5000000000000004,5.045833333333333,12.108333333333334,6.608333333333333,23.166666666666668,10.0375,9.9625,39.91666666666666,41.0,36.125,9.570833333333333
2025-08-31,28.25,21.35,23.887083333333333,84.47017238333333,14.4,15.562500713595464,2.051989111945105,24.522316,1,-0.8660254037844385,-0.5000000000000004,6.283333333333334,5.045833333333333,11.1625,6.608333333333333,7.008333333333333,10.0375,23.916666666666668,39.91666666666666,32.5,5.495833333333334
2025-09-01,27.25,21.65,23.54416666666667,85.51375063333333,15.2,18.334501160719338,2.321983873725818,28.08923,1,-1.0,-1.8369701987210297e-16,9.570833333333333,6.283333333333334,21.2,11.1625,6.05,7.008333333333333,36.125,23.916666666666668,23.166666666666668,6.866666666666667
2025-09-02,27.25,21.45,23.694166666666668,85.67326495833332,12.3,15.966001412001969,-0.5534949331104068,26.241135,1,-1.0,-1.8369701987210297e-16,5.495833333333334,9.570833333333333,9.679166666666667,21.2,5.2875000000000005,6.05,32.5,36.125,35.666666666666664,10.204166666666667
2025-09-03,27.4,20.85,23.36875,84.7305862,11.6,14.101500690284512,-0.490492790846955,22.166327,1,-1.0,-1.8369701987210297e-16,6.866666666666667,5.495833333333334,11.0375,9.679166666666667,6.441666666666666,5.2875000000000005,23.166666666666668,32.5,46.708333333333336,9.620833333333334
2025-09-04,26.65,20.95,23.240416666666665,85.206340275,7.0,15.553499287912071,1.6800055125190148,23.304266,1,-1.0,-1.8369701987210297e-16,10.204166666666667,6.866666666666667,17.266666666666666,11.0375,6.654166666666666,6.441666666666666,35.666666666666664,23.166666666666668,33.916666666666664,7.587499999999999
2025-09-05,27.1,21.45,23.434166666666663,85.21595356666667,2.3,15.158999043118694,3.5834975488720704,24.428326,1,-1.0,-1.8369701987210297e-16,9.620833333333334,10.204166666666667,16.991666666666667,17.266666666666666,6.7125,6.654166666666666,46.708333333333336,35.666666666666664,30.416666666666668,8.65
2025-09-06,26.85,20.45,23.04125,85.05586109166667,2.6,13.37249771265246,5.610006327849423,22.370024,1,-1.0,-1.8369701987210297e-16,7.587499999999999,9.620833333333334,12.9875,16.991666666666667,6.758333333333333,6.7125,33.916666666666664,46.708333333333336,40.41666666666666,8.924999999999999
2025-09-07,27.25,20.6,23.1525,85.29130261666666,6.3,12.2054983098148,4.429503354727169,23.05476,1,-1.0,-1.8369701987210297e-16,8.65,7.587499999999999,15.5375,12.9875,6.533333333333334,6.758333333333333,30.416666666666668,33.916666666666664,32.666666666666664,8.454166666666667
2025-09-08,28.0,18.7,23.05208333333333,85.84200671666667,8.3,8.166000416092658,2.995498176722667,16.74,1,-1.0,-1.8369701987210297e-16,8.924999999999999,8.65,15.354166666666666,15.5375,6.670833333333333,6.533333333333334,40.41666666666666,30.416666666666668,55.29166666666666,19.73333333333333
2025-09-09,29.1,19.1,23.550833333333333,82.18066342499999,1.6,6.128999782675279,0.1425007112173804,14.800554,1,-1.0,-1.8369701987210297e-16,8.454166666666667,8.924999999999999,11.4375,15.354166666666666,8.404166666666667,6.670833333333333,32.666666666666664,40.41666666666666,74.0,28.054166666666664
2025-09-10,29.45,19.6,23.84083333333333,81.49900659166666,3.3000000000000003,5.961000166013426,-0.6825002489163601,13.8037815,1,-1.0,-1.8369701987210297e-16,19.73333333333333,8.454166666666667,33.325,11.4375,10.633333333333333,8.404166666666667,55.29166666666666,32.666666666666664,93.04166666666669,32.5125
2025-09-11,29.25,19.95,23.69125,81.62724853333334,1.4,7.975499265886201,-0.8145003195549723,15.034041,1,-1.0,-1.8369701987210297e-16,28.054166666666664,19.73333333333333,41.0125,33.325,12.05,10.633333333333333,74.0,55.29166666666666,81.66666666666667,25.104166666666668
2025-09-12,27.85,20.65,23.702916666666667,82.46285649166666,6.6000000000000005,6.50100005784785,-1.897499617196728,13.14,1,-1.0,-1.8369701987210297e-16,32.5125,28.054166666666664,44.59583333333333,41.0125,9.525,12.05,93.04166666666669,74.0,76.04166666666667,19.195833333333333
2025-09-13,29.3,21.1,23.42833333333333,88.94231718333334,105.9,5.340000549275124,-1.3469996115756353,11.511559,1,-1.0,-1.8369701987210297e-16,25.104166666666668,32.5125,35.4375,44.59583333333333,14.15,9.525,81.66666666666667,93.04166666666669,48.41666666666666,11.895833333333334
2025-09-14,28.6,20.9,23.460416666666667,89.92950180833333,153.9,6.529500156067614,-1.3980001347429554,14.019216,1,-1.0,-1.8369701987210297e-16,19.195833333333333,25.104166666666668,23.725,35.4375,16.370833333333334,14.15,76.04166666666667,81.66666666666667,53.208333333333336,10.525
2025-09-15,27.3,20.7,22.83375,92.21174943333334,88.3,9.337500085125424,-0.2685022029107043,17.373497,1,-1.0,-1.8369701987210297e-16,11.895833333333334,19.195833333333333,12.858333333333334,23.725,13.533333333333331,16.370833333333334,48.41666666666666,76.04166666666667,50.125,13.8875
2025-09-16,26.7,19.75,22.93083333333333,89.88466385833334,20.2,7.577999635273206,-0.7319976530429716,13.971757,1,-1.0,-1.8369701987210297e-16,10.525,11.895833333333334,11.291666666666666,12.858333333333334,12.875,13.533333333333331,53.208333333333336,48.41666666666666,43.125,9.283333333333331
2025-09-17,29.35,20.95,23.80583333333333,88.07893874999999,76.5,5.083500105784057,0.1755006095894831,15.547875,1,-1.0,-1.8369701987210297e-16,13.8875,10.525,16.808333333333334,11.291666666666666,15.108333333333334,12.875,50.125,53.208333333333336,46.708333333333336,13.275
2025-09-18,27.6,21.35,23.45083333333333,91.21933175,116.2,3.7800000349002,-0.5444996557637566,10.948973,1,-1.0,-1.8369701987210297e-16,9.283333333333331,13.8875,10.529166666666669,16.808333333333334,11.816666666666668,15.108333333333334,43.125,50.125,51.708333333333336,10.345833333333331
2025-09-19,28.2,20.9,23.564166666666665,88.45851295833333,47.6,8.602499947780835,0.7065001396440818,15.027575,1,-1.0,-1.8369701987210297e-16,13.275,9.283333333333331,13.825,10.529166666666669,13.445833333333333,11.816666666666668,46.708333333333336,43.125,37.958333333333336,8.933333333333334
2025-09-20,28.05,20.75,23.685416666666665,86.88690904166667,22.8,9.47700019386198,0.0450001126070358,16.198,1,-1.0,-1.8369701987210297e-16,10.345833333333331,13.275,11.091666666666669,13.825,12.425,13.445833333333333,51.708333333333336,46.708333333333336,48.04166666666666,14.033333333333331
2025-09-21,29.0,20.25,23.66583333333333,87.81543935833334,26.6,8.905499925133967,-0.883500150051231,16.92383,1,-1.0,-1.8369701987210297e-16,8.933333333333334,10.345833333333331,11.791666666666666,11.091666666666669,10.483333333333333,12.425,37.958333333333336,51.708333333333336,45.91666666666666,8.579166666666667
2025-09-22,27.5,20.1,22.905,89.116120575,63.6,10.469999590760006,-0.1379974130029257,16.557064,1,-1.0,-1.8369701987210297e-16,14.033333333333331,8.933333333333334,16.379166666666666,11.791666666666666,10.266666666666667,10.483333333333333,48.04166666666666,37.958333333333336,33.708333333333336,12.629166666666668
2025-09-23,27.1,19.9,22.60625,86.70713849166667,14.9,12.172500650188145,-0.226499363255863,22.682856,1,-1.0,-1.8369701987210297e-16,8.579166666666667,14.033333333333331,9.241666666666667,16.379166666666666,10.879166666666668,10.266666666666667,45.91666666666666,48.04166666666666,59.41666666666666,14.204166666666666
2025-09-24,27.45,19.85,22.960416666666667,83.86522910833334,6.9,10.366499321762594,-0.5639972046548765,20.527102,1,-1.0,-1.8369701987210297e-16,12.629166666666668,8.579166666666667,18.429166666666667,9.241666666666667,9.7,10.879166666666668,33.708333333333336,45.91666666666666,46.458333333333336,10.191666666666666
2025-09-25,28.3,20.15,23.39625,83.56729830833333,7.2,9.377999847436046,-0.8624984894700488,15.833861,1,-1.0,-1.8369701987210297e-16,14.204166666666666,12.629166666666668,18.7625,18.429166666666667,8.116666666666667,9.7,59.41666666666666,33.708333333333336,47.25,14.545833333333334
2025-09-26,27.25,21.0,22.964166666666664,88.91864604166668,31.7,10.002000113012391,-1.171498230633508,16.343367,1,-1.0,-1.8369701987210297e-16,10.191666666666666,14.204166666666666,11.879166666666668,18.7625,9.266666666666667,8.116666666666667,46.458333333333336,59.41666666666666,51.91666666666666,8.433333333333334
2025-09-27,26.1,20.75,22.56875,92.70713706666668,377.4,14.057999700316206,0.9420026877220998,27.86921,1,-1.0,-1.8369701987210297e-16,14.545833333333334,10.191666666666666,16.087500000000002,11.879166666666668,11.541666666666666,9.266666666666667,47.25,46.458333333333336,27.416666666666668,3.2625
2025-09-28,23.15,20.6,21.80208333333333,92.82634964166668,147.6,16.575000014899572,6.952496265029002,25.431013,1,-1.0,-1.8369701987210297e-16,8.433333333333334,14.545833333333334,9.145833333333334,16.087500000000002,12.3875,11.541666666666666,51.91666666666666,47.25,35.5,10.0375
2025-09-29,27.2,20.7,22.95583333333333,84.90340211666667,7.4,9.96449852347627,5.254503931363388,21.15823,1,-1.0,-1.8369701987210297e-16,3.2625,8.433333333333334,3.4333333333333336,9.145833333333334,7.804166666666667,12.3875,27.416666666666668,51.91666666666666,40.208333333333336,6.695833333333333
2025-09-30,27.2,20.4,23.111666666666668,85.100820025,10.1,8.303998496107234,6.994501082743431,21.960737,1,-1.0,-1.8369701987210297e-16,10.0375,3.2625,12.125,3.4333333333333336,6.416666666666667,7.804166666666667,35.5,27.416666666666668,24.08333333333333,5.970833333333334
2025-10-01,28.3,20.2,23.59625,83.11550968333333,3.3000000000000003,7.9230000251145745,7.042498697744907,19.500736,1,-0.8660254037844386,0.5000000000000001,6.695833333333333,10.0375,8.683333333333334,12.125,7.625,6.416666666666667,40.208333333333336,35.5,30.5,7.7875
2025-10-02,28.75,21.0,23.845416666666665,81.98813539166666,1.7000000000000002,6.709499216744613,5.583001097185322,18.329092,1,-0.8660254037844386,0.5000000000000001,5.970833333333334,6.695833333333333,7.666666666666667,8.683333333333334,7.995833333333334,7.625,24.08333333333333,40.208333333333336,34.958333333333336,9.420833333333333
2025-10-03,28.4,21.15,23.975,84.96588618333334,11.2,5.982000024465267,2.876999597608458,12.841963,1,-0.8660254037844386,0.5000000000000001,7.7875,5.970833333333334,10.420833333333333,7.666666666666667,9.95,7.995833333333334,30.5,24.08333333333333,50.208333333333336,13.075
2025-10-04,29.35,20.65,23.8025,85.1487008,16.900000000000002,7.305000174762807,1.03499922746396,14.292725,1,-0.8660254037844386,0.5000000000000001,9.420833333333333,7.7875,10.1875,10.420833333333333,10.3625,9.95,34.958333333333336,30.5,53.66666666666666,15.783333333333331
2025-10-05,28.4,19.0,22.95208333333333,85.69297773333332,21.9,7.233000341800354,1.4609982807221762,14.332341,1,-0.8660254037844386,0.5000000000000001,13.075,9.420833333333333,15.754166666666668,10.1875,10.620833333333334,10.3625,50.208333333333336,34.958333333333336,62.708333333333336,19.041666666666668
2025-10-06,28.3,19.6,23.23,82.62685806666667,1.3,7.1370002522638565,1.1459992367626162,16.607864,1,-0.8660254037844386,0.5000000000000001,15.783333333333331,13.075,26.3875,15.754166666666668,9.95,10.620833333333334,53.66666666666666,50.208333333333336,59.333333333333336,16.245833333333334
2025-10-07,28.45,19.6,23.023333333333333,85.70489570833334,6.1,6.553499339520296,-0.8474999824187587,16.32055,1,-0.8660254037844386,0.5000000000000001,19.041666666666668,15.783333333333331,36.69166666666667,26.3875,10.375,9.95,62.708333333333336,53.66666666666666,78.16666666666667,32.49166666666667
2025-10-08,28.7,19.95,23.7325,81.97726444999999,8.5,1.569000004962068,-0.5759995640252912,11.038858,1,-0.8660254037844386,0.5000000000000001,16.245833333333334,19.041666666666668,18.491666666666667,36.69166666666667,12.254166666666668,10.375,59.333333333333336,62.708333333333336,97.625,35.708333333333336
2025-10-09,29.35,19.7,24.24416666666667,74.41010575,0.6000000000000001,-0.8654998829849782,-1.1219998714452568,8.792405,1,-0.8660254037844386,0.5000000000000001,32.49166666666667,16.245833333333334,37.020833333333336,18.491666666666667,17.516666666666666,12.254166666666668,78.16666666666667,59.333333333333336,108.25,40.97083333333333
2025-10-10,30.35,19.65,24.60375,68.58815870833334,0.7000000000000001,-0.1500004145333696,-1.8360003776139795,11.236671,1,-0.8660254037844386,0.5000000000000001,35.708333333333336,32.49166666666667,63.13333333333333,37.020833333333336,19.195833333333333,17.516666666666666,97.625,78.16666666666667,116.08333333333331,48.05833333333334
2025-10-11,30.85,19.1,24.607916666666664,65.08124845833333,0.4,-0.3195002395903127,-1.5329994141606662,9.144637,1,-0.8660254037844386,0.5000000000000001,40.97083333333333,35.708333333333336,63.2,63.13333333333333,19.5875,19.195833333333333,108.25,97.625,129.83333333333334,41.016666666666666
2025-10-12,31.25,19.25,24.87833333333333,62.3222283,0.0,-2.286000284572025,-2.0549998703797767,9.109138,0,-0.8660254037844386,0.5000000000000001,48.05833333333334,40.97083333333333,64.73333333333333,63.2,25.8125,19.5875,116.08333333333331,108.25,102.16666666666669,34.041666666666664
2025-10-13,31.55,19.15,25.002916666666668,61.05580016666667,0.0,-2.3699997757231133,-2.3775005439536065,9.688281,0,-0.8660254037844386,0.5000000000000001,41.016666666666666,48.05833333333334,48.75416666666666,64.73333333333333,23.2,25.8125,129.83333333333334,116.08333333333331,94.29166666666669,30.416666666666668
2025-10-14,31.45,19.3,25.07583333333333,56.6984884,0.0,-4.671000235825179,-1.3394985724398607,12.825552,0,-0.8660254037844386,0.5000000000000001,34.041666666666664,41.016666666666666,38.07083333333333,48.75416666666666,19.79583333333333,23.2,102.16666666666669,129.83333333333334,84.25,22.90833333333333
2025-10-15,31.05,20.15,25.1675,72.62793648333333,11.0,-6.777000113557497,-0.4470023376711943,18.903427,1,-0.8660254037844386,0.5000000000000001,30.416666666666668,34.041666666666664,33.016666666666666,38.07083333333333,19.004166666666663,19.79583333333333,94.29166666666669,102.16666666666669,60.04166666666666,16.545833333333334
2025-10-16,32.3,21.6,26.52,66.16223311666667,0.5,-8.461500111632718,0.8159967103727087,17.026896,1,-0.8660254037844386,0.5000000000000001,22.90833333333333,30.416666666666668,23.475,33.016666666666666,13.320833333333333,19.004166666666663,84.25,94.29166666666669,66.95833333333333,21.52916666666667
2025-10-17,31.8,20.95,26.39708333333333,60.98259649166666,1.0,-8.779499891587951,-0.7724961731186804,17.82,1,-0.8660254037844386,0.5000000000000001,16.545833333333334,22.90833333333333,16.712500000000002,23.475,13.3625,13.320833333333333,60.04166666666666,84.25,85.125,39.958333333333336
2025-10-18,32.05,21.0,26.15083333333333,61.03498283333333,1.1,-5.804999955501152,-0.4155006159925085,15.299999,1,-0.8660254037844386,0.5000000000000001,21.52916666666667,16.545833333333334,21.79583333333333,16.712500000000002,8.616666666666667,13.3625,66.95833333333333,60.04166666666666,140.58333333333334,64.83749999999999
2025-10-19,32.2,20.65,26.227500000000003,58.67473649166666,0.0,-7.180500109099119,-0.3374990239250724,15.96327,0,-0.8660254037844386,0.5000000000000001,39.958333333333336,21.52916666666667,40.80416666666667,21.79583333333333,11.525,8.616666666666667,85.125,66.95833333333333,143.25,38.47916666666666
2025-10-20,32.35,21.0,26.64375,55.21684965,0.0,-10.775999659560878,-1.2299985578418704,16.13286,0,-0.8660254037844386,0.5000000000000001,64.83749999999999,39.958333333333336,68.15416666666667,40.80416666666667,15.520833333333334,11.525,140.58333333333334,85.125,87.33333333333333,20.454166666666666
2025-10-21,31.85,20.85,25.28375,76.22210224166666,15.0,-8.647500560452817,-0.46049913938192,14.154915,1,-0.8660254037844386,0.5000000000000001,38.47916666666666,64.83749999999999,40.63333333333333,68.15416666666667,9.625,15.520833333333334,143.25,140.58333333333334,59.583333333333336,16.458333333333332
2025-10-22,31.8,21.95,25.84,73.23286673333334,19.8,-9.385500228186803,-1.4519970276280092,16.267857,1,-0.8660254037844386,0.5000000000000001,20.454166666666666,38.47916666666666,20.704166666666666,40.63333333333333,6.354166666666667,9.625,87.33333333333333,143.25,55.54166666666666,11.316666666666668
2025-10-23,32.1,20.8,25.524166666666662,77.02609735833333,45.1,-12.268500025499502,0.0525013612092507,21.210234,1,-0.8660254037844386,0.5000000000000001,16.458333333333332,20.454166666666666,16.51666666666667,20.704166666666666,6.608333333333333,6.354166666666667,59.583333333333336,87.33333333333333,36.79166666666666,7.279166666666666
2025-10-24,29.15,21.05,24.02541666666667,84.87175395833333,56.6,-11.326499710592731,1.6754999208491677,20.949713,1,-0.8660254037844386,0.5000000000000001,11.316666666666668,16.458333333333332,11.441666666666668,16.51666666666667,5.6125,6.608333333333333,55.54166666666666,59.583333333333336,30.75,8.795833333333333
2025-10-25,28.45,20.4,23.71333333333333,86.59796998333333,22.2,-5.794498874445858,2.854500690911941,16.485485,1,-0.8660254037844386,0.5000000000000001,7.279166666666666,11.316666666666668,7.358333333333333,11.441666666666668,7.341666666666666,5.6125,36.79166666666666,55.54166666666666,44.458333333333336,10.416666666666666
2025-10-26,26.6,20.85,22.777083333333334,90.06785636666667,94.4,-7.358999555605346,4.297500358524634,20.81239,1,-0.8660254037844386,0.5000000000000001,8.795833333333333,7.279166666666666,9.116666666666667,7.358333333333333,11.175,7.341666666666666,30.75,36.79166666666666,39.083333333333336,10.4875
2025-10-27,29.45,19.7,23.39958333333333,88.27180298333333,59.1,-4.107000427188435,4.204500225321329,21.007626,1,-0.8660254037844386,0.5000000000000001,10.416666666666666,8.795833333333333,11.120833333333332,9.116666666666667,8.895833333333334,11.175,44.458333333333336,30.75,58.458333333333336,23.454166666666666
2025-10-28,29.65,19.65,24.2125,80.42697713333334,0.1,-1.7475003836206944,3.1529997563591667,12.483749,1,-0.8660254037844386,0.5000000000000001,10.4875,10.416666666666666,10.85,11.120833333333332,11.9,8.895833333333334,39.083333333333336,44.458333333333336,89.875,29.7125
2025-10-29,30.25,20.7,24.60666666666667,78.681558975,9.6,0.6270005120749523,2.879999631466113,13.259049,1,-0.8660254037844386,0.5000000000000001,23.454166666666666,10.4875,24.558333333333334,10.85,14.941666666666668,11.9,58.458333333333336,39.083333333333336,65.08333333333333,16.966666666666665
2025-10-30,28.35,19.5,22.719583333333333,83.17486115833334,32.1,3.895499403949854,5.578500019414852,19.849846,1,-0.8660254037844386,0.5000000000000001,29.7125,23.454166666666666,31.53333333333333,24.558333333333334,21.2125,14.941666666666668,89.875,58.458333333333336,64.58333333333333,13.666666666666666
2025-10-31,28.4,20.1,23.62625,86.03700745833333,4.2,1.4714998639234849,4.711499989070778,15.779543,1,-0.8660254037844386,0.5000000000000001,16.966666666666665,29.7125,18.5375,31.53333333333333,13.308333333333332,21.2125,65.08333333333333,89.875,38.66666666666666,9.095833333333331
2025-11-01,29.05,20.8,23.793333333333333,88.03034994166666,22.2,5.354999709897558,3.497999905386018,15.210799,1,-0.5000000000000004,0.8660254037844384,13.666666666666666,16.966666666666665,15.095833333333331,18.5375,11.7375,13.308333333333332,64.58333333333333,65.08333333333333,49.75,13.983333333333334
2025-11-02,28.3,20.55,23.50583333333333,86.38349171666667,10.3,7.763999535642517,2.6865009580976027,14.721535,1,-0.5000000000000004,0.8660254037844384,9.095833333333331,13.666666666666666,9.583333333333334,15.095833333333331,10.670833333333334,11.7375,38.66666666666666,64.58333333333333,54.375,14.225
2025-11-03,28.75,19.25,23.497916666666665,85.09620239166667,3.4000000000000004,8.406000379424183,1.032001235143615,17.108522,1,-0.5000000000000004,0.8660254037844384,13.983333333333334,9.095833333333331,15.0625,9.583333333333334,11.391666666666666,10.670833333333334,49.75,38.66666666666666,57.91666666666666,19.35
2025-11-04,28.5,18.55,22.92083333333333,82.72669518333333,0.5,8.177999973736142,0.6600043529014006,16.67795,1,-0.5000000000000004,0.8660254037844384,14.225,13.983333333333334,14.891666666666666,15.0625,8.741666666666667,11.391666666666666,54.375,49.75,80.91666666666667,31.2625
2025-11-05,28.6,19.15,22.80125,79.86645960833333,0.9,4.2569997999797575,-0.820499060301261,12.7279215,1,-0.5000000000000004,0.8660254037844384,19.35,14.225,20.279166666666665,14.891666666666666,10.6875,8.741666666666667,57.91666666666666,54.375,102.58333333333331,40.69583333333333
2025-11-06,28.95,17.85,23.1875,72.35438045,0.1,-3.82199976872036,-1.837500080541027,12.303366,1,-0.5000000000000004,0.8660254037844384,31.2625,19.35,32.458333333333336,20.279166666666665,12.366666666666667,10.6875,80.91666666666667,57.91666666666666,104.16666666666669,32.05416666666667
2025-11-07,29.65,17.4,23.12458333333333,65.12521028333333,0.0,-2.231999575727264,-1.1774994854210594,11.720751,0,-0.5000000000000004,0.8660254037844384,40.69583333333333,31.2625,42.266666666666666,32.458333333333336,17.666666666666668,12.366666666666667,102.58333333333331,80.91666666666667,92.875,33.59166666666667
2025-11-08,29.5,15.95,22.52208333333333,59.382995,0.0,0.0239999638515932,-2.152499865196291,9.224011,0,-0.5000000000000004,0.8660254037844384,32.05416666666667,40.69583333333333,32.87916666666667,42.266666666666666,21.52916666666667,17.666666666666668,104.16666666666669,102.58333333333331,102.20833333333331,32.8125
2025-11-09,29.3,13.85,21.68583333333333,56.89115805,0.0,1.591500332910453,-1.6274991798093572,9.526405,0,-0.5000000000000004,0.8660254037844384,33.59166666666667,32.05416666666667,35.083333333333336,32.87916666666667,25.0625,21.52916666666667,92.875,104.16666666666669,108.04166666666669,41.6
2025-11-10,29.55,14.0,21.402916666666663,55.29535105833334,0.0,-0.7560002629173612,-0.4694993007344876,10.34178,0,-0.5000000000000004,0.8660254037844384,32.8125,33.59166666666667,34.27916666666667,35.083333333333336,25.004166666666663,25.0625,102.20833333333331,92.875,124.54166666666669,49.00833333333333
2025-11-11,29.75,14.4,21.84375,54.79884285833334,0.0,-1.7819996278804704,-0.3180004361079278,10.028439,0,-0.5000000000000004,0.8660254037844384,41.6,32.8125,43.68333333333334,34.27916666666667,24.83333333333333,25.004166666666663,108.04166666666669,102.20833333333331,140.20833333333334,52.145833333333336
2025-11-12,29.7,15.0,22.236666666666668,53.718139416666666,0.0,-3.856500016504804,-1.594500070283133,11.885453,0,-0.5000000000000004,0.8660254037844384,49.00833333333333,41.6,51.520833333333336,43.68333333333334,26.4125,24.83333333333333,124.54166666666669,108.04166666666669,121.83333333333331,40.41666666666666
2025-11-13,30.1,14.8,22.367916666666662,51.906083875,0.0,-4.357500015700201,-1.6604993567963648,11.480557,0,-0.5000000000000004,0.8660254037844384,52.145833333333336,49.00833333333333,54.5375,51.520833333333336,25.55,26.4125,140.20833333333334,124.54166666666669,112.79166666666669,39.52916666666667
2025-11-14,29.35,13.95,21.645416666666662,48.90418065,0.0,-4.893000088928095,-1.7894990155981114,11.792404,0,-0.5000000000000004,0.8660254037844384,40.41666666666666,52.145833333333336,41.92916666666667,54.5375,17.904166666666665,25.55,121.83333333333331,140.20833333333334,113.04166666666669,37.1625
2025-11-15,29.4,13.65,21.44,48.41732280833333,0.0,-6.170999839489979,-1.0754988603189688,13.14,0,-0.5000000000000004,0.8660254037844384,39.52916666666667,40.41666666666666,41.40833333333333,41.92916666666667,15.070833333333333,17.904166666666665,112.79166666666669,121.83333333333331,107.375,33.95
2025-11-16,28.7,13.4,21.082916666666662,47.35956024166667,0.0,-7.228499644396576,-1.2600002822567469,13.154786,0,-0.5000000000000004,0.8660254037844384,37.1625,39.52916666666667,39.6125,41.40833333333333,14.025,15.070833333333333,113.04166666666669,112.79166666666669,103.375,39.0625
2025-11-17,28.4,12.6,20.602500000000003,43.55420765833333,0.0,-7.884000107214382,-0.5849976230170194,15.861461,0,-0.5000000000000004,0.8660254037844384,33.95,37.1625,35.35,39.6125,9.270833333333334,14.025,107.375,113.04166666666669,123.70833333333331,45.79583333333333
2025-11-18,28.75,12.15,20.241666666666667,47.233137475,0.0,-6.467999880682111,-0.6705001920935215,13.433838,0,-0.5000000000000004,0.8660254037844384,39.0625,33.95,41.329166666666666,35.35,9.408333333333331,9.270833333333334,103.375,107.375,124.83333333333331,44.04583333333333
2025-11-19,29.95,12.3,21.14708333333333,48.953594275,0.0,-3.0554996464961186,-1.6980002087318924,10.483357,0,-0.5000000000000004,0.8660254037844384,45.79583333333333,39.0625,48.25833333333333,41.329166666666666,12.420833333333334,9.408333333333331,123.70833333333331,103.375,121.54166666666669,45.3375
2025-11-20,29.5,13.15,21.365416666666665,48.97076096666667,0.0,-4.984499494598305,-2.0625009350362933,12.124306,0,-0.5000000000000004,0.8660254037844384,44.04583333333333,45.79583333333333,45.7625,48.25833333333333,15.275,12.420833333333334,124.83333333333331,123.70833333333331,125.70833333333331,44.4
2025-11-21,30.7,13.65,22.766666666666666,54.304804833333336,0.0,-4.185000868295745,-1.2269990480406483,10.483357,0,-0.5000000000000004,0.8660254037844384,45.3375,44.04583333333333,47.47083333333333,45.7625,12.9,15.275,121.54166666666669,124.83333333333331,110.41666666666669,30.579166666666666
2025-11-22,32.65,16.3,24.54208333333333,58.32407615833333,0.0,-1.2390001574792977,-0.6074999526056567,11.207801,0,-0.5000000000000004,0.8660254037844384,44.4,45.3375,45.44166666666666,47.47083333333333,18.425,12.9,125.70833333333331,121.54166666666669,99.5,40.266666666666666
2025-11-23,32.5,17.8,24.7475,60.167499375000006,0.0,1.1400000174090423,-1.4039993890740567,11.712455,0,-0.5000000000000004,0.8660254037844384,30.579166666666666,44.4,31.03333333333333,45.44166666666666,17.629166666666666,18.425,110.41666666666669,125.70833333333331,129.125,51.05416666666667
2025-11-24,31.65,17.7,24.36625,60.160335275,0.0,-2.5980003981527497,-0.3599994010075787,10.435344,0,-0.5000000000000004,0.8660254037844384,40.266666666666666,30.579166666666666,41.204166666666666,31.03333333333333,26.075,17.629166666666666,99.5,110.41666666666669,108.875,33.275
2025-11-25,31.1,17.35,24.330416666666668,58.11435895,0.0,-4.5794997437438845,-0.1845000929000061,13.184308,0,-0.5000000000000004,0.8660254037844384,51.05416666666667,40.266666666666666,52.88333333333333,41.204166666666666,26.666666666666668,26.075,129.125,99.5,92.70833333333331,30.508333333333336
2025-11-26,30.25,16.75,23.42375,55.51893136666667,0.0,-5.791500202823173,0.2385004429428862,11.788281,0,-0.5000000000000004,0.8660254037844384,33.275,51.05416666666667,34.40416666666667,52.88333333333333,20.6375,26.666666666666668,108.875,129.125,100.83333333333331,45.52916666666667
2025-11-27,29.45,16.55,23.09708333333333,58.44125021666667,0.0,-7.914000115667647,0.4965021714607639,14.892213,0,-0.5000000000000004,0.8660254037844384,30.508333333333336,33.275,31.454166666666666,34.40416666666667,16.129166666666666,20.6375,92.70833333333331,108.875,147.75,61.7
2025-11-28,29.2,16.05,22.615,59.92369144166666,0.0,-7.669500272074361,-1.4174998920691817,13.346729,0,-0.5000000000000004,0.8660254037844384,45.52916666666667,30.508333333333336,46.3,31.454166666666666,10.045833333333333,16.129166666666666,100.83333333333331,92.70833333333331,128.58333333333334,33.166666666666664
2025-11-29,28.35,13.6,20.971666666666668,51.51319961666666,0.0,-8.776499871553439,-2.125501293767643,14.517644,0,-0.5000000000000004,0.8660254037844384,61.7,45.52916666666667,62.625,46.3,6.920833333333333,10.045833333333333,147.75,100.83333333333331,101.33333333333331,36.25416666666667
2025-11-30,28.3,13.2,20.482916666666664,46.06188383333333,0.0,-6.637499202632155,-1.0050009729418938,12.461669,0,-0.5000000000000004,0.8660254037844384,33.166666666666664,61.7,33.6,62.625,6.908333333333334,6.920833333333333,128.58333333333334,147.75,115.33333333333331,45.15
2025-12-01,28.7,12.95,20.91333333333333,50.86077465,0.0,-3.234000123171614,-1.1535001801066884,9.587428,0,-2.4492935982947064e-16,1.0,36.25416666666667,33.166666666666664,36.770833333333336,33.6,9.216666666666669,6.908333333333334,101.33333333333331,128.58333333333334,134.58333333333334,52.40416666666667
2025-12-02,28.25,13.3,20.874166666666667,52.99875233333333,0.0,-3.566999944902141,-1.75799981971969,10.656547,0,-2.4492935982947064e-16,1.0,45.15,36.25416666666667,45.5625,36.770833333333336,12.483333333333334,9.216666666666669,115.33333333333331,101.33333333333331,151.25,63.4125
2025-12-03,28.5,13.35,21.469583333333333,59.27347003333333,0.0,-6.162000090961611,-1.27799921474823,12.049249,0,-2.4492935982947064e-16,1.0,52.40416666666667,45.15,52.74583333333334,45.5625,11.866666666666667,12.483333333333334,134.58333333333334,115.33333333333331,147.875,51.75416666666666
2025-12-04,29.3,15.0,22.409166666666668,60.257262,0.0,-7.547999994306462,-1.0995003554065492,14.799459,0,-2.4492935982947064e-16,1.0,63.4125,52.40416666666667,63.84583333333333,52.74583333333334,9.808333333333334,11.866666666666667,151.25,134.58333333333334,131.04166666666666,45.645833333333336
2025-12-05,29.9,16.2,22.820416666666667,59.54163733333333,0.0,-7.865999819035609,-1.6470001485991674,14.319901,0,-2.4492935982947064e-16,1.0,51.75416666666666,63.4125,52.11666666666667,63.84583333333333,9.066666666666666,9.808333333333334,147.875,151.25,124.91666666666669,45.35416666666666
2025-12-06,28.95,15.7,22.0775,48.488356466666666,0.0,-7.416000071942995,-0.3449990058852466,12.791403,0,-2.4492935982947064e-16,1.0,45.645833333333336,51.75416666666666,45.84166666666667,52.11666666666667,6.929166666666667,9.066666666666666,131.04166666666666,147.875,125.83333333333331,41.92083333333333
2025-12-07,29.1,14.5,21.7825,49.06872251666667,0.0,-6.120000111042968,-0.1769996560659842,11.183201,0,-2.4492935982947064e-16,1.0,45.35416666666666,45.645833333333336,45.98333333333333,45.84166666666667,9.916666666666666,6.929166666666667,124.91666666666669,131.04166666666666,100.83333333333331,25.90416666666667
2025-12-08,30.05,13.0,21.46,41.876170558333335,0.0,-5.93550018622956,-2.164499065007399,13.229694,0,-2.4492935982947064e-16,1.0,41.92083333333333,45.35416666666666,42.4,45.98333333333333,9.708333333333334,9.916666666666666,125.83333333333331,124.91666666666669,79.375,19.03333333333333
2025-12-09,29.8,12.35,21.035416666666663,38.333548891666666,0.0,-8.815500162806478,-0.9644970850678408,16.755476,0,-2.4492935982947064e-16,1.0,25.90416666666667,41.92083333333333,26.98333333333333,42.4,9.695833333333333,9.708333333333334,100.83333333333331,125.83333333333331,68.79166666666667,15.633333333333333
2025-12-10,29.3,12.25,20.579583333333336,37.46228415,0.0,-6.776999910532938,-1.771499013936365,15.861461,0,-2.4492935982947064e-16,1.0,19.03333333333333,25.90416666666667,19.745833333333334,26.98333333333333,8.075000000000001,9.695833333333333,79.375,100.83333333333331,66.66666666666667,17.145833333333332
2025-12-11,28.6,11.55,19.91708333333333,37.75886091666667,0.0,-4.730999694344798,-0.85349947881416,10.914888,0,-2.4492935982947064e-16,1.0,15.633333333333333,19.03333333333333,16.095833333333335,19.745833333333334,8.025,8.075000000000001,68.79166666666667,79.375,72.45833333333333,22.579166666666666
2025-12-12,28.7,11.75,20.2525,39.9786784375,0.0,-4.717499894135004,-0.8429997988946056,11.003581,0,-2.4492935982947064e-16,1.0,17.145833333333332,15.633333333333333,17.266666666666666,16.095833333333335,11.35,8.025,66.66666666666667,68.79166666666667,82.08333333333333,24.71666666666667
2025-12-13,29.5,11.7,20.855833333333333,42.53923089166666,0.0,-5.249999995892699,-1.417499565069854,10.656547,0,-2.4492935982947064e-16,1.0,22.579166666666666,17.145833333333332,22.9375,17.266666666666666,13.070833333333333,11.35,72.45833333333333,66.66666666666667,87.125,25.229166666666668
2025-12-14,29.05,12.45,20.947916666666668,41.45045471666666,0.0,-6.439500476932751,-0.8520004736012152,15.602999,0,-2.4492935982947064e-16,1.0,24.71666666666667,22.579166666666666,25.504166666666663,22.9375,12.879166666666668,13.070833333333333,82.08333333333333,72.45833333333333,81.375,20.775
2025-12-15,28.45,12.25,20.725416666666668,42.059418,0.0,-8.54999964997312,-0.1019996181623288,15.3095255,0,-2.4492935982947064e-16,1.0,25.229166666666668,24.71666666666667,26.104166666666668,25.504166666666663,9.995833333333334,12.879166666666668,87.125,82.08333333333333,90.04166666666667,32.67916666666667
2025-12-16,28.9,12.1,20.797916666666666,48.38511643333334,0.0,-8.233499933232007,1.2149993625306204,17.76081,0,-2.4492935982947064e-16,1.0,20.775,25.229166666666668,22.933333333333334,26.104166666666668,8.720833333333333,9.995833333333334,81.375,87.125,110.33333333333331,42.6125
2025-12-17,30.2,13.35,21.49,50.60482325,0.0,-5.731499919868786,-1.855499482126596,11.500296,0,-2.4492935982947064e-16,1.0,32.67916666666667,20.775,34.6625,22.933333333333334,9.645833333333334,8.720833333333333,90.04166666666667,81.375,113.08333333333331,32.9
2025-12-18,30.6,12.85,21.089583333333334,39.8511575,0.0,-5.902499712094055,-1.2495004094383226,12.267762,0,-2.4492935982947064e-16,1.0,42.6125,32.67916666666667,44.975,34.6625,9.625,9.645833333333334,110.33333333333331,90.04166666666667,83.20833333333333,22.0125
2025-12-19,29.6,12.15,20.655,37.767966675,0.0,-5.81099949512864,-2.0219995501324126,14.0734215,0,-2.4492935982947064e-16,1.0,32.9,42.6125,34.958333333333336,44.975,9.983333333333333,9.625,113.08333333333331,110.33333333333331,62.708333333333336,15.091666666666669
2025-12-20,28.95,11.65,20.6475,37.192187233333335,0.0,-6.766499666335411,-1.141501662274803,13.948548,0,-2.4492935982947064e-16,1.0,22.0125,32.9,22.55,34.958333333333336,11.041666666666666,9.983333333333333,83.20833333333333,113.08333333333331,67.33333333333333,23.508333333333336
2025-12-21,28.1,11.8,19.9075,42.8579942,0.0,-6.718500397923779,-0.9644979816403544,12.182955,0,-2.4492935982947064e-16,1.0,15.091666666666669,22.0125,15.129166666666668,22.55,11.841666666666669,11.041666666666666,62.708333333333336,83.20833333333333,91.25,27.916666666666668
2025-12-22,29.05,11.85,20.6725,43.28142749166667,0.0,-6.926999615109764,-1.111498864595223,13.558673,0,-2.4492935982947064e-16,1.0,23.508333333333336,15.091666666666669,23.8,15.129166666666668,9.3125,11.841666666666669,67.33333333333333,62.708333333333336,80.33333333333333,22.85
2025-12-23,28.85,12.85,20.91625,43.880445225,0.0,-6.832500181177652,-1.222498391695317,13.262714,0,-2.4492935982947064e-16,1.0,27.916666666666668,23.508333333333336,28.204166666666666,23.8,9.433333333333334,9.3125,91.25,67.33333333333333,72.75,20.65
2025-12-24,28.1,12.8,20.329166666666666,43.650804416666666,0.0,-7.019999915968452,-0.2759999771501283,15.664136,0,-2.4492935982947064e-16,1.0,22.85,27.916666666666668,23.129166666666663,28.204166666666666,8.904166666666667,9.433333333333334,80.33333333333333,91.25,82.58333333333333,35.30416666666667
2025-12-25,28.15,12.35,20.304166666666667,47.310766075,0.0,-5.254500181835011,-0.490499736082566,12.801531,0,-2.4492935982947064e-16,1.0,20.65,22.85,20.9625,23.129166666666663,9.166666666666666,8.904166666666667,72.75,80.33333333333333,109.54166666666669,34.854166666666664
2025-12-26,27.75,12.05,20.105,46.07897505833333,0.0,-5.540999569078964,-0.1814990776016957,10.7714615,0,-2.4492935982947064e-16,1.0,35.30416666666667,20.65,36.208333333333336,20.9625,10.391666666666667,9.166666666666666,82.58333333333333,72.75,104.375,38.12083333333333
2025-12-27,28.4,12.7,20.56291666666667,46.175877,0.0,-5.544000159104041,-0.3555002534730592,11.833546,0,-2.4492935982947064e-16,1.0,34.854166666666664,35.30416666666667,36.020833333333336,36.208333333333336,11.9125,10.391666666666667,109.54166666666669,82.58333333333333,113.04166666666669,42.125
2025-12-28,28.6,12.5,20.397916666666667,47.733176191666665,0.0,-5.620499544919878,-0.6750000586724993,10.717182,0,-2.4492935982947064e-16,1.0,38.12083333333333,34.854166666666664,39.13333333333333,36.020833333333336,11.258333333333333,11.9125,104.375,109.54166666666669,119.91666666666669,43.125
2025-12-29,28.6,11.85,20.18208333333333,50.65047385,0.0,-3.90899962407189,-0.1050004480998496,10.874741,0,-2.4492935982947064e-16,1.0,42.125,38.12083333333333,42.97916666666666,39.13333333333333,10.808333333333332,11.258333333333333,113.04166666666669,104.375,133.45833333333334,47.8875
2025-12-30,29.35,11.8,20.146666666666665,53.78225884166667,0.0,3.298499798435488,-0.7244990549649297,11.679213,0,-2.4492935982947064e-16,1.0,43.125,42.125,43.7125,42.97916666666666,16.2625,10.808333333333332,119.91666666666669,113.04166666666669,147.375,56.575
